geo,time,population,price_index,promo_flag,holiday_flag,temperature_c,consumer_climate_index,competitor_spend_proxy_eur,organic_search_clicks,social_organic_reach,distribution_points,assortment_breadth_skus,revenue_eur,app_installs
Region_01,2021-01-04,4048092.244880707,100.50353216409063,0,0,0.9069372218466489,0.4577513702507735,8921.080839920169,691.4643535091217,10196.080617480497,10.0,3000,314731.96608358197,8698.420280421127
Region_01,2021-01-11,4048092.244880707,100.61278880982816,0,0,1.4176534428498662,0.17559902362477464,8559.24179611268,780.2490416408027,10190.37497065882,10.0,3002,346271.4632083527,8860.52604588573
Region_01,2021-01-18,4048092.244880707,100.97460976483075,0,0,0.024504008249489395,-0.33391348399571374,10458.542605762921,721.6402299336014,10344.42082889865,10.0,3004,355704.1905131448,9580.583025772892
Region_01,2021-01-25,4048092.244880707,100.50912028747251,0,0,1.154903771299882,-0.5813836401416488,9622.19363610595,701.5976522822067,9425.598292526149,10.0,3006,378969.1322281729,8733.412972043909
Region_01,2021-02-01,4048092.244880707,100.87715726828459,0,0,1.6437641150615294,-1.0721548152527083,8639.63385771946,859.1906589176535,8832.710531940116,10.0,3008,347230.5942835873,8474.838236098443
Region_01,2021-02-08,4048092.244880707,100.09151611745433,0,0,4.611107267309381,-0.46136218792269046,9484.447863057298,657.9819876807273,11648.885102342827,10.0,3010,339355.72852659633,9158.440431281098
Region_01,2021-02-15,4048092.244880707,100.31049380516875,1,0,6.108171905910056,-0.34951917583397146,9003.770933835334,774.0201966618464,9946.556083255728,10.0,3012,356537.879625874,9433.721651790038
Region_01,2021-02-22,4048092.244880707,100.59816095913472,0,0,4.052447021197716,0.08199370736869016,10168.989011263877,740.3397022778553,9352.157096820349,10.0,3014,354599.0578093535,9725.23878570938
Region_01,2021-03-01,4048092.244880707,99.80266407173467,0,0,5.047157211941795,0.5274351774785466,9511.009530263746,782.6726669117455,9031.511595245067,10.0,3016,358522.42294812866,8552.211575571962
Region_01,2021-03-08,4048092.244880707,100.7877138665222,0,0,6.6254239046901935,0.701583993060443,8308.676591506859,810.0602726821228,7801.410054932101,10.0,3018,329396.61405179003,8871.890377126416
Region_01,2021-03-15,4048092.244880707,100.2020064760675,0,0,6.404367003553271,0.8770167963283387,8700.16911912533,748.3042900943066,7830.673293371214,10.0,3020,347351.0143446426,8792.464785959666
Region_01,2021-03-22,4048092.244880707,100.74030997614727,0,0,7.691544303385909,0.6556679547305039,8779.36224510715,727.9064010316358,8327.950061358797,10.0,3022,355264.4638012393,9658.072620270712
Region_01,2021-03-29,4048092.244880707,100.47332716559235,0,0,10.313285608169846,0.6298705803625554,9827.211784636536,672.6464876185148,8128.739882565712,10.0,3024,310391.07567926164,9249.718297589716
Region_01,2021-04-05,4048092.244880707,100.63653709313685,0,0,10.367719584859254,0.444843353832765,9833.649183139241,688.0652022475234,7688.3434382438945,10.0,3026,367445.87413457414,8966.329898122298
Region_01,2021-04-12,4048092.244880707,100.30378191665567,0,0,10.859799792008438,0.4579096908116922,8269.386688616969,544.8513781418665,8566.805532639293,10.0,3028,339229.13533948554,9258.77211974258
Region_01,2021-04-19,4048092.244880707,101.58369200952102,1,0,11.07958400761857,0.24369892368932655,9067.265783360517,690.2733893816717,9260.110386471988,10.0,3030,373866.02095946064,8824.128361788082
Region_01,2021-04-26,4048092.244880707,102.1164597215031,0,0,15.064030687193668,0.6316385854451461,9739.47416525637,770.2192746868074,8771.182831690177,10.0,3032,341773.58671090653,8877.175908228253
Region_01,2021-05-03,4048092.244880707,103.04814056187536,0,0,12.821025971488982,0.8657265093626582,10908.29710538848,745.3829829835332,7583.663179978443,10.0,3034,337038.4226560854,8936.132423306484
Region_01,2021-05-10,4048092.244880707,103.45478096482006,0,0,14.748995309723561,0.8331363202459532,9658.198238279052,702.4125593898032,7504.861014867636,10.0,3036,338946.7862597557,8712.788007811467
Region_01,2021-05-17,4048092.244880707,103.81730608439736,0,0,13.780525302211881,0.3213802082412959,12329.465373911054,545.9064945825869,7177.76383288607,10.0,3038,344260.2086309333,8803.562952401584
Region_01,2021-05-24,4048092.244880707,103.90114047441855,0,0,15.120084438440557,0.5310701193610561,9351.339265499186,643.8110115567102,9006.566392696013,10.0,3040,355305.98244559026,9085.481690769037
Region_01,2021-05-31,4048092.244880707,103.78604667463277,0,0,16.748147867503743,0.8018625261058872,10354.28064575657,579.2405815986808,8313.030879942171,10.0,3042,335390.27910531906,9017.453869953639
Region_01,2021-06-07,4048092.244880707,104.10496823456522,0,0,16.515060545848744,0.780951364009783,8890.47284701351,578.177807931306,7939.162040168103,10.0,3044,320922.42334677,9565.511412345571
Region_01,2021-06-14,4048092.244880707,104.19505032429734,0,0,18.302078162537892,0.39485216998106026,8076.911932594495,696.1772687980337,8150.7365840589455,10.0,3046,328073.5674592843,9299.282419082328
Region_01,2021-06-21,4048092.244880707,104.12575569697357,0,0,17.89210934613331,0.5272987123162591,9460.313498104824,569.5625536576786,8695.569939587169,10.0,3048,323224.91762070346,8889.799682663694
Region_01,2021-06-28,4048092.244880707,103.42943750631014,0,0,15.892339039752716,0.8489351570792806,9985.8539610761,678.5499568741516,9349.184394672884,10.0,3050,353642.11615550646,8037.0175046035265
Region_01,2021-07-05,4048092.244880707,103.28129574805853,0,0,14.564598494637046,0.26198114880564816,9760.054971952912,604.4240829403409,8452.912660382462,10.0,3052,324092.361607235,8307.26695362496
Region_01,2021-07-12,4048092.244880707,103.60014242697035,0,0,19.455376138079643,0.43536782206773716,9513.133864337622,629.9663971893518,7586.759246947484,10.0,3054,366915.21298231283,8706.74354546113
Region_01,2021-07-19,4048092.244880707,103.36853702280274,0,0,16.915393876743437,-0.12043920103298544,8882.395197350881,623.935797354547,9861.444120684808,10.0,3056,343056.49586761085,8784.080206734716
Region_01,2021-07-26,4048092.244880707,103.55638257690022,0,0,19.719025616685983,-0.0962800721878441,8281.819324912532,665.4883859212508,7002.192259366935,10.0,3058,337522.2341270133,8341.305691760606
Region_01,2021-08-02,4048092.244880707,103.49354475866356,0,0,17.127101293923033,0.43836855329559843,8922.740442686292,738.2409109826533,8712.828871756401,10.0,3060,363922.77198815206,8789.117747885006
Region_01,2021-08-09,4048092.244880707,102.97542136150663,0,0,15.460887969251468,0.4664517234848507,9964.415186638962,733.8578576786509,8413.002991013142,10.0,3062,335196.4736862136,9000.882499456915
Region_01,2021-08-16,4048092.244880707,102.52290941937225,0,0,16.84595300743069,0.6134233625039622,10686.469338290513,639.6684601969007,8665.577609558453,10.0,3064,336378.6015068775,8661.31278678442
Region_01,2021-08-23,4048092.244880707,102.15396015418496,0,0,14.920541945277638,0.5150092952780158,5807.99338991337,664.669910611796,8939.352151428706,10.0,3066,355471.02819920395,8874.686678828519
Region_01,2021-08-30,4048092.244880707,102.01596498402104,0,0,14.584958644633502,0.5129510566780268,10168.483967062559,671.5741382619644,9552.387287229489,10.0,3068,354664.64347916405,8894.109624096274
Region_01,2021-09-06,4048092.244880707,101.89288368373417,0,0,12.347223271213716,1.2321284773011103,10883.394985735613,678.8279225774709,7840.628241641738,10.0,3070,325384.9608786447,8628.398966712897
Region_01,2021-09-13,4048092.244880707,102.47704463526537,0,0,13.814394486937445,1.6402957363240602,11169.74625821522,866.7022509653518,6347.123436926894,10.0,3072,386584.44910986896,8561.20241277649
Region_01,2021-09-20,4048092.244880707,101.93206782875768,0,0,13.576774216954629,1.5441411331821018,9842.141569406836,719.93877576159,9314.517543858274,10.0,3074,352738.6266500189,8885.13987895596
Region_01,2021-09-27,4048092.244880707,100.8958676586701,0,0,10.198529614494975,1.427580143435624,10257.011662888386,653.3361593864046,7367.922131794875,11.0,3076,322129.3567234369,9038.820196653305
Region_01,2021-10-04,4048092.244880707,101.2587224314015,0,0,12.693232260513746,1.433142457778064,8739.529297943342,628.0717853835062,8153.849804916866,11.0,3078,340059.77760383644,8513.07367619185
Region_01,2021-10-11,4048092.244880707,101.03680824374072,0,0,8.204492229945304,2.1044472291527594,9198.856043970545,753.0760083129796,10291.008508503442,11.0,3080,360433.6548712217,8120.0012298102965
Region_01,2021-10-18,4048092.244880707,100.98763453639292,0,0,8.479927210399643,2.168345793299385,10047.975139031687,628.2897369166861,7814.794094756464,11.0,3082,346944.14241761836,8527.232061533345
Region_01,2021-10-25,4048092.244880707,102.30637167819513,0,0,4.733585516495724,2.5087118026325013,7958.657211360962,812.5980502662394,7123.449182760464,11.0,3084,357824.940998927,9159.421746618722
Region_01,2021-11-01,4048092.244880707,103.06894394268615,0,0,3.4217656395510927,2.39733924774409,8315.307186284055,781.5653539325259,9883.872081686306,11.0,3086,386683.50541529094,8333.082035509104
Region_01,2021-11-08,4048092.244880707,103.38342633069081,0,0,8.62483040088544,2.008073145779452,9583.405894565429,693.4346672357185,10429.222256526049,11.0,3088,358671.809940539,9375.52822515964
Region_01,2021-11-15,4048092.244880707,103.8812113937211,0,1,6.849626269326527,2.4130479081098364,7690.72875618755,711.2780005357288,10238.39839300024,11.0,3090,406101.50646409777,8722.287047026652
Region_01,2021-11-22,4048092.244880707,103.95542995613022,0,1,5.752319343169889,2.389702423517943,9386.485265181504,861.5249755270816,11176.804034965457,11.0,3092,380718.15484550514,9042.961666875754
Region_01,2021-11-29,4048092.244880707,104.45994678298015,0,1,0.8933492609869802,2.149941024234503,7526.5245114989875,818.0150520811022,9912.53062298606,11.0,3094,355685.1469803621,8687.259045803914
Region_01,2021-12-06,4048092.244880707,104.16015875971496,0,1,3.2754736914802582,1.9381326878015188,9580.348783939642,748.692572426312,9617.00305678577,11.0,3096,395764.58947153995,9239.587052621357
Region_01,2021-12-13,4048092.244880707,103.80847377141457,0,1,3.1689842266113137,1.732909600579699,9353.181336038988,833.9664215244054,10837.225560079214,11.0,3098,356167.92262340954,9055.667686120163
Region_01,2021-12-20,4048092.244880707,103.58262173332042,0,1,2.3716634684456075,1.5473676478331573,8592.345990385702,889.1569520787311,9027.000842061874,11.0,3100,386467.48195830255,9190.086048256657
Region_01,2021-12-27,4048092.244880707,104.4062958126017,0,0,2.5241828813890788,1.076537315292177,8135.921213800666,816.0759786204031,8250.476795365632,11.0,3102,354212.01489611296,8230.280752315657
Region_01,2022-01-03,4048092.244880707,105.2184540133956,0,0,0.643628882122991,1.4437326426224337,8660.830280898388,849.1358718585493,9403.871401513454,11.0,3104,327930.9906345674,9318.502459584197
Region_01,2022-01-10,4048092.244880707,104.92177362995243,0,0,1.8381530140196425,1.5605828455796393,6751.299245205897,852.4675382896519,9453.9770228099,11.0,3106,330796.95744777936,8320.615968309534
Region_01,2022-01-17,4048092.244880707,105.53161529661031,0,0,0.5447614123433191,1.8586249523978504,8798.968250296086,768.4732060505188,9412.92887725047,11.0,3108,339116.48477933236,8876.326204820005
Region_01,2022-01-24,4048092.244880707,105.46441499801134,0,0,2.0160501235135175,1.7534586747673406,9475.307425375302,684.7700835468656,8571.364195009035,11.0,3110,348742.90546766325,9228.82558956389
Region_01,2022-01-31,4048092.244880707,106.030130290866,0,0,3.4924191568208505,1.8594653575191638,11077.15714301751,692.6166585754825,8959.30051602765,11.0,3112,364663.3168353849,8917.510494058954
Region_01,2022-02-07,4048092.244880707,105.8821478675853,0,0,2.263486867921303,1.910517458769639,8658.5839679692,888.9928167012166,8790.903292589475,11.0,3114,343621.8657017534,9246.00762706379
Region_01,2022-02-14,4048092.244880707,106.38767874900826,1,0,3.615891998386871,2.2693907728944165,9084.064897236101,934.1539045224182,9010.35316978987,11.0,3116,392106.46736100153,9073.068388570067
Region_01,2022-02-21,4048092.244880707,106.34600444554953,0,0,4.068140661762865,2.518355091879584,11375.08087694619,842.1877836713738,8650.483093975596,11.0,3118,356543.79049496574,9023.179107926282
Region_01,2022-02-28,4048092.244880707,106.21442232380174,1,0,5.496453795701785,2.627898399177814,11957.14829044531,889.2455252620379,7590.3889994964175,11.0,3120,345257.2847439508,8649.163463379058
Region_01,2022-03-07,4048092.244880707,106.21879435470181,0,0,7.679474513534615,2.429557049569308,8684.784798333474,794.2465912665141,9003.666173139734,11.0,3122,330388.31914570293,9397.637585266451
Region_01,2022-03-14,4048092.244880707,106.31595965151102,0,0,7.535315360978771,2.062616745897448,10829.734669281472,700.2587787079453,7719.0226188605875,11.0,3124,342462.8484398364,9480.466174921472
Region_01,2022-03-21,4048092.244880707,106.03391163720131,0,0,8.695291939455062,1.8183508261044707,11031.907160687802,825.6362791816224,9495.477495365714,11.0,3126,332718.1635213527,8761.47996231722
Region_01,2022-03-28,4048092.244880707,105.3483918842632,0,0,6.896034310257157,1.6247981441961967,10032.727791653846,595.7018696270932,6971.1961962262785,11.0,3128,339409.23943671223,8588.474605951054
Region_01,2022-04-04,4048092.244880707,106.23409476931317,0,0,9.474093797948164,1.4602689183558053,8083.664934915618,700.2909569739702,8833.160708006744,11.0,3130,353516.7338632257,9027.94972407911
Region_01,2022-04-11,4048092.244880707,106.04896046875741,0,0,12.206992149079072,1.0827206145495611,8135.754811747272,702.1936607208195,7930.403742493611,11.0,3132,344567.2241945554,8627.146240462207
Region_01,2022-04-18,4048092.244880707,105.13331769263007,0,0,10.642022856368218,1.5896800922120908,10121.623212844448,629.8610451661146,7444.5714770334125,11.0,3134,357420.39475194144,8978.248987131474
Region_01,2022-04-25,4048092.244880707,103.98594299359782,1,0,12.204574517509263,1.6720363390699784,13028.777415845434,659.7883501631517,6777.969294634775,11.0,3136,343931.45985320373,9273.782130356443
Region_01,2022-05-02,4048092.244880707,102.56445870848837,0,0,12.282705622517602,1.0565561067247895,9078.457370724725,701.4229158688721,7124.973971197865,11.0,3138,327735.86265090667,9213.435473049023
Region_01,2022-05-09,4048092.244880707,102.26713741516001,0,0,16.559520592243086,0.7232335471160425,11672.04547800166,720.7599679150898,8670.684608135967,11.0,3140,319404.03276701755,9582.777598491994
Region_01,2022-05-16,4048092.244880707,102.98205067475763,0,0,14.64370962763465,0.3142093205627066,12233.99838065709,711.977764074592,7470.004787466484,11.0,3142,313079.438939631,9148.394715101866
Region_01,2022-05-23,4048092.244880707,102.16134120295258,0,0,14.911704289542516,0.38700507063737344,7783.733539839517,657.7045346624797,7568.816926201102,11.0,3144,334724.6947091035,8490.941442626849
Region_01,2022-05-30,4048092.244880707,102.01406445792043,0,0,17.5248078414958,0.712423121605639,8546.210100260214,693.4721297870132,7474.996798016378,11.0,3146,343944.45437331556,8569.038385244861
Region_01,2022-06-06,4048092.244880707,101.08850264540195,0,0,18.746340373585042,0.41150136502618984,11576.035551314671,660.2783169883428,8378.609674564526,11.0,3148,340091.6626603334,9159.691997118516
Region_01,2022-06-13,4048092.244880707,101.67287460630655,0,0,18.23593653442873,0.6003425739973351,10719.616393498196,688.082299637107,7497.841605945564,11.0,3150,343311.04920978204,9789.65123652664
Region_01,2022-06-20,4048092.244880707,101.87860703126627,0,0,19.253454182865113,0.5160636233138465,10080.862648172355,605.942531121448,5970.354714110477,11.0,3152,378851.64688812685,8750.356753475467
Region_01,2022-06-27,4048092.244880707,102.06266282515159,0,0,18.27307861394202,0.8665847031083009,9300.047891582302,677.7648133092747,6974.42131530778,11.0,3154,324678.5488965726,8555.36393544047
Region_01,2022-07-04,4048092.244880707,102.77476349661072,0,0,17.821669947488044,1.2829986028536526,10199.318378416547,696.537851941875,6057.337310895645,11.0,3156,337500.51421364525,9523.131536524123
Region_01,2022-07-11,4048092.244880707,103.63868111652317,0,0,17.296299491459393,1.377838624601926,8506.178612518486,757.6761862854781,5781.333047559856,11.0,3158,333111.2502263665,8858.61881713835
Region_01,2022-07-18,4048092.244880707,104.18673790355871,0,0,17.020346460869266,1.5967818111071743,13355.012539063357,778.0368595520936,7322.900173208108,11.0,3160,326125.0513877532,9212.633502819343
Region_01,2022-07-25,4048092.244880707,103.90842282917488,0,0,16.599793093981006,1.5958562025300196,7891.429207174367,596.8910957142625,8457.012986181264,11.0,3162,365633.04694442387,9396.059702154465
Region_01,2022-08-01,4048092.244880707,103.24668362761108,0,0,17.648346703600915,1.481993696418388,7192.62115360508,637.6281193899536,7629.9480493778,11.0,3164,341143.03507630876,8500.099627559754
Region_01,2022-08-08,4048092.244880707,102.7292987505316,0,0,16.428000069191853,1.1275752669836654,9517.132824614617,690.9345190200074,6578.379244526639,11.0,3166,363908.3390345572,8752.90566035433
Region_01,2022-08-15,4048092.244880707,101.8478587697105,0,0,16.131864241786936,1.227217052084047,11467.984003780532,675.0502797423819,7050.844357834379,11.0,3168,323893.6857740489,8675.239164112978
Region_01,2022-08-22,4048092.244880707,102.79524023291327,1,0,16.225033708877174,1.20582347012573,8678.585273827506,705.3520289615074,8230.926517578271,11.0,3170,393438.25764640426,9175.569639838923
Region_01,2022-08-29,4048092.244880707,102.71688531888243,0,0,14.476074610230826,1.0888705651604818,9243.685696836887,718.1547749276747,7716.44483329261,11.0,3172,383831.49206654844,9207.786262034766
Region_01,2022-09-05,4048092.244880707,102.80275579291902,0,0,11.67878870397125,1.0656317300324927,8041.727916484565,716.5694071084415,6992.574384867426,11.0,3174,327983.99893151165,8723.663773235872
Region_01,2022-09-12,4048092.244880707,102.9234035119338,0,0,11.663816386034926,1.0091655608412171,9216.617484286404,644.4818260110865,7662.378003351437,11.0,3176,342144.81496027886,9154.613516902538
Region_01,2022-09-19,4048092.244880707,103.98111465877875,0,0,10.250341432938411,0.6930589866852659,8046.995662812314,593.3971187298314,7092.044509618914,11.0,3178,339411.2153528708,8228.637562990421
Region_01,2022-09-26,4048092.244880707,103.7116351589818,0,0,8.119940344620602,0.5322922513586215,8063.114771878075,738.5769875071321,7514.587173348873,11.0,3180,351434.21256102266,9077.703664444507
Region_01,2022-10-03,4048092.244880707,104.33960921953015,0,0,10.168489286682137,0.8800283620266011,7535.027640433185,776.3030635664928,8154.8502432911955,11.0,3182,320413.8744484283,9106.34977162521
Region_01,2022-10-10,4048092.244880707,104.51587115112815,0,0,7.251391520660379,0.8090831239024879,8608.256091161385,749.0587342663733,7715.523045601927,11.0,3184,349157.4362817255,8936.797764776384
Region_01,2022-10-17,4048092.244880707,104.45784350470592,1,0,6.175175628721133,1.233960432106816,12180.449147222556,716.748883070147,7608.622421038683,11.0,3186,369705.62243150664,8340.85931631112
Region_01,2022-10-24,4048092.244880707,103.49140466694783,1,0,5.5607616582853385,0.8828814492995368,9237.269743545716,705.4266223441989,9973.171835989928,11.0,3188,346755.2441563244,8898.462540711036
Region_01,2022-10-31,4048092.244880707,103.98450228858253,0,0,7.601276259288115,0.4707935125956389,9577.453386772177,795.3607099747398,8051.264681164063,11.0,3190,305459.40077851363,8524.285967645183
Region_01,2022-11-07,4048092.244880707,103.62228751524958,0,0,5.000525319456489,0.5095537748999125,12852.116107625641,718.209610936037,10047.839601394768,11.0,3192,330973.69535041717,9585.923913502545
Region_01,2022-11-14,4048092.244880707,103.40665826677619,0,1,6.202583539247756,0.7455944129919687,8502.34646405576,762.4466886502717,8515.622436865156,11.0,3194,360669.9684630167,8850.14847390293
Region_01,2022-11-21,4048092.244880707,103.54338308282469,1,1,3.8876478418922664,0.5459688878865019,8068.00470962064,786.5248378923624,9899.674179191852,11.0,3196,398377.42819119984,8902.954873897024
Region_01,2022-11-28,4048092.244880707,103.6128756769383,0,1,2.773160292607291,0.7361174233380687,10042.682034510088,689.8454473341181,9805.327990639958,11.0,3198,357223.80502351286,8952.555537517277
Region_01,2022-12-05,4048092.244880707,104.21182998880137,0,1,3.7730258858807764,1.0199925433921906,7800.722118205552,821.4410199824514,8589.542624426731,11.0,3200,347787.5881608614,9244.174203350585
Region_01,2022-12-12,4048092.244880707,103.88765367918542,0,1,3.4235254148457237,1.3463530101333279,9772.46013320915,844.1637481070579,11663.662567662011,11.0,3202,381156.2141349897,9057.27576481447
Region_01,2022-12-19,4048092.244880707,103.99309298826803,0,1,2.414333457392698,1.3126036146498896,11003.337600514187,820.4666791063066,10799.316307166897,11.0,3204,376471.784708781,9268.901224556732
Region_01,2022-12-26,4048092.244880707,104.15727908742403,0,0,0.5142285106027065,1.2969673108237076,7972.164048526717,829.565005638853,7934.604877576603,11.0,3206,357097.83543442225,8636.554214599622
Region_01,2023-01-02,4048092.244880707,104.19170384722204,0,0,1.3243138190512378,0.7950882270598251,8641.158793046436,596.2174947061195,9131.987143038796,11.0,3208,344095.5714287983,9486.173459858906
Region_01,2023-01-09,4048092.244880707,104.56272130188174,0,0,0.2968097614695808,0.8020755002004976,11897.68665092817,914.7262366544859,8976.430585849881,11.0,3210,362616.5279928852,8833.729888835647
Region_01,2023-01-16,4048092.244880707,104.45304051161533,0,0,1.8543451846087016,0.8874058518229022,7995.650383192933,818.6719121311901,6498.15123278484,11.0,3212,352158.2207005266,9356.465024808103
Region_01,2023-01-23,4048092.244880707,105.0945257758792,0,0,2.6681220002140633,1.3168535451613836,8443.816567652602,857.5717553292307,9222.891275828008,11.0,3214,313838.1014565848,9120.893787840305
Region_01,2023-01-30,4048092.244880707,104.75050971819388,0,0,5.146441700890433,0.9304575001205619,9639.728239801805,927.3100830622479,8444.494098999108,11.0,3216,346598.1700194026,9472.738146830005
Region_01,2023-02-06,4048092.244880707,104.03110838493376,0,0,5.540847562238469,0.67323213031071,8899.80895355369,821.8668469593835,9089.173211646783,11.0,3218,357369.88756210945,8982.651028294596
Region_01,2023-02-13,4048092.244880707,104.0313853914472,0,0,5.033962135760382,0.36893272584929837,8237.773981695636,853.810169914583,7559.495283875206,11.0,3220,343419.83748347516,8375.716367830439
Region_01,2023-02-20,4048092.244880707,104.66042665358306,0,0,6.132373040020816,0.6418699023889005,11730.9430953585,905.4219459517911,8009.935506740995,11.0,3222,369100.53207881807,8538.661869984686
Region_01,2023-02-27,4048092.244880707,104.4163242580355,0,0,5.807483242221709,-0.1265555887889327,8565.532310590199,881.2395628419977,7612.346202912736,11.0,3224,334850.85901866347,8899.78196847134
Region_01,2023-03-06,4048092.244880707,104.11458136669667,0,0,10.442595397302203,-0.4553580546343156,9770.557801092733,793.6277286040729,8476.005027208254,11.0,3226,354953.346981098,9598.274747724687
Region_01,2023-03-13,4048092.244880707,103.95784549279037,0,0,9.458805654523701,0.17076237737928596,8778.49501162968,749.3404553670349,6960.913841406338,11.0,3228,321772.41003065836,8784.589391044066
Region_01,2023-03-20,4048092.244880707,104.06407266218915,0,0,12.05712182055051,0.3701525333907898,9010.989581967026,755.8994211083825,6757.7397100141125,11.0,3230,342111.90135854145,8979.042342115074
Region_01,2023-03-27,4048092.244880707,103.99507950963249,0,0,9.613308789809317,-0.03340708588513552,7640.857797904214,858.9718977355469,8526.361393782761,11.0,3232,334023.98783661344,9557.17750145362
Region_01,2023-04-03,4048092.244880707,104.17641218734798,0,0,10.624502433194321,-0.05160554014114266,10646.268341430829,717.9672494701756,6026.842353708636,11.0,3234,324583.12993040506,8687.620038644025
Region_01,2023-04-10,4048092.244880707,103.31320994099751,0,0,12.547195053494136,0.2053535144501229,8754.5636819434,760.9196586764584,7145.737266150901,11.0,3236,321159.37830147176,9087.449479692157
Region_01,2023-04-17,4048092.244880707,104.10598946865663,0,0,12.202549487376846,0.3725141693348687,11195.743365737471,653.4590021037786,5421.470316567332,11.0,3238,344909.8938573595,9046.550153509515
Region_01,2023-04-24,4048092.244880707,104.42722685801229,0,0,13.307702150579164,0.3053206979223122,7874.286783097004,733.5079873549064,8414.507251702506,11.0,3240,348915.5954308591,8690.662570263392
Region_01,2023-05-01,4048092.244880707,104.00561522639384,1,0,12.242666068652806,0.06482257107794379,8686.397606642797,691.4124228719443,7341.217303714761,11.0,3242,345361.7283623978,9024.470084909728
Region_01,2023-05-08,4048092.244880707,104.73323646381766,0,0,15.958042030747684,0.3173984655822266,9979.996100839397,795.0044495316274,7770.326755180502,11.0,3244,320842.68897958,9377.62330701436
Region_01,2023-05-15,4048092.244880707,104.9863014161827,0,0,15.512232180913552,0.31547279098884745,9463.443025033039,751.4215992965858,7759.36984656779,11.0,3246,326773.3477553615,9406.81238963562
Region_01,2023-05-22,4048092.244880707,105.76520034871612,0,0,17.205254316777168,0.5611667062334205,8472.62431813595,780.8035645574095,6424.943155205235,11.0,3248,353409.1947141885,8790.156353158989
Region_01,2023-05-29,4048092.244880707,105.18113289679665,0,0,16.25693754430816,0.681739905003249,9133.086383814034,690.5237062467818,7520.2722654802865,11.0,3250,320595.66926382564,10214.537773717542
Region_01,2023-06-05,4048092.244880707,106.0564601084712,0,0,14.424584654566742,0.5401594890203072,7724.234946010744,665.4760825295904,7179.146522693404,11.0,3252,359969.2920363454,9075.331168013357
Region_01,2023-06-12,4048092.244880707,106.10148789712838,0,0,18.23494520898501,0.977464578882522,9388.354940206984,786.8478373414007,6744.095719889346,11.0,3254,313302.415481982,8829.989659172626
Region_01,2023-06-19,4048092.244880707,105.06387746370247,0,0,19.51726077921201,0.8261959054794383,6353.761967441511,714.073873181075,6977.936075294175,11.0,3256,345519.17083890684,8636.002069820403
Region_01,2023-06-26,4048092.244880707,105.47286064907277,0,0,16.025711065678628,0.9568970434209665,9549.518728520503,683.7017375450139,7763.970230803946,11.0,3258,351557.9136577789,8503.624912095405
Region_01,2023-07-03,4048092.244880707,105.33893828680569,1,0,16.54734005503181,0.7650616826902195,11328.18187245103,792.4826110106118,6912.359088891033,11.0,3260,378350.85564297735,9292.609968217075
Region_01,2023-07-10,4048092.244880707,104.8387842972593,0,0,17.492677993230622,0.69522523541634,10596.358704461663,776.0555992651447,7234.672590854011,11.0,3262,334116.9306413443,7804.520858281734
Region_01,2023-07-17,4048092.244880707,104.74949194998109,0,0,17.399240954235683,0.6195135113734029,10531.98366742794,741.0697116320257,6339.534570650703,11.0,3264,328692.48847668327,8895.55232997716
Region_01,2023-07-24,4048092.244880707,103.77106330197714,0,0,14.933084604696202,0.4190609963661034,8766.563422734842,648.5503665232106,6465.881688312375,11.0,3266,317833.5833207933,8362.07816702947
Region_01,2023-07-31,4048092.244880707,104.09309881759648,0,0,19.718551181371645,0.4911622050620117,9997.167320717697,788.7534388700329,7599.941560396184,11.0,3268,358172.1653211218,8881.23116836983
Region_01,2023-08-07,4048092.244880707,104.00324305773577,0,0,18.101334342313933,0.8882985773510761,8788.863514315453,740.8702043207886,6833.424495996832,11.0,3270,339675.29215157154,8922.446699024842
Region_01,2023-08-14,4048092.244880707,103.8855805837261,0,0,15.065533927125301,1.45181585987536,9193.158071028918,775.5626689640181,6361.582682060035,11.0,3272,334934.24550696777,8429.338536690697
Region_01,2023-08-21,4048092.244880707,104.63515278504953,0,0,12.589400089707045,1.8868959906458245,9180.327605567842,732.1374892785739,6953.486365986982,12.0,3274,335319.61378513824,8554.97258680849
Region_01,2023-08-28,4048092.244880707,104.67461325138393,0,0,15.089201134329482,1.8346955184605307,5729.122022985561,749.354419062965,6147.2383324708,12.0,3276,345325.2002335008,9438.237229101245
Region_01,2023-09-04,4048092.244880707,104.35567291653479,0,0,16.693958743819866,2.276181265012456,10643.884628517562,619.8922224850132,7078.841295786846,12.0,3278,342289.3593005579,8688.43614549576
Region_01,2023-09-11,4048092.244880707,103.88747761988377,0,0,14.079876514050149,2.40313683919971,9946.763225919307,743.4482140281137,7560.761538966283,12.0,3280,363772.2908079387,8940.61012429762
Region_01,2023-09-18,4048092.244880707,103.87743733512207,0,0,13.646596669120193,2.9475353105451787,10518.25771497408,720.2964192634197,6405.916115304498,12.0,3282,307594.55285895045,8787.573079175723
Region_01,2023-09-25,4048092.244880707,104.44698135231754,0,0,9.55313742774137,2.566139256677992,8119.686091866566,688.0203676158391,6699.448674635236,12.0,3284,356622.12971816224,9271.56984524912
Region_01,2023-10-02,4048092.244880707,104.1689176716161,0,0,10.349312485083514,3.015100889872662,10294.902132030033,733.6183049730218,6749.857145043286,12.0,3286,333287.1599519084,9456.937900463656
Region_01,2023-10-09,4048092.244880707,103.65578754454708,0,0,6.786639883448944,2.833877747889544,9984.55246322862,682.6698411514863,7204.423434036014,12.0,3288,341504.25117368187,9328.185893251048
Region_01,2023-10-16,4048092.244880707,104.1522003669094,0,0,11.053452239267894,3.1843014322336685,6747.240344544098,721.969170489291,6390.081809280126,12.0,3290,337035.62240029016,9158.312276336486
Region_01,2023-10-23,4048092.244880707,104.20420786430276,0,0,8.017659992438254,3.043236360966972,7220.744712517476,625.5836540869245,7449.391272396782,12.0,3292,340987.51369099505,9169.793147352557
Region_01,2023-10-30,4048092.244880707,104.21246438088082,0,0,3.124727714409843,3.3195427230254158,9384.731951802569,764.4870122084403,7020.225685501402,12.0,3294,356439.3900485873,8463.335053048739
Region_01,2023-11-06,4048092.244880707,105.30760657430812,0,0,2.6840088962759876,3.23435822786918,8462.664951459396,880.6466141124405,9147.127799192316,12.0,3296,347477.0845633765,9560.996775656615
Region_01,2023-11-13,4048092.244880707,104.7039202513278,0,1,5.414299600934008,2.6654938688088436,9291.745456218323,1001.0177794560583,8759.7550392084,12.0,3298,343618.43352474394,8779.645375449512
Region_01,2023-11-20,4048092.244880707,104.82776298377978,1,1,4.2183478039206355,2.372598633182496,8492.225379275866,880.4104565655823,9215.19453232822,12.0,3300,382810.31146430696,8650.00886838699
Region_01,2023-11-27,4048092.244880707,103.93485887257239,0,1,2.9496812541486976,2.29971514701031,11559.421377156863,772.6410373647359,9985.276876552549,12.0,3302,367674.58638624114,8858.47603065058
Region_01,2023-12-04,4048092.244880707,103.80150781778435,0,1,3.839498334778555,2.307041870391254,7079.705220091378,840.4312177727702,8850.422302876725,12.0,3304,376655.9159260027,8689.292196799739
Region_01,2023-12-11,4048092.244880707,104.12531514818848,0,1,5.530547573976104,1.6296223535026537,7650.155377417047,691.1589605308109,8823.120167123863,12.0,3306,369723.3678180795,9188.416809434631
Region_01,2023-12-18,4048092.244880707,104.7259548205675,0,1,2.7809338736319518,1.267189052559877,8089.264505021163,887.5718371223379,7953.505345914486,12.0,3308,367393.41034828837,9335.045607093218
Region_01,2023-12-25,4048092.244880707,104.09285747502943,0,0,-0.6479974370374406,1.0460298492213795,7647.472108036853,816.4097454373814,8159.453576666706,12.0,3310,362511.7276951052,9576.469514385819
Region_02,2021-01-04,4839226.771363337,100.45137180437358,1,0,1.760629237946368,-0.06398414610770586,10242.201775318275,1343.4220909697003,8345.64758079446,12.0,3000,400596.37335238134,10457.518385818743
Region_02,2021-01-11,4839226.771363337,100.87576007549681,0,0,0.09063693006004714,0.0028116714911577273,11084.985172257984,1327.3176376665115,10458.040430651126,12.0,3002,457433.22210772656,10294.496885975532
Region_02,2021-01-18,4839226.771363337,100.8332941263274,0,0,1.0248391787019113,-0.24541221890585013,9174.749728080467,1207.3942451850046,12526.066175292312,12.0,3004,399579.3466937563,10483.478775618434
Region_02,2021-01-25,4839226.771363337,102.12153424488886,0,0,3.0060765387511474,-0.7042078202659913,11736.90250116073,1131.660031724316,9927.498098623393,12.0,3006,388384.6487829752,10028.266530479063
Region_02,2021-02-01,4839226.771363337,102.14296412188345,0,0,2.6579866032969495,-0.6127065939619787,13459.418101766212,1337.9694700115542,9308.2014868659,12.0,3008,425820.4592753652,10267.598222716897
Region_02,2021-02-08,4839226.771363337,101.71048329577943,0,0,1.8155318141273273,-0.7130547844263426,13042.212130942902,1367.0728460213302,8789.676744811997,12.0,3010,432216.4143347946,11652.694459611906
Region_02,2021-02-15,4839226.771363337,101.95065547147627,0,0,3.96686264614942,-0.44451255082866326,14879.036912307878,1112.3844470831625,10142.787983845948,12.0,3012,435503.68524929835,10217.626180033856
Region_02,2021-02-22,4839226.771363337,101.01296924625635,0,0,3.4651357008872274,-0.6034548311056088,13119.687565678772,1171.896861061247,8045.366881948143,12.0,3014,439721.2940856478,10328.86368034808
Region_02,2021-03-01,4839226.771363337,101.83717495563867,0,0,6.24308193329243,-0.4083973135388196,11087.857665203117,1119.1218308761856,7926.697871651555,12.0,3016,418307.2858322971,10880.018064049824
Region_02,2021-03-08,4839226.771363337,102.36687797993977,1,0,5.910888035322519,-0.6775810271008653,14405.33864850614,1416.5544531616556,8843.121215464767,12.0,3018,425084.7882129834,10714.045519749936
Region_02,2021-03-15,4839226.771363337,102.18217313884912,0,0,7.740963058952951,-0.5965002550246876,12334.260153945323,1338.7008157607506,7317.543746811864,12.0,3020,415839.26825341996,10940.939332134769
Region_02,2021-03-22,4839226.771363337,102.51947798195525,0,0,7.675193466181982,-0.5692198661156299,14604.887881059254,1275.8290932228972,8335.034340124723,12.0,3022,407945.28622574866,10141.247858940626
Region_02,2021-03-29,4839226.771363337,102.81654894680543,0,0,10.148352576470721,-0.43325295238481976,10834.672210465322,941.274291986415,9472.279605528422,12.0,3024,396093.1804145452,10025.103649477653
Region_02,2021-04-05,4839226.771363337,103.8335298589738,0,0,9.785715194336333,-0.715444847128414,8223.601720316756,1078.4992587348024,7815.735918487846,12.0,3026,440196.2186183369,11218.36674594661
Region_02,2021-04-12,4839226.771363337,103.53756800009977,0,0,10.934448668910344,-0.7521910420207133,9413.563730498938,957.2992930711217,8688.332013600333,12.0,3028,445000.9215743603,10211.05343970483
Region_02,2021-04-19,4839226.771363337,102.89397928386362,0,0,11.055491696551483,-1.008523799708604,11435.03380501254,1028.9764197109134,9681.828520532503,12.0,3030,407439.3962574417,10512.27122307874
Region_02,2021-04-26,4839226.771363337,101.86771840223601,0,0,13.037992635990104,-1.0570095001397275,12063.207214214697,1095.4228100837486,7985.509763314549,12.0,3032,402363.3530323508,10619.332524172416
Region_02,2021-05-03,4839226.771363337,101.73660731956694,0,0,11.045365476048449,-0.868963201032227,10818.380350989988,1211.4404193264515,6720.2971014379045,12.0,3034,397200.3433785131,9630.228415249832
Region_02,2021-05-10,4839226.771363337,100.94997189614782,0,0,18.53135528049011,0.032938415216780204,12878.375648700889,1001.8468970572403,6838.342273770249,12.0,3036,374429.88662556227,10383.78255331248
Region_02,2021-05-17,4839226.771363337,100.88150102172546,0,0,14.270518902728764,0.04360601637832753,9440.498271527249,1109.0473067754397,7836.2561605936535,12.0,3038,394513.563561644,10183.262750410851
Region_02,2021-05-24,4839226.771363337,101.1135401338452,0,0,16.122397819941497,0.2597140093475612,10069.91950024638,1004.7349756174513,9092.938609644287,12.0,3040,397865.7945222845,10772.452997392093
Region_02,2021-05-31,4839226.771363337,100.90678691528512,1,0,15.858149630464215,0.29400546762226104,12857.670528574552,946.9766190394259,8074.140097851719,12.0,3042,422872.9731767154,10364.802299408628
Region_02,2021-06-07,4839226.771363337,100.44131787769875,0,0,16.336813385580278,0.6367985885898474,11233.05319363087,992.90292091865,7008.69243172912,12.0,3044,388519.10236914153,9456.399032455376
Region_02,2021-06-14,4839226.771363337,101.07585267569527,1,0,18.068015937806752,0.7766012329172679,11305.88491152473,1007.8697011457605,7249.865579507708,12.0,3046,384111.52433389315,10873.640359482484
Region_02,2021-06-21,4839226.771363337,100.99373174723695,0,0,16.985450312173143,1.0924402498722623,13665.046660688387,1009.3191899420804,7214.156255981622,12.0,3048,421299.0066757442,9296.58242553384
Region_02,2021-06-28,4839226.771363337,101.13418970341279,0,0,17.283131983555197,1.2000606882647897,13063.538035683428,1002.0545762558551,8406.987365664654,12.0,3050,444315.20815900544,10284.001089851192
Region_02,2021-07-05,4839226.771363337,101.64490327887222,0,0,15.916093595397077,1.925147759450137,9942.769547507758,1125.5094653690408,7504.351310971921,12.0,3052,367085.6120714952,10179.248151849893
Region_02,2021-07-12,4839226.771363337,100.99395989874617,0,0,16.53890800719871,2.341453051349059,11481.43987438558,1021.606668579213,7919.894173409942,12.0,3054,406075.5497333343,10206.158150859705
Region_02,2021-07-19,4839226.771363337,100.53994155153991,0,0,15.996093066905843,1.8278334071398852,8722.22830495617,897.2385852975508,8413.307920159801,12.0,3056,426913.28700323956,10504.405592688589
Region_02,2021-07-26,4839226.771363337,101.84663819138669,0,0,20.16441660550144,1.918798534352724,11134.95362693976,1064.2295007202717,7370.730518051511,12.0,3058,385165.7728717989,11004.300450129023
Region_02,2021-08-02,4839226.771363337,101.785941626442,0,0,15.06408524930742,1.9429112568813287,11803.37111133426,1082.3008426931565,7653.413518230223,12.0,3060,379987.83192995767,10085.356285200443
Region_02,2021-08-09,4839226.771363337,101.26999044708842,0,0,14.954941397621779,1.2777445870882693,8684.549415775826,1054.7726845818815,8125.823701495616,12.0,3062,409467.8024710161,10222.712325830988
Region_02,2021-08-16,4839226.771363337,101.15948484827982,0,0,16.25796999378107,1.0184743482614682,13978.31148270856,1151.0633326089592,7738.840293318057,12.0,3064,403609.62010141416,10867.75353414268
Region_02,2021-08-23,4839226.771363337,100.88481447039615,0,0,17.42715504518939,0.8801713659618949,14891.544384394063,889.1749913985551,7798.888103032053,12.0,3066,395759.456053237,10769.62636904049
Region_02,2021-08-30,4839226.771363337,100.27272078044803,0,0,11.984112999300851,0.6592193348407711,11986.657999967143,902.6477814015485,9255.053391433978,13.0,3068,444471.7494290783,10890.357764016188
Region_02,2021-09-06,4839226.771363337,100.08280774106382,0,0,11.374395831963428,0.6990761557338949,12753.396532439321,899.5207222870401,8629.37330783889,13.0,3070,441074.3469620407,10678.852068519576
Region_02,2021-09-13,4839226.771363337,100.09297586519519,0,0,13.003229070112896,0.15849591030502108,13862.25293962766,949.7040846346029,7172.099443895164,13.0,3072,422195.2301168835,10377.898293303786
Region_02,2021-09-20,4839226.771363337,100.10639647747028,1,0,12.399165091434563,0.3845835484417893,10885.163938048028,1020.8706192447919,6917.044264804687,13.0,3074,422745.68974009337,10270.962784257235
Region_02,2021-09-27,4839226.771363337,100.40398106165775,0,0,8.819442491823079,0.6191790488322242,12973.8362227575,1082.647103142327,8243.857512477662,13.0,3076,402759.44898942416,10290.751988686838
Region_02,2021-10-04,4839226.771363337,99.5322182672298,0,0,7.276359115855043,0.726581255973663,11799.693452522062,989.0692297324925,6532.805761539972,13.0,3078,428318.0099868173,10973.30902998466
Region_02,2021-10-11,4839226.771363337,98.78271241330938,0,0,7.571407966730746,0.6281382105579864,8949.323402619359,1147.9900228356132,8020.116528095334,13.0,3080,406378.4383248046,11312.023641873768
Region_02,2021-10-18,4839226.771363337,99.20949390310352,0,0,9.182961409273732,0.6306722077795353,9799.609968154971,1056.9004778104013,9527.901313821736,13.0,3082,442484.1456729148,11562.191550270863
Region_02,2021-10-25,4839226.771363337,99.00201664321136,0,0,7.074581485113751,0.49155450832307424,10287.556912651153,1181.857849537391,9042.70845336909,13.0,3084,437772.7597711534,10060.46251251551
Region_02,2021-11-01,4839226.771363337,99.64875602003883,0,0,7.375634166829944,0.8380867304585942,13032.763144529315,953.9850420385519,9126.556745902886,13.0,3086,398181.8611993727,10428.02959644062
Region_02,2021-11-08,4839226.771363337,99.82578228585467,0,0,5.270226851165626,0.9917755920509819,11326.722554942546,1190.102468495376,8441.741842339989,13.0,3088,427101.3368706258,10576.523831771192
Region_02,2021-11-15,4839226.771363337,99.12055898682179,0,1,4.620267256874086,1.5940707716888336,12877.419409110005,1191.0092279538208,9956.823184450524,13.0,3090,472764.45599800954,10489.277105521896
Region_02,2021-11-22,4839226.771363337,99.41729514266842,1,1,4.906943758182151,1.484574368154524,10431.321813603614,1257.6645083548378,10108.894013515015,13.0,3092,467198.88802500605,10031.126099999408
Region_02,2021-11-29,4839226.771363337,98.91708302640723,0,1,3.212158760779197,1.9233232868755432,9285.816462146915,1221.9492740970568,10944.238683495565,13.0,3094,418164.1892698689,11764.501217393712
Region_02,2021-12-06,4839226.771363337,99.07138750623733,0,1,3.243575917784929,1.7510060454636907,15047.643930060505,1057.0731718457955,13364.073903783683,13.0,3096,432681.6101359221,11413.729969949432
Region_02,2021-12-13,4839226.771363337,99.72457217143744,0,1,1.125447182080837,1.7010446329375255,16553.891354317653,1268.5674788684012,11101.444646518245,13.0,3098,430793.6099441618,10535.01135463937
Region_02,2021-12-20,4839226.771363337,100.83249222134657,0,1,1.305105449093379,1.3879443040908486,11804.533391324463,1323.879600732764,8767.44374492026,13.0,3100,439906.1128245868,10399.959766268237
Region_02,2021-12-27,4839226.771363337,100.81737924018982,0,0,2.7333321727501723,1.5473025880097873,10853.720037966737,1333.9945394409951,8498.269664753578,13.0,3102,412631.2101861802,10608.91689492308
Region_02,2022-01-03,4839226.771363337,101.19706772027162,0,0,1.6120166170024912,1.5309412994300418,13260.135562408106,1204.0147075035663,8658.458520950688,13.0,3104,404281.66118094,10011.77890506026
Region_02,2022-01-10,4839226.771363337,101.37222888708952,0,0,0.9086809390585051,1.7197183073255298,9518.587074663523,1292.8768819054296,9031.623455161784,13.0,3106,429924.0108006432,10430.85328073454
Region_02,2022-01-17,4839226.771363337,101.79978409152311,0,0,3.1900077502413913,2.1704893235152074,10838.345360176978,1626.3143961584947,7799.516640575847,13.0,3108,440537.21957971994,10999.776875139005
Region_02,2022-01-24,4839226.771363337,100.50794769464629,0,0,3.310566990948045,2.155306413136493,9079.600581172872,1281.3206499301461,9235.24551479796,13.0,3110,401692.3522839967,11489.196517337004
Region_02,2022-01-31,4839226.771363337,100.32857126880835,0,0,2.876204402914362,2.2715463978473904,11976.811465371551,1175.296217630602,8119.673198981631,13.0,3112,383218.3497366073,11060.69419839336
Region_02,2022-02-07,4839226.771363337,100.49877289345419,0,0,2.2481648398617797,2.5442005156336545,11576.647338966932,1330.7858419346044,10492.818979221043,13.0,3114,420998.98364361003,11287.803827217811
Region_02,2022-02-14,4839226.771363337,100.76085753611761,1,0,5.3272155761920015,2.5282084963958664,10539.996992180199,974.1669277602243,10371.26699525417,13.0,3116,427442.3232890064,10074.663065618004
Region_02,2022-02-21,4839226.771363337,100.39389962703875,1,0,8.410088271996912,2.3650914103724805,10168.184271301345,1243.8195680698323,8860.72009644781,13.0,3118,436723.95008341386,9091.016047485438
Region_02,2022-02-28,4839226.771363337,100.83882729499376,0,0,4.192066189762391,2.474556384444319,8970.318522147336,1191.582842276825,7661.072740074301,13.0,3120,398145.7626216652,11301.997293680017
Region_02,2022-03-07,4839226.771363337,101.42705682670989,0,0,3.939530873351526,2.6280097791725656,9913.357470027368,1369.085783425022,8895.910897305523,13.0,3122,418461.06481394154,10696.811607117948
Region_02,2022-03-14,4839226.771363337,101.48373993193609,0,0,5.962584929947832,2.8648289406000145,13342.961376523775,1095.539604489517,6947.401178744353,13.0,3124,392799.6886178616,10521.744873859127
Region_02,2022-03-21,4839226.771363337,101.38767252223643,0,0,6.654234298522892,3.117367885262247,10615.926982048342,1155.474479064352,7384.04899400071,13.0,3126,434299.5437684508,11427.356844646209
Region_02,2022-03-28,4839226.771363337,101.22499039301279,0,0,7.107366293383434,2.9179773788962224,13399.854397150657,1065.4122244220907,7216.565467818331,13.0,3128,447691.0542898606,10100.651545641838
Region_02,2022-04-04,4839226.771363337,101.31711949531679,0,0,8.193900978910799,3.053849026319759,9856.17841124102,1197.9637319183716,6935.548232902455,13.0,3130,392778.5292647146,10097.28785688897
Region_02,2022-04-11,4839226.771363337,101.9444402371371,0,0,12.20312957857737,3.426472069338854,11040.485375651897,1166.9802297155943,6722.489690059558,13.0,3132,360119.6318486818,10157.815929981023
Region_02,2022-04-18,4839226.771363337,102.73600533287885,0,0,13.170690521273675,3.2887415045896713,10453.231657228822,1162.667617212701,7950.314298886166,13.0,3134,399738.94842446403,11363.638628407492
Region_02,2022-04-25,4839226.771363337,102.5151138041459,0,0,15.024025980496162,3.4000010551172393,10758.272732181495,1024.3292720531276,7050.025360072774,13.0,3136,398416.7539669888,10976.98085268535
Region_02,2022-05-02,4839226.771363337,102.05786640489822,0,0,14.80375343785146,3.215656759853023,12484.970776563387,1031.1405973444732,7349.042287462333,13.0,3138,414183.48715793225,9673.845687351411
Region_02,2022-05-09,4839226.771363337,101.67120845608555,0,0,13.794246154421192,3.2679888033223716,8304.04522188819,1139.0123915679733,8619.177554612894,13.0,3140,411555.2881386902,11385.323053703627
Region_02,2022-05-16,4839226.771363337,102.1980406983653,0,0,16.897400064645495,3.7926693752530767,12432.27575967589,1294.7567846373609,6050.3548581218565,13.0,3142,420847.0065333048,10539.03715117513
Region_02,2022-05-23,4839226.771363337,102.33273342445975,0,0,15.03609118229935,3.8468435475843594,12349.80667342151,1167.9019206283447,6722.457514944849,13.0,3144,469555.7355027555,10732.873910630346
Region_02,2022-05-30,4839226.771363337,102.50702698756172,0,0,16.02778119210934,3.5582396157246876,11175.06613085642,1074.5450003462884,7482.4852771038195,13.0,3146,398772.1964572151,10144.38033927752
Region_02,2022-06-06,4839226.771363337,102.77535485827312,0,0,15.288826024102763,3.66432050995813,11294.985103470453,1133.5849152726878,7496.967742158681,13.0,3148,402630.15512121015,11523.08357769746
Region_02,2022-06-13,4839226.771363337,102.98935508320012,0,0,19.2841524224135,3.7312952289713817,10820.421795875625,1258.4617481729651,6999.863045650204,13.0,3150,418908.0719374578,10755.662468501223
Region_02,2022-06-20,4839226.771363337,102.94721807980626,0,0,19.24686680617792,4.069178880561727,12345.66006995087,1111.650680950964,7558.064778206408,13.0,3152,373567.0154212175,11188.829832901401
Region_02,2022-06-27,4839226.771363337,102.43361526482381,0,0,17.209700150187047,3.658384926557613,11265.112476056982,1183.4984668117531,7523.179884889125,13.0,3154,427054.8285843117,10050.792112749024
Region_02,2022-07-04,4839226.771363337,102.13716653567838,0,0,17.497125277462008,3.38487272303215,9884.573569352944,1052.6447615799984,6280.892974587269,13.0,3156,397434.6970241931,10876.343413217923
Region_02,2022-07-11,4839226.771363337,102.22047306211434,0,0,17.95724686376919,3.3635734498223875,11418.92654922374,1107.1731620340074,6935.048266306053,13.0,3158,381610.0282275153,10561.19301915643
Region_02,2022-07-18,4839226.771363337,102.44291023881306,0,0,18.031108741377174,2.8983556411716704,12821.007764019541,1146.474469539583,8275.02636960762,13.0,3160,392976.495459665,10412.760116213864
Region_02,2022-07-25,4839226.771363337,102.27398538682003,1,0,18.708739313951522,3.2423889665566987,11784.762433025866,1127.633057143418,7693.495293619645,13.0,3162,435816.9592473694,10110.379837197435
Region_02,2022-08-01,4839226.771363337,102.08153961849361,0,0,17.14458977967465,2.6353642371710446,11219.073549614466,938.7538740825523,6235.283517709592,13.0,3164,427292.25989954453,10167.580918316346
Region_02,2022-08-08,4839226.771363337,102.8045204414814,0,0,17.14567986961308,2.3877156856515436,11506.558882867412,1051.3050195077933,8116.4126050713085,13.0,3166,435581.2381238272,9956.577366587399
Region_02,2022-08-15,4839226.771363337,102.5859287927911,0,0,13.698925459596094,1.9455759360012048,10400.613412071096,884.222507667746,8011.663370881771,13.0,3168,418440.25799090334,10201.432062239097
Region_02,2022-08-22,4839226.771363337,102.72075363969296,0,0,14.813200007721841,1.7505346247676143,10453.12933881697,1052.2060324991392,8085.640024761874,13.0,3170,394850.9373201371,10509.534359884417
Region_02,2022-08-29,4839226.771363337,102.57840888382894,0,0,11.815332996600192,1.993754480677383,8513.019999336539,1028.282625925412,7177.9842857799085,13.0,3172,420961.6464701303,10819.837455565968
Region_02,2022-09-05,4839226.771363337,102.15861635602597,0,0,16.351191064593348,2.177193619099053,10879.65523731449,1107.7264755992235,6602.9866368791645,13.0,3174,408332.3288774546,9778.988980552238
Region_02,2022-09-12,4839226.771363337,101.40131628833869,0,0,14.888445609079913,2.458070654525361,12876.406524195552,1042.549578043963,6723.930109502374,13.0,3176,461465.90861808887,10017.722055952496
Region_02,2022-09-19,4839226.771363337,101.14671095731566,0,0,12.946737998447649,2.6418179017794485,10561.363262404255,901.2636739766675,8331.804783890493,13.0,3178,370700.4702284533,10223.22598516047
Region_02,2022-09-26,4839226.771363337,100.74669527459717,0,0,12.589143043699188,2.0326878527282917,9803.876808939287,1131.722069420482,6632.357408447219,13.0,3180,445693.77865377575,9738.389361543992
Region_02,2022-10-03,4839226.771363337,101.20231267655319,0,0,12.963799000163256,2.1256543085717405,12713.295462886053,1169.5213301395022,8539.192537194598,13.0,3182,427634.0594612988,10407.12289610538
Region_02,2022-10-10,4839226.771363337,100.63451038738064,0,0,10.402366702069063,1.5726832440440737,11438.879065855543,1068.0359587557205,6837.842271099988,13.0,3184,419929.7378636836,10416.978206181466
Region_02,2022-10-17,4839226.771363337,100.44392190326596,0,0,5.6551732929991765,1.4235896752642683,11402.167504399282,1189.5490421822701,8054.958206988483,13.0,3186,410132.28591798584,10467.362327609559
Region_02,2022-10-24,4839226.771363337,100.80021830648418,0,0,6.810657552029159,1.3077954287183964,11956.640541178924,1425.7663923039795,7786.410369004887,13.0,3188,400625.5774525287,10780.201814795073
Region_02,2022-10-31,4839226.771363337,100.76332932785022,0,0,2.7084614908614904,1.14649451359835,12354.32531449455,987.3190472262698,7869.242512920382,13.0,3190,391950.42796826013,11044.365782036051
Region_02,2022-11-07,4839226.771363337,101.03771476444257,0,0,4.1903218095338675,1.296667327792776,11103.00528258422,1311.5653545821763,9506.922651613802,13.0,3192,381291.91885940405,10997.477793984473
Region_02,2022-11-14,4839226.771363337,101.48626714472584,0,1,2.7851654227034826,1.0555653787177768,9910.50967456589,1192.805765166527,8407.562552747955,13.0,3194,484080.33910944586,10740.218286894149
Region_02,2022-11-21,4839226.771363337,100.6574262877645,0,1,3.9544254707762105,1.5786930573175328,14351.89909258486,1296.6017082561757,10628.160987751644,13.0,3196,459714.592093364,10922.855087877768
Region_02,2022-11-28,4839226.771363337,100.46738108865131,0,1,3.954875515817926,1.760910242569195,11263.084648181664,1374.2481927310678,9741.97686538608,13.0,3198,453872.8162280179,10217.958295840135
Region_02,2022-12-05,4839226.771363337,99.99649627698778,0,1,1.4786417451503073,2.11838044121052,9996.792432182241,1271.5719576816464,8300.347355755586,13.0,3200,447448.60616536625,10172.688368546067
Region_02,2022-12-12,4839226.771363337,100.70758846205601,0,1,2.0488530804122878,2.3488300935160344,11473.289293236452,1237.673751605594,9036.798271628926,13.0,3202,398677.95124414744,10939.369524638205
Region_02,2022-12-19,4839226.771363337,100.66824033129316,0,1,2.6044478592310103,2.619757181965308,13261.416808909406,1245.6334198194165,8756.002596991726,13.0,3204,433051.1122760739,10911.861417979919
Region_02,2022-12-26,4839226.771363337,100.9431702456475,0,0,1.7754149411086746,2.609383355670384,9113.969763443414,1371.9311785926302,8047.747288924739,13.0,3206,417042.2744913083,11816.969052401646
Region_02,2023-01-02,4839226.771363337,101.83272057921538,0,0,1.6839995545061623,3.2024282849652748,13487.058694850897,1245.0970683831297,7791.1079357576855,13.0,3208,437889.4314535333,10498.717005309993
Region_02,2023-01-09,4839226.771363337,101.67159841588794,0,0,-1.595923546226652,2.888279716404138,10956.39316980816,1208.2642593083865,7705.7801353750465,13.0,3210,392744.9337606004,10115.804295290542
Region_02,2023-01-16,4839226.771363337,101.73039568439405,0,0,1.521791601215743,3.0294435600915293,14882.411914933899,1178.6035892729346,7965.683346765055,13.0,3212,418374.28769429313,10743.261497496163
Region_02,2023-01-23,4839226.771363337,101.95989262853071,0,0,3.6583799095986245,3.0330819518595655,12295.81637145279,1366.5345545681569,7813.122883789447,13.0,3214,408085.76186549803,10377.04909137155
Region_02,2023-01-30,4839226.771363337,101.8440896441851,0,0,3.2533243660825955,2.968237249448049,11004.447864071079,1262.3374184832244,7350.047304214284,13.0,3216,413094.2809632113,10140.23091234786
Region_02,2023-02-06,4839226.771363337,102.5060948736898,0,0,1.141868018520276,3.066364573662683,13377.921401825462,1465.9248108405857,8738.186701117414,13.0,3218,397157.63603483594,11327.755767807494
Region_02,2023-02-13,4839226.771363337,102.94438697546094,0,0,3.5519562882907487,2.8434183676574896,13413.427509471217,1147.4453981292106,8890.43277917701,13.0,3220,419770.0483670943,11638.173678457722
Region_02,2023-02-20,4839226.771363337,103.476780047066,0,0,5.042650739598649,3.1072030520265077,10624.657982007204,1232.6400663502254,7026.414971099704,13.0,3222,413254.7464038739,10791.208276181658
Region_02,2023-02-27,4839226.771363337,103.52216178576464,0,0,3.942816393985706,3.345785753170953,11553.709236954955,1257.967596541922,7378.094994367139,13.0,3224,375152.17386467074,10278.733802126837
Region_02,2023-03-06,4839226.771363337,103.36777672736766,0,0,7.241479152550266,3.377637391195708,10376.150458212842,1324.8870320745289,7024.948780008077,13.0,3226,437744.2054014853,10726.546811927781
Region_02,2023-03-13,4839226.771363337,103.20716690243167,0,0,5.908698922223666,3.6019473818972334,12746.562977024027,1113.6055420134983,6003.31440985612,13.0,3228,458248.10340045753,10504.889080931402
Region_02,2023-03-20,4839226.771363337,103.0415791144832,0,0,7.536225643951452,3.2921173966974155,9132.023272688408,1380.5401200417616,7243.318062545591,13.0,3230,394134.5371891972,9901.243769813858
Region_02,2023-03-27,4839226.771363337,102.22416673685048,0,0,8.819066132582421,2.7507948565007956,10894.24173068468,1200.0920811232847,6841.443493528541,14.0,3232,436306.06764701725,10997.251627978836
Region_02,2023-04-03,4839226.771363337,102.42965062917489,0,0,13.285979194206686,2.5789036272348493,8231.880641176043,1205.980740657811,7206.2513741614775,14.0,3234,391915.44353551476,10735.284674951936
Region_02,2023-04-10,4839226.771363337,102.8647344723302,0,0,10.429570448159751,2.5102421297492743,12159.806187556596,1046.4884782587415,6609.207414161085,14.0,3236,399643.1833937092,11183.867030477411
Region_02,2023-04-17,4839226.771363337,102.87999050973596,0,0,11.004042547963444,3.262193985731135,8118.693938610359,1137.739792379913,6490.474648003265,14.0,3238,448214.8071288096,10251.20074227557
Region_02,2023-04-24,4839226.771363337,102.6476402272814,0,0,13.856366569848747,3.196135523267701,9601.667452585712,1110.7284082154315,6897.5241907228465,14.0,3240,415312.2271366463,10540.078234653596
Region_02,2023-05-01,4839226.771363337,102.68679293584353,0,0,12.956898980497405,3.5090092280630683,11605.581561763525,1153.4184341684165,6075.791715085712,14.0,3242,443410.7554182852,10477.453629844744
Region_02,2023-05-08,4839226.771363337,102.82172241874808,0,0,14.779984685469547,3.7657910621479855,10623.531807073747,1278.009325508224,7364.048567702009,14.0,3244,416846.1184573623,9682.984372113935
Region_02,2023-05-15,4839226.771363337,103.00859112976119,0,0,11.8702841767198,4.402682485417599,10485.12160667458,1048.3323215382961,6592.76922895503,14.0,3246,432130.9654449599,11856.103665865749
Region_02,2023-05-22,4839226.771363337,103.94433648302324,0,0,16.380340194115302,4.440332264599215,9729.073080682181,1313.1327700050274,6429.477342040846,14.0,3248,407510.3863827406,9554.520476795054
Region_02,2023-05-29,4839226.771363337,103.52864486038649,0,0,16.499926092021447,4.639470636894646,10450.007849243755,1216.4604226341717,7075.7407151085345,14.0,3250,441754.8558484003,9984.91879212486
Region_02,2023-06-05,4839226.771363337,103.73407499833168,1,0,15.093480573002221,4.583906923130315,8692.852381555,1247.407147434883,6458.867576695011,14.0,3252,465709.30699641904,10358.530974217192
Region_02,2023-06-12,4839226.771363337,104.10523366085474,0,0,19.460096897918326,4.32661706347578,11702.024796871363,1189.278647266905,6743.173828635089,14.0,3254,424503.7451300496,9777.371502104448
Region_02,2023-06-19,4839226.771363337,104.16490293614154,0,0,17.35463237245268,4.0272649351716865,12539.780984259287,1170.102083709436,6675.198797626703,14.0,3256,398490.21224153304,10744.834891026025
Region_02,2023-06-26,4839226.771363337,104.06540132500487,0,0,17.592558762219166,3.794302833743798,12463.120553689152,1115.4479833875155,7363.09178092001,14.0,3258,403549.3630921562,10354.377418914099
Region_02,2023-07-03,4839226.771363337,103.56419693632154,1,0,15.97381047902292,4.226354992628041,11115.181067514153,1084.4074826763874,6057.091376580471,14.0,3260,406093.17697504995,10572.621844854226
Region_02,2023-07-10,4839226.771363337,103.28205097699818,0,0,15.448190189725867,4.314845290687162,13310.973095927548,1174.1696761941923,6960.573302065943,14.0,3262,423786.72487299197,10665.939678421979
Region_02,2023-07-17,4839226.771363337,103.66073844322032,1,0,16.85951605348758,4.271258826964741,11939.676864795138,1143.9030716175362,5450.138661449398,14.0,3264,436478.72976379265,10558.633139676804
Region_02,2023-07-24,4839226.771363337,104.41864798854495,0,0,15.140321654046513,4.279248087790972,12815.553360086526,895.3884948221079,7108.521107942182,14.0,3266,395487.2617064,10575.573945931692
Region_02,2023-07-31,4839226.771363337,104.10493054074433,0,0,17.76314955282205,4.112378035577228,11820.716648963862,1274.9283053805943,5717.9934838979925,14.0,3268,429795.0904016348,10471.103026237228
Region_02,2023-08-07,4839226.771363337,104.364082396585,0,0,17.831148536946266,4.104981896733607,11228.046572467869,1130.3249739185621,5411.174257123092,14.0,3270,398101.62395186425,10741.83465624402
Region_02,2023-08-14,4839226.771363337,104.64773823529363,0,0,14.979574216254006,4.095605304590713,10023.95653769533,995.0641980688398,6343.508139409919,14.0,3272,448623.51128441875,10940.751525631376
Region_02,2023-08-21,4839226.771363337,105.1792429201945,1,0,12.834935502541306,4.2942062955973705,7668.606003421657,1231.0302365140033,7797.919310745708,14.0,3274,442746.8213620213,10398.430598019786
Region_02,2023-08-28,4839226.771363337,105.32296470129822,0,0,13.896718038216441,4.570815629317847,12253.074114317898,1099.0085780078352,5797.905176065973,14.0,3276,442710.21563942696,10288.997002069902
Region_02,2023-09-04,4839226.771363337,105.56715316555358,0,0,12.070266312148568,4.082087658640468,10992.442790704285,1330.0332507269538,6111.763482067992,14.0,3278,394729.17710507667,10317.710757906965
Region_02,2023-09-11,4839226.771363337,106.04057132834728,0,0,13.029676389785179,4.154621807037911,14846.46232580145,1130.9188707424337,6169.720874225618,14.0,3280,388431.90922213916,10676.42445941588
Region_02,2023-09-18,4839226.771363337,105.46935616458856,0,0,12.126596840582122,4.570645520274878,8416.471426039454,962.3402894669991,5915.5123006812155,14.0,3282,372597.7484073647,10314.689103646167
Region_02,2023-09-25,4839226.771363337,105.51239283049397,0,0,10.267092726640927,4.2666595495554605,12603.46371258437,1116.008554299996,6737.906354219012,14.0,3284,422647.59735687583,10327.405697393611
Region_02,2023-10-02,4839226.771363337,104.63685426139413,0,0,10.051826079583876,4.194271806944665,9757.2358893051,1187.85046713923,6196.165380212756,14.0,3286,387515.05704853,9800.165373739143
Region_02,2023-10-09,4839226.771363337,103.65670985438963,0,0,10.53815346846037,4.247777647219025,11169.243351239753,1253.4973768443456,6597.212125550217,14.0,3288,440039.14400117,11582.42098808149
Region_02,2023-10-16,4839226.771363337,103.25870780529907,0,0,10.582143312263977,4.581374989512279,9846.712689447579,1023.3954176054343,7343.484782892208,14.0,3290,414263.59307079925,9937.205491138535
Region_02,2023-10-23,4839226.771363337,102.49767153496936,0,0,6.321524974684817,4.763479929854088,11746.581270064207,934.8979711787914,7117.952407672648,14.0,3292,427647.48371291545,11419.29276143463
Region_02,2023-10-30,4839226.771363337,102.77350326921501,0,0,7.306337256324738,4.700541576798627,11126.836286970747,1238.7445857088062,7628.557857684971,14.0,3294,386933.7549906042,10989.071962901813
Region_02,2023-11-06,4839226.771363337,103.29575701422598,0,0,5.03949288264642,4.853776938102794,12667.165992531836,1225.7217435273067,7205.258640575757,14.0,3296,400280.94937627943,11115.625622086243
Region_02,2023-11-13,4839226.771363337,103.16009250171336,0,1,3.04940572944722,5.168191435255014,11411.713293927847,1259.6163149686267,8383.146935151488,14.0,3298,442254.8740201216,10734.640558946674
Region_02,2023-11-20,4839226.771363337,103.10884958732622,0,1,5.8745084192171255,5.288421936900974,11965.75961371399,966.3954005099926,6933.375775565256,14.0,3300,454663.8404458213,10862.284570855434
Region_02,2023-11-27,4839226.771363337,103.00938947759825,0,1,3.944792461620547,5.849730257309869,13410.73973195434,1292.396922015875,9958.25557090341,14.0,3302,412523.1363451655,10798.486986475311
Region_02,2023-12-04,4839226.771363337,102.89576055371657,0,1,3.06674981964509,5.9798450784976245,12034.455253247788,1597.3593099456452,8482.868881535722,14.0,3304,447621.52606261056,10947.257776200779
Region_02,2023-12-11,4839226.771363337,102.98286899843109,0,1,2.991068079223525,5.6674242714120435,10964.292711646503,1169.0109387103191,9226.064879267022,14.0,3306,421686.2539539291,11070.647193809362
Region_02,2023-12-18,4839226.771363337,103.17894431203341,0,1,1.927780992933057,5.435017156392397,13340.530251652204,1557.2435862765378,7492.542739883815,14.0,3308,457277.05332645506,11425.50136978581
Region_02,2023-12-25,4839226.771363337,102.96375874014964,0,0,0.41806538000167603,5.397814397216998,10997.395917988255,1288.9023979789017,7961.290154634734,14.0,3310,409674.57491412945,10133.235554891582
Region_03,2021-01-04,3431594.130404235,99.62077529318663,0,0,4.601889723653688,-0.05903842823584964,8401.196344631695,1477.0787768218108,10675.775786867825,9.0,3000,293631.30832123547,7860.6341855980245
Region_03,2021-01-11,3431594.130404235,99.37607618177658,0,0,3.3462557031487665,0.13074626816187782,7570.288602700454,1334.055177191599,13956.548787076847,9.0,3002,306754.9393585053,8371.363977604915
Region_03,2021-01-18,3431594.130404235,99.79930947019713,0,0,2.565841015097787,0.24035427190369216,7209.822155578253,1206.1857308749913,10603.658132948116,9.0,3004,317262.3889866006,8267.967030285407
Region_03,2021-01-25,3431594.130404235,99.60522336590314,1,0,3.906301067906233,0.7587649322376047,5162.625070566194,1205.955488979702,9967.208136123296,9.0,3006,310479.642304382,7325.154100789533
Region_03,2021-02-01,3431594.130404235,100.35614670808572,0,0,4.78302601277915,1.0058508158039963,8752.980418988884,1299.296560574324,9906.345835668417,9.0,3008,317853.32010655745,7833.924336417893
Region_03,2021-02-08,3431594.130404235,100.25213513780032,0,0,3.054767448329522,1.4553936974206416,6722.672079671645,1158.0848126260446,9841.541525694962,9.0,3010,284538.7957163768,7818.33570317851
Region_03,2021-02-15,3431594.130404235,100.960636053471,1,0,4.8306543622433225,1.2296659122293343,8802.924013806447,1281.3953942349792,12226.716294149846,9.0,3012,318844.13342649187,7835.908442043295
Region_03,2021-02-22,3431594.130404235,100.37606931160086,0,0,4.146674365474281,1.104865342333993,10255.226766497306,1152.8448276564013,10754.289926934998,9.0,3014,282261.99156248826,6913.763392191243
Region_03,2021-03-01,3431594.130404235,100.04381932484894,0,0,6.360251838593804,1.3141209714999407,6567.0659149742405,1047.664256755536,9100.441038482031,9.0,3016,301355.02039738355,8007.668128682178
Region_03,2021-03-08,3431594.130404235,100.30289506596705,1,0,5.838841954043866,1.3454782652935355,8985.078062281858,1487.973260148506,7833.565964764367,9.0,3018,300009.88357738894,7119.069407350747
Region_03,2021-03-15,3431594.130404235,100.56738876534091,0,0,10.75210940526694,1.5377348115424385,7818.034532639497,1107.4158429185334,8760.245857850095,9.0,3020,298756.86993181374,8548.98978312626
Region_03,2021-03-22,3431594.130404235,100.5060628953344,0,0,7.487705893840559,1.6168174027117614,8458.223716709132,1125.1049337994423,9910.853438565655,9.0,3022,307551.6108457661,7932.351846277021
Region_03,2021-03-29,3431594.130404235,101.55254285267965,0,0,9.747168847370542,1.4344032781839133,6683.663763162422,1091.3466791973642,7013.758041111202,9.0,3024,282499.82866347925,7621.47475581378
Region_03,2021-04-05,3431594.130404235,101.60644126872455,0,0,10.632529295585412,1.9499876672603471,7961.492713616396,916.914880004241,9219.609791734008,9.0,3026,271663.864537625,7892.850673564544
Region_03,2021-04-12,3431594.130404235,101.76983242158039,0,0,10.399977937401239,2.29699557624869,8106.431677456227,893.9007173267921,8240.105928633244,9.0,3028,293688.8744361545,7703.924582138857
Region_03,2021-04-19,3431594.130404235,101.50035337736608,0,0,13.256637430950864,1.8344664910289339,9722.999350142369,969.4862032499123,10357.036317834138,9.0,3030,304744.9574729026,7468.661480013177
Region_03,2021-04-26,3431594.130404235,102.35260595866296,0,0,12.649315522953442,1.6535188601596975,10765.646294754428,1014.4680883068836,8094.561625536448,9.0,3032,299172.5621349047,7612.224960281614
Region_03,2021-05-03,3431594.130404235,102.80174783848003,0,0,13.037659884369774,1.664732513636976,8292.527506951586,1117.0027122845054,7736.198939180619,9.0,3034,282039.7959008874,7765.13583732414
Region_03,2021-05-10,3431594.130404235,103.02714591368616,0,0,14.48444649719774,1.8731734999556544,7526.564346059523,1098.7013446205274,7520.530948280502,9.0,3036,307608.3400561558,7355.5423325321435
Region_03,2021-05-17,3431594.130404235,102.22005561981784,0,0,14.116489410769722,1.8560375770125999,10882.015430833253,1000.5571013986543,8259.54450003515,9.0,3038,291011.7223727158,7902.748153425939
Region_03,2021-05-24,3431594.130404235,102.42030152067196,0,0,17.72051166446733,1.4516852291450224,7810.397267279846,1015.1362238902029,10393.96849045429,9.0,3040,307421.07067429833,8080.799295638872
Region_03,2021-05-31,3431594.130404235,102.20267124058101,0,0,17.459145976864832,1.7057549031576593,7866.506750172795,1054.0339073821328,9028.02563956082,9.0,3042,283718.654747253,8077.9340551772
Region_03,2021-06-07,3431594.130404235,102.41767839268799,0,0,18.494222533661326,1.648187202264635,8045.942239030562,899.074779721717,8441.930398695686,9.0,3044,302148.809431596,8115.575917894598
Region_03,2021-06-14,3431594.130404235,102.89461134363775,0,0,15.391475098321784,2.0140367513435273,8475.20368947326,1029.3444454180278,7883.595382799569,9.0,3046,313101.9118644571,8145.976489928399
Region_03,2021-06-21,3431594.130404235,102.53482268583467,0,0,18.111283703954353,2.109763635946559,8776.393633420485,879.1213866261833,7158.800831150201,9.0,3048,285527.18491266406,7913.3562788539875
Region_03,2021-06-28,3431594.130404235,102.66117391903552,1,0,16.726092170999856,2.41533016650187,7306.333272293526,1064.722268400057,9149.236392215722,9.0,3050,306233.57717183523,8141.526942768764
Region_03,2021-07-05,3431594.130404235,103.1202322883284,0,0,18.067133556732372,2.671134388400898,7807.7964098346365,1068.0454295545023,8609.130642852218,9.0,3052,304978.4205395176,7685.796189744347
Region_03,2021-07-12,3431594.130404235,103.21909214746529,0,0,19.79013477643791,2.941303539031365,10372.073192848564,989.6485760463668,8821.615130615102,9.0,3054,303046.6600466815,7797.2868528781855
Region_03,2021-07-19,3431594.130404235,103.07060480627092,0,0,18.09050406371435,2.793969703716504,9969.80898617996,832.9083846656323,9109.613526707948,9.0,3056,300413.630231773,8189.202235204516
Region_03,2021-07-26,3431594.130404235,102.55485898206467,0,0,17.15433717369975,3.107998673288146,8453.221270430959,994.3401459284906,7870.928355432398,9.0,3058,293559.77131509717,8377.996217615993
Region_03,2021-08-02,3431594.130404235,102.23540861917772,0,0,18.701228248471125,3.1746379282186745,8249.045602201417,1027.255743604765,8741.330924309124,9.0,3060,273714.0386023373,7499.71080253364
Region_03,2021-08-09,3431594.130404235,101.61386142738654,0,0,18.03766060608933,2.8060575184775507,7677.104800985157,1040.3188042819047,8813.616521618294,9.0,3062,296705.48562507634,7138.376517810265
Region_03,2021-08-16,3431594.130404235,102.12705409474265,1,0,18.69809926358974,2.6933488075794707,9183.904912165071,1082.6283502806796,10156.527045539144,9.0,3064,292379.1086981485,8504.322382029568
Region_03,2021-08-23,3431594.130404235,102.19610922256055,0,0,12.45178312635646,2.597863692265033,7371.772150789323,1002.2421411555049,10015.36181338918,9.0,3066,297795.7176303907,8111.106512652046
Region_03,2021-08-30,3431594.130404235,101.60193712894025,0,0,14.973262248198871,2.7443056720771786,8076.382160969354,1100.7702732197554,8642.31959715389,9.0,3068,264054.3135629924,8361.004776707863
Region_03,2021-09-06,3431594.130404235,101.61584184704643,1,0,13.030873021917257,2.955656338583765,7434.842251567145,1038.1952687633382,8675.769852316196,9.0,3070,334682.02639578003,7985.836204109588
Region_03,2021-09-13,3431594.130404235,100.98398767502141,0,0,11.462961628142267,2.6273295374766645,7259.766875591433,1041.9231333037135,8159.5065776050005,9.0,3072,326664.6057506395,7751.413549319455
Region_03,2021-09-20,3431594.130404235,99.34977559254044,0,0,12.025097696370393,2.8507942696359945,7979.780171462508,1252.087239925731,8700.10702455379,9.0,3074,305617.7525200595,7434.605078603047
Region_03,2021-09-27,3431594.130404235,99.97296599379152,1,0,9.158406480416096,2.837512012505967,7941.4828751239365,922.6252387307871,8447.487564874189,9.0,3076,300539.91028499545,7337.674989245528
Region_03,2021-10-04,3431594.130404235,100.5775834688943,0,0,6.5876764549300795,2.5271495224612073,7306.944126703714,1001.9566293438734,9106.828309476572,9.0,3078,292884.6178035546,8218.346288755869
Region_03,2021-10-11,3431594.130404235,99.8532729701654,0,0,7.619917476796325,2.783319434696583,7863.541110118051,1086.8381778846067,9691.989040330523,9.0,3080,311830.69569405814,8037.796838724958
Region_03,2021-10-18,3431594.130404235,99.50897913100883,0,0,7.631504033472018,2.5615963810093425,8013.88263635312,973.8671105796152,10767.863709523986,9.0,3082,308957.5066268382,7806.676764163349
Region_03,2021-10-25,3431594.130404235,99.62852276511154,0,0,9.900673373464464,2.210549418142921,7423.140323627527,1150.9749969347417,9599.083729236167,9.0,3084,289273.81819228333,7318.898218775861
Region_03,2021-11-01,3431594.130404235,99.4520739947902,0,0,5.138039661680452,2.4438850273616475,7229.400622429995,1066.6184857283401,11046.115364160098,9.0,3086,317787.48083374393,7514.555107134442
Region_03,2021-11-08,3431594.130404235,99.03862461458688,0,0,3.6404923588203846,2.720149658617325,7782.967881890468,1257.9046527722637,11249.722822605248,9.0,3088,311907.62275681377,7508.377386616865
Region_03,2021-11-15,3431594.130404235,98.7967100075214,0,1,1.6668052446730703,2.5292650224932633,8772.169325434583,1192.2409211387198,10569.264189762222,9.0,3090,334309.0696534484,7608.2175783162875
Region_03,2021-11-22,3431594.130404235,98.69176275914542,0,1,3.4224521587124266,2.852817290859652,9294.711121412942,1275.8910837304397,11211.599566338798,9.0,3092,320481.3068692695,6730.298956206637
Region_03,2021-11-29,3431594.130404235,98.43004921804909,0,1,2.993963342839743,3.1600877576591557,8150.773457299149,1334.648166755237,11564.843586951314,9.0,3094,326797.8290882948,7839.221567685983
Region_03,2021-12-06,3431594.130404235,98.55132607724848,0,1,3.0766855430017803,3.011768989587212,7637.915860769067,1130.9414236452085,11556.80832591072,9.0,3096,315047.53884904843,8355.743425918821
Region_03,2021-12-13,3431594.130404235,98.45069584859013,0,1,0.2888680623921087,3.617391362228851,7903.716087391635,1282.9333714604704,12634.573933477508,9.0,3098,330667.9316466779,7563.910210454614
Region_03,2021-12-20,3431594.130404235,98.0844651083243,0,1,1.0272687846452997,3.6070912448272936,10424.329078812245,1411.4352611264067,10629.886226776889,9.0,3100,317261.1265784632,7779.745753196447
Region_03,2021-12-27,3431594.130404235,98.11197172057204,1,0,-1.4046793472353065,3.6818755773908514,9043.842904977657,1514.620373599911,9477.073369365326,9.0,3102,337201.8043389878,7878.799879781396
Region_03,2022-01-03,3431594.130404235,97.29402485429877,0,0,2.1901470719114404,2.9745849702059663,6931.177940963627,1595.7839962990724,10044.468310081475,9.0,3104,304212.8671223462,7414.676081819
Region_03,2022-01-10,3431594.130404235,98.03390804787286,0,0,-0.35754675504844613,3.172508118186488,7879.394585707723,1321.0150136132029,9258.307626638158,9.0,3106,305697.49013912986,7931.834931000499
Region_03,2022-01-17,3431594.130404235,97.17695568170177,0,0,-1.949588922452108,2.99458429699293,7360.7368856163985,1223.4324185452203,9425.157077416956,9.0,3108,307335.6519894702,7447.597360441695
Region_03,2022-01-24,3431594.130404235,97.15029218132702,0,0,4.198311134015372,3.1341718533120493,7536.308145737796,1490.2653992086116,10140.981954616207,9.0,3110,307722.82900793233,7588.262304060229
Region_03,2022-01-31,3431594.130404235,97.33562587451571,0,0,3.6122388577055284,2.6296633175084514,6243.879626846297,1192.8064015781792,8667.758247738686,9.0,3112,281485.6506410345,7845.140888204324
Region_03,2022-02-07,3431594.130404235,97.5582569542195,0,0,3.8812266005773175,2.9837893367579666,7970.062628759249,1259.2056123383388,10914.263355909465,9.0,3114,322291.73561179935,7735.688640456288
Region_03,2022-02-14,3431594.130404235,97.7037709133612,0,0,4.475848522745368,3.4278862491822437,6541.530628773988,1019.6169336979624,10880.797137648116,9.0,3116,302976.1864304763,7754.84653611768
Region_03,2022-02-21,3431594.130404235,98.35180669723626,0,0,3.0802753353070407,4.001658606447098,7299.768308651468,1297.1469215530792,9005.177437456166,9.0,3118,293189.76242388535,7372.792777632024
Region_03,2022-02-28,3431594.130404235,97.80278886959036,0,0,7.004172826149782,3.1253139534771375,9856.431971754953,1311.4950812484947,8653.962833039477,9.0,3120,287619.2194055423,8009.053603680715
Region_03,2022-03-07,3431594.130404235,97.78272749966168,0,0,4.648333427230469,3.3095065017278955,9154.499583798011,1270.8362653410359,9085.694229399644,9.0,3122,292060.1371355909,7339.453838083744
Region_03,2022-03-14,3431594.130404235,97.8706895131882,0,0,9.968903087211283,3.421167072246972,7013.828284402628,1325.9480270584781,7420.463613522312,9.0,3124,292865.21919360047,8066.446380169478
Region_03,2022-03-21,3431594.130404235,97.63665879889857,1,0,8.362824433342247,2.5249374366278925,6850.879637610638,1433.3166458794626,8355.904027212924,9.0,3126,317215.28976667114,7568.569849775141
Region_03,2022-03-28,3431594.130404235,97.3536964324945,0,0,6.207733568074174,2.314484436388687,6971.268624142175,1073.3024193569988,8196.390000131607,9.0,3128,288359.03726688394,7270.499162456962
Region_03,2022-04-04,3431594.130404235,98.01251337676146,0,0,11.241996740037338,2.2981106023093747,6067.355541285064,1255.8286196013564,9073.003634279645,9.0,3130,302619.2007785614,7683.510065938308
Region_03,2022-04-11,3431594.130404235,97.66991986554987,0,0,13.862770578999497,2.733258883244098,6902.712708500317,1051.3691225861603,7761.570644816263,9.0,3132,302224.4120337362,7287.3419817459
Region_03,2022-04-18,3431594.130404235,97.4443744162818,0,0,11.471593107876476,2.493149075543963,7639.480492620881,988.5990439761309,8475.025087779402,9.0,3134,289520.7415586072,7455.939140612311
Region_03,2022-04-25,3431594.130404235,97.32018088558078,0,0,14.375411388549212,2.5644475182943722,6837.927016248277,1212.8220795426423,8398.495395254884,9.0,3136,334676.1510551649,7595.879258058401
Region_03,2022-05-02,3431594.130404235,97.22763256900843,1,0,13.338954139177961,2.557143929627243,8843.765677484082,1094.0731124660444,8147.6571868351875,9.0,3138,313887.1758682811,7982.9973012551045
Region_03,2022-05-09,3431594.130404235,97.3224678643419,0,0,13.542113762661867,2.676662368756745,7881.732043269611,977.9654023702147,8553.715643369082,9.0,3140,305540.5171085186,7979.0704476780675
Region_03,2022-05-16,3431594.130404235,97.23264214933788,0,0,11.371701734661622,2.5676514515282887,7359.8560171857425,1099.0529947610087,8519.78290932802,9.0,3142,301927.6855425632,7846.348760689341
Region_03,2022-05-23,3431594.130404235,97.43301452750903,0,0,17.7822233368098,2.845365150285501,10191.679597571501,1061.406744648718,7089.205923615119,9.0,3144,297333.8975902175,7554.127805428268
Region_03,2022-05-30,3431594.130404235,97.5142797233735,0,0,15.855863597007584,3.1470105870250524,8784.768282607822,1049.559971340975,8915.434041564158,9.0,3146,310849.85781648464,7131.532546547483
Region_03,2022-06-06,3431594.130404235,97.76777474246978,0,0,17.593626924203207,2.7501286468263664,8019.976207548739,1079.1094486528834,8400.03531002292,9.0,3148,320924.5410175946,7581.045342970524
Region_03,2022-06-13,3431594.130404235,98.46607492848415,0,0,15.719547798036807,3.096670031546425,10337.422821916209,1061.1425494311989,8549.93507456122,9.0,3150,298433.8430755919,7564.089589611537
Region_03,2022-06-20,3431594.130404235,98.05704517353313,0,0,16.3446160653595,2.883876988294776,9578.489029341168,861.6440709719527,8129.156409071227,9.0,3152,286413.868135543,7596.97067218553
Region_03,2022-06-27,3431594.130404235,98.8951364486817,1,0,19.558415616876307,2.812897343921811,7179.9261865036415,1016.8844856932776,7784.712733582991,9.0,3154,322235.7619915934,7469.787959649873
Region_03,2022-07-04,3431594.130404235,98.68365646075935,0,0,17.361007337509474,3.1610652000130863,8315.827657233582,1276.9643220735668,7971.558722420646,9.0,3156,268891.616682147,7462.101270278802
Region_03,2022-07-11,3431594.130404235,99.0291298377903,0,0,17.28062267007137,3.202122602239184,7459.289262359315,947.617940529603,9222.383371828291,9.0,3158,301183.5768477194,7976.945811015328
Region_03,2022-07-18,3431594.130404235,99.12212679055288,0,0,15.817400647188608,3.3861632917603703,6467.943285697299,1157.7588318918513,8787.17412232065,9.0,3160,296309.10447495355,7187.231044948373
Region_03,2022-07-25,3431594.130404235,98.98675522266012,0,0,17.73636848077713,3.6344008579152325,10413.651128529253,1159.6694425634096,8257.638703850076,9.0,3162,303764.7277122644,7658.967025134441
Region_03,2022-08-01,3431594.130404235,98.01928297801074,0,0,18.193671015372914,3.825939612226105,9838.827422462702,982.9899575972686,7339.568641907479,9.0,3164,277868.85977888637,8135.802388545564
Region_03,2022-08-08,3431594.130404235,98.83684712634474,0,0,15.834513992785883,3.677242080014334,6622.4805555370895,990.2326557901415,8505.068505986656,9.0,3166,292131.1298670982,7368.89324800818
Region_03,2022-08-15,3431594.130404235,98.47128891976907,0,0,15.648638325122828,3.404890915841731,8519.166629403779,976.8075703365203,9677.979273082039,9.0,3168,284705.7885786228,7319.907800576815
Region_03,2022-08-22,3431594.130404235,98.09026566337243,0,0,13.415175677174583,3.6217604373050936,6280.214587691373,1114.5192240456363,9030.36230903998,9.0,3170,292247.88264616346,7602.931367388876
Region_03,2022-08-29,3431594.130404235,98.63297680479542,0,0,16.59218203594611,3.8617686752439213,9258.422079154638,1302.827570873263,8582.559352447599,9.0,3172,308870.87994022766,7569.883085012339
Region_03,2022-09-05,3431594.130404235,98.6828010460859,1,0,12.732110424529488,3.9819616357680494,7880.93026074254,961.691356194545,6702.800459729518,9.0,3174,311023.6594858926,7767.469510971462
Region_03,2022-09-12,3431594.130404235,99.64402120605739,0,0,12.546451476268295,3.938776843304319,7617.2750080979295,969.702067907173,9042.084508466383,9.0,3176,290061.8707632646,8213.420371093034
Region_03,2022-09-19,3431594.130404235,100.49553411166848,0,0,14.386902206592865,4.208861218818361,9506.230299352486,1186.1077126767905,7515.0492650612405,9.0,3178,316117.3868011645,7635.490567175361
Region_03,2022-09-26,3431594.130404235,100.86109793497741,0,0,10.567783619639497,4.214624467547778,7952.1015329187985,1233.731910686767,5977.621598919101,9.0,3180,297078.12904300936,7854.67730189142
Region_03,2022-10-03,3431594.130404235,100.99875595908176,0,0,7.6128073918241395,3.8186862845455183,7652.069697829151,1139.6233987555265,8656.371174454058,9.0,3182,268945.3902470354,7455.629555559897
Region_03,2022-10-10,3431594.130404235,101.39095096738927,0,0,7.588639780367144,3.916881712701834,9049.714799419764,1094.6434967610594,7374.671060486412,9.0,3184,281916.2862445297,7494.3517210463315
Region_03,2022-10-17,3431594.130404235,100.74603082528553,0,0,7.491235244932672,4.081986880752915,7603.867462827755,1104.747417548243,8058.802303656583,9.0,3186,303911.4424926048,7803.656045375689
Region_03,2022-10-24,3431594.130404235,100.8433381732154,0,0,9.787681203716552,4.32806634888307,8998.316355613471,1192.2280549299403,9962.16339607962,9.0,3188,304983.29697012424,7464.757738154506
Region_03,2022-10-31,3431594.130404235,100.92857547409488,0,0,6.564475195228046,4.075557270939459,7943.616215613638,1140.1003471304543,10747.92585143368,9.0,3190,302079.8706119538,8200.730171504427
Region_03,2022-11-07,3431594.130404235,100.70525266383856,0,0,5.063892000159395,3.8655961823326326,8938.95772891588,1061.125740930515,9590.869961675067,9.0,3192,302275.5770910874,7565.424060606588
Region_03,2022-11-14,3431594.130404235,100.84342993779435,0,1,5.888845098578193,3.9799020239187826,8688.170383103874,1258.3880059134467,11174.788342593502,9.0,3194,310017.54730361304,7681.6022092165285
Region_03,2022-11-21,3431594.130404235,100.12706420324982,0,1,5.921472580496971,3.861374518406769,8893.946188308999,1245.5147493808427,13267.35572055512,9.0,3196,323947.8334477202,7382.636375069268
Region_03,2022-11-28,3431594.130404235,100.58809878263042,0,1,2.2232800006885167,3.856791490343655,6874.312707919695,1143.130458124471,12655.528897996443,9.0,3198,306307.6296084899,7593.685555249105
Region_03,2022-12-05,3431594.130404235,101.24095609102083,0,1,5.022890995829376,4.153246356959352,10401.259479110186,1304.433952952099,10601.851701625603,9.0,3200,311468.93311069225,7411.18937927907
Region_03,2022-12-12,3431594.130404235,100.60715517851239,0,1,3.761970853461439,4.287009330040197,7759.6360569467215,1313.949037419493,10597.406949979197,9.0,3202,310909.03011163673,7584.5934232620475
Region_03,2022-12-19,3431594.130404235,100.69079775060804,0,1,2.858706831726664,4.849207800893019,10224.64234274534,1329.5344287934033,9210.336192597699,9.0,3204,311553.1373846251,7112.520722713432
Region_03,2022-12-26,3431594.130404235,101.47180908063663,0,0,-1.5530892767962223,4.952802758917542,7290.221564791727,1571.3415598209797,8617.71646498709,9.0,3206,294262.11521531007,7739.557819188128
Region_03,2023-01-02,3431594.130404235,101.6915301579431,0,0,2.246822052477108,5.481307215284186,7636.2463627714105,1136.672824887028,9751.26644384549,9.0,3208,296138.4373405276,8463.100393953278
Region_03,2023-01-09,3431594.130404235,101.18932359888063,0,0,4.1102790169401375,5.817059680284479,7647.799948678982,1367.1009019061128,9978.365066007334,9.0,3210,287971.4531946642,7067.94401425778
Region_03,2023-01-16,3431594.130404235,100.70868257197445,1,0,1.7724437482015234,6.596320701088892,9376.68069690458,1381.6394085385512,9425.296362949244,9.0,3212,333509.90107109264,8489.266210886544
Region_03,2023-01-23,3431594.130404235,101.14421815142221,0,0,5.953890919646822,6.619764334321869,7469.628734331903,1347.5894377644584,10933.263355720772,9.0,3214,293551.6788922798,7714.493696505218
Region_03,2023-01-30,3431594.130404235,102.06761166210676,0,0,2.9810617033429834,6.613227172650215,8431.447918883474,1359.9462281285244,8578.704373637236,10.0,3216,322980.773916061,8095.917552676425
Region_03,2023-02-06,3431594.130404235,101.5382810286077,0,0,1.8377252733739247,7.023134935770715,6340.386858711802,1237.5321302910554,9921.506451168252,10.0,3218,315114.9462057083,7389.950960406847
Region_03,2023-02-13,3431594.130404235,101.56768032753587,0,0,4.861247945296959,6.889143838209698,7413.114453384576,1181.6287139272856,10001.221359749314,10.0,3220,282029.59641727933,8561.28083364368
Region_03,2023-02-20,3431594.130404235,101.19225638045123,0,0,5.093980276964429,6.771005136024963,8201.937496084414,1351.658056633942,9466.512059475597,10.0,3222,313275.93986616173,7347.049620967428
Region_03,2023-02-27,3431594.130404235,101.0613099024496,0,0,6.668026498406949,6.86571925886111,7819.412371997165,1352.569566222979,9335.966401641244,10.0,3224,279709.930287042,7707.823090367432
Region_03,2023-03-06,3431594.130404235,101.22539642809083,1,0,5.903374728474474,6.999571842489555,6065.658763297474,1618.754924309038,8755.52732227007,10.0,3226,338421.3755980036,8367.817394583957
Region_03,2023-03-13,3431594.130404235,101.21521095127719,0,0,9.085849999110152,6.60228850383597,8535.016409815713,1217.4833423221098,7155.199473166688,10.0,3228,303449.08504094696,7235.803505030038
Region_03,2023-03-20,3431594.130404235,100.88473254888588,0,0,7.204274232678263,6.7005691042655435,6911.396522875959,1169.4645194001705,7747.948102925448,10.0,3230,284095.2818012697,6860.3356426678965
Region_03,2023-03-27,3431594.130404235,101.94111725187855,0,0,9.192636974243642,6.630559195697371,10498.932929216611,1247.376897335229,7289.546019835293,10.0,3232,267268.5035529962,7673.962672127967
Region_03,2023-04-03,3431594.130404235,101.87272908233288,1,0,8.075931573731983,6.645532846499641,7726.759889045255,1065.560947880396,6327.688933264693,10.0,3234,305863.83970555966,7385.494783865962
Region_03,2023-04-10,3431594.130404235,101.79268655807356,1,0,9.715722396721834,6.721440763560977,10996.23240731463,958.5955680992968,8505.15952223118,10.0,3236,292003.6609133502,7324.364624328977
Region_03,2023-04-17,3431594.130404235,102.35413438934157,0,0,12.180992949781833,6.688144314944324,8739.580063167507,1330.7364338741852,7089.989801066968,10.0,3238,313469.8203549203,7346.116978536733
Region_03,2023-04-24,3431594.130404235,102.37038549335585,0,0,11.804714336864793,7.0324955101060045,8486.943756538381,1187.9136121012184,8195.812362939792,10.0,3240,279067.1586387431,7133.023498632844
Region_03,2023-05-01,3431594.130404235,102.27990647789768,0,0,12.998486264820379,7.202404620930503,7411.311638657235,1099.6362870692346,6344.441114600717,10.0,3242,293124.37607878074,8220.4681138863
Region_03,2023-05-08,3431594.130404235,102.76134839044492,0,0,14.192911053607055,7.171453546482889,7809.359608024138,1169.6176607363373,7799.355685987564,10.0,3244,303245.6359222567,8126.262948126804
Region_03,2023-05-15,3431594.130404235,102.25779816627839,0,0,15.648512197012035,7.219521621747662,8478.099144746668,1224.2943830859158,7260.604202402188,10.0,3246,296816.86180004117,7168.563390655296
Region_03,2023-05-22,3431594.130404235,102.63932392066157,1,0,17.107953184056665,7.555454959911118,5997.36724080476,1180.6881064755692,6631.791970336313,10.0,3248,315844.29596101586,7649.736790008607
Region_03,2023-05-29,3431594.130404235,103.16085288683732,0,0,17.706937673184235,7.8159892983481285,9168.25067375411,1230.8172986759319,6462.087018549779,10.0,3250,292076.61732899875,7477.106897499149
Region_03,2023-06-05,3431594.130404235,103.49967203032237,0,0,18.59395388117344,8.22043844282831,6707.685908720285,1019.1597287279706,7912.262425280016,10.0,3252,306632.933508341,8106.389483838724
Region_03,2023-06-12,3431594.130404235,103.42103734038106,0,0,17.75281147183555,8.206256691626278,7651.432009026661,1011.0915181179942,8175.753041458673,10.0,3254,282537.7063587002,7361.3590830038
Region_03,2023-06-19,3431594.130404235,103.42705526403454,0,0,16.90601115994212,8.274618122414024,5352.110488711458,1252.1532072078173,7777.269323231087,10.0,3256,304575.76662946574,8315.702468821935
Region_03,2023-06-26,3431594.130404235,102.58508410867948,0,0,15.505364088163123,8.902454173212307,8480.614948481172,1195.0254866171795,7056.3812511556935,10.0,3258,279650.6470233558,7661.523872237089
Region_03,2023-07-03,3431594.130404235,102.53036317317977,0,0,17.43751496637227,8.919164159028526,8845.855886396568,1142.4900918676574,7222.293290472793,10.0,3260,299745.41632879165,7395.37309590487
Region_03,2023-07-10,3431594.130404235,102.6837464142203,0,0,16.700649424647352,9.448654223749578,8273.623314203363,1128.3768964869937,8480.985265128107,10.0,3262,281203.8892015249,7653.421840899888
Region_03,2023-07-17,3431594.130404235,103.1237766888434,0,0,14.982724728597258,9.728932860293435,8320.328243369515,1120.3023566710428,5668.95880381184,10.0,3264,293677.2761047724,7450.722675422127
Region_03,2023-07-24,3431594.130404235,103.20398331673525,1,0,19.93983980566358,9.629869187283463,7526.315902130911,967.1964687246982,7420.466458159559,10.0,3266,320941.3556103435,8596.441501051775
Region_03,2023-07-31,3431594.130404235,103.02082160449585,0,0,14.262740041370401,9.241992203975213,8118.164806966044,1214.2556296624114,7574.9527320144825,10.0,3268,315689.90478655807,7741.501253246188
Region_03,2023-08-07,3431594.130404235,102.61492087806843,0,0,17.08784331275356,9.460635220498588,9457.682736662144,1130.2062481125445,7711.44158095001,10.0,3270,271934.4109864622,7490.0057827266955
Region_03,2023-08-14,3431594.130404235,102.60197581866143,0,0,16.794892528240972,9.279991849733063,7467.414621462883,1208.3218505873713,8208.923382638168,10.0,3272,286148.3555381018,7705.669004279111
Region_03,2023-08-21,3431594.130404235,102.67835104704591,1,0,14.915283013049253,9.098411263728417,8539.664216335894,1275.8688623124854,8821.151706330143,10.0,3274,297722.1637515625,8264.176223415188
Region_03,2023-08-28,3431594.130404235,103.28759925123731,0,0,18.430615107611494,8.612390733003602,8822.204582746355,1211.115865106753,7666.267397430694,10.0,3276,314255.84722100873,7303.833546393684
Region_03,2023-09-04,3431594.130404235,103.30162664124298,0,0,13.715017362225542,8.996009572458112,7676.169191237379,1151.7659395029593,8043.8375741355885,10.0,3278,284339.0149029974,7074.8293833810485
Region_03,2023-09-11,3431594.130404235,103.0632115176032,1,0,11.641020853329238,9.05666779963772,8219.293554967735,1101.6328584533,8091.166442967591,10.0,3280,322786.5475682378,8188.798525775038
Region_03,2023-09-18,3431594.130404235,103.01966574695699,0,0,14.550708455222427,9.094507399276665,8196.446584960782,976.0325462822123,7024.843297838932,10.0,3282,288012.0773746016,7868.56550854424
Region_03,2023-09-25,3431594.130404235,102.78995717438372,0,0,9.716952153990281,9.242509055942849,7392.02255661152,1068.1483957481028,7451.125724376811,10.0,3284,276871.12792659627,7525.222061324301
Region_03,2023-10-02,3431594.130404235,102.68321359663456,0,0,7.788722912657331,9.345529613416073,11293.554374191208,1431.579116901155,8258.588115817112,10.0,3286,299611.6501861148,7687.220531938281
Region_03,2023-10-09,3431594.130404235,101.59986703132581,1,0,7.47652215838079,9.404551462298674,7458.341346269764,1048.649962540911,9680.07658452397,10.0,3288,296441.24240052514,8143.706993185269
Region_03,2023-10-16,3431594.130404235,100.82063154247295,0,0,7.077443895789454,9.58927196786423,10174.519065081271,1151.3730534982856,8015.86597268139,10.0,3290,309610.4893086051,6705.830530684319
Region_03,2023-10-23,3431594.130404235,100.23874493467073,1,0,7.1986682857624125,9.538031215851763,9271.519334060791,1239.3986639019067,8461.640261379907,10.0,3292,327706.63831602153,8202.442207413387
Region_03,2023-10-30,3431594.130404235,100.4786651959332,0,0,6.7607832287140734,8.799789754374785,5913.8845507259175,1225.545754638878,8576.567072699592,10.0,3294,319572.4947142697,7639.079628229729
Region_03,2023-11-06,3431594.130404235,100.4493229451154,0,0,3.112148495981904,9.05079136977337,8235.402974134431,1333.2757170128655,10423.648391465389,10.0,3296,285450.54824637156,7990.345368031352
Region_03,2023-11-13,3431594.130404235,100.53133805684281,0,1,5.1927594637851024,9.208577186460932,9221.13409217884,1097.5780904185788,10470.743279161516,10.0,3298,351179.7092627729,7717.079045126954
Region_03,2023-11-20,3431594.130404235,101.11583301973492,0,1,7.369589991652447,9.246688836164292,8937.201138644143,1309.7719539005138,11040.367266143758,10.0,3300,341397.4402246523,9064.400592176362
Region_03,2023-11-27,3431594.130404235,100.60916594568813,0,1,2.2974808413134173,9.751221100296418,6965.648376925981,1187.9176419124135,8688.22664728252,10.0,3302,297846.77151172387,7511.038887318814
Region_03,2023-12-04,3431594.130404235,101.18384574517654,0,1,2.682518922113317,9.366642620264146,8244.532807487554,1333.733843501127,9998.209843432747,10.0,3304,362813.41780991235,8204.573398410745
Region_03,2023-12-11,3431594.130404235,101.38320321741695,0,1,3.543202089112053,8.535607773903656,6673.374577161555,1395.1549893825431,10224.015090678957,10.0,3306,353389.95146564324,6836.022432536479
Region_03,2023-12-18,3431594.130404235,101.03905021617751,0,1,4.030010038963988,9.010249289539551,6829.3109415482595,1339.145332686111,9324.493496023277,10.0,3308,309275.2819302577,7787.896784742614
Region_03,2023-12-25,3431594.130404235,101.78458018310275,0,0,1.0096602183277377,9.165031039607937,7669.213063078879,1491.4342054717115,9757.016186268138,10.0,3310,305076.59617844597,8080.186248502964
Region_04,2021-01-04,2370622.3704155944,99.30349521111478,0,0,0.5036245797239132,-0.4581285549016878,5637.366133295789,631.5292921800146,5546.285652894003,6.0,3000,191270.81015467434,4946.971319947766
Region_04,2021-01-11,2370622.3704155944,98.75509994803535,0,0,0.49108779138998493,-0.5482137967645648,6924.595746718907,546.5250843808396,6323.443439325274,6.0,3002,205455.08387536285,4912.579093044933
Region_04,2021-01-18,2370622.3704155944,98.66106771863275,0,0,3.866020917010795,-0.3323487978834092,5777.679927412328,467.4537394572144,7233.6854942866685,6.0,3004,209215.51375945238,5474.260476848043
Region_04,2021-01-25,2370622.3704155944,98.87029406049206,0,0,3.855242717479998,-0.6624678804215784,6397.4499781340555,436.3711516704501,6523.836392804027,6.0,3006,213198.94319000188,5718.186483829885
Region_04,2021-02-01,2370622.3704155944,98.78449406655753,0,0,-0.4092461708962496,-0.46578096177061357,4607.887045333685,431.5855974209952,5649.511474708634,6.0,3008,198424.8137057335,5759.969147043014
Region_04,2021-02-08,2370622.3704155944,97.73749676592514,0,0,0.1286249266726407,0.19653465600808062,4637.163186593261,432.64089956350125,7498.45295760087,6.0,3010,207842.56031122952,5253.956571749713
Region_04,2021-02-15,2370622.3704155944,97.59874293374628,0,0,2.0962134978397184,0.6419566463340254,5111.353497638339,453.1855980542862,7053.537359711354,6.0,3012,199259.00484763042,5538.264105269174
Region_04,2021-02-22,2370622.3704155944,97.56586216303361,0,0,2.379312613316891,0.6641254513157713,7074.965740946514,448.02839800031154,6277.589176977399,6.0,3014,212337.36361233387,5069.148401449388
Region_04,2021-03-01,2370622.3704155944,98.83234668082115,0,0,6.0446705885095895,0.7917258959122193,4515.359474565185,453.88614922968964,5823.684377037197,6.0,3016,213848.6618838014,5902.594746871639
Region_04,2021-03-08,2370622.3704155944,99.51998935736057,0,0,6.582970499964112,0.5406301443777854,4357.834499921247,499.8322859488029,6078.338450854596,6.0,3018,207395.98412539845,5265.3105962048185
Region_04,2021-03-15,2370622.3704155944,99.58944467462976,0,0,10.11105935644083,0.6113799290424571,5424.385267714765,407.57392576880403,5299.036452116644,6.0,3020,218141.66966703953,5769.917311767117
Region_04,2021-03-22,2370622.3704155944,99.05890320899336,0,0,9.260662904679181,0.5438010877192522,6519.845324687887,441.8018363241406,5721.768053849858,6.0,3022,214375.88995668004,5336.453768022081
Region_04,2021-03-29,2370622.3704155944,99.23646094864073,0,0,9.188052742121647,0.2790604806889013,4326.941278572419,387.1265563599918,4966.355392779079,6.0,3024,209211.88570110465,5297.236933168327
Region_04,2021-04-05,2370622.3704155944,98.66869670719369,0,0,11.762963328833205,-0.08960314943754782,5286.0550075586025,434.68543365731966,4765.851692354541,6.0,3026,217605.77800659166,5808.809884189672
Region_04,2021-04-12,2370622.3704155944,98.77739622660948,0,0,9.573062045749689,0.5167769237276005,4501.558090546071,380.28191654868226,5790.362931262497,6.0,3028,193971.17762892027,5163.384471163317
Region_04,2021-04-19,2370622.3704155944,98.96695963174564,0,0,9.753902192653728,0.5738069620562554,6770.326159836928,450.5061437542166,5056.712475287652,6.0,3030,205653.72436510646,5742.358092166271
Region_04,2021-04-26,2370622.3704155944,98.77740036403172,0,0,12.853725994369178,0.30065559237234335,6064.690277212539,456.78424737347467,5666.3854214376715,6.0,3032,188755.90485156834,5283.642727106357
Region_04,2021-05-03,2370622.3704155944,98.90907792453638,0,0,15.114018622035859,0.2064767260530624,5706.637811384704,435.12495306901894,4960.2209406580405,6.0,3034,205103.97436820195,5123.439625202426
Region_04,2021-05-10,2370622.3704155944,98.75438666635299,0,0,12.04609391529534,0.6807603337488453,5445.546948447814,416.9560909549371,4849.695566111172,6.0,3036,201189.64665011677,5153.988393345896
Region_04,2021-05-17,2370622.3704155944,98.48071219609638,0,0,16.634080104500143,1.1947422735059545,5298.554813073851,364.4674701119603,5341.657794129054,6.0,3038,214661.99598983003,5675.607242119686
Region_04,2021-05-24,2370622.3704155944,99.24686370785072,0,0,17.263390391429862,1.0429025507781633,5594.433204789114,481.7322861107249,5229.436763404857,6.0,3040,200801.7948887693,5320.91808157256
Region_04,2021-05-31,2370622.3704155944,99.54210518817298,0,0,15.788099549082688,1.132381841309568,4989.484482089997,440.92668365258027,5468.433845660902,6.0,3042,199030.1020359385,5272.787905824853
Region_04,2021-06-07,2370622.3704155944,99.39865445886136,0,0,17.30828376109807,1.4289903741981487,4821.270050826497,398.66937032377683,4875.315225799006,6.0,3044,204124.15710832263,4968.340418456806
Region_04,2021-06-14,2370622.3704155944,99.02804078572608,1,0,17.03005992164559,1.3569941583575666,4663.380477242025,417.1898458803819,4954.622912718496,6.0,3046,219292.0946820269,5692.874226939479
Region_04,2021-06-21,2370622.3704155944,99.12373448366128,0,0,17.858149096085107,1.0380678048162069,5492.283328738117,384.1685151710741,5723.901378079574,6.0,3048,211084.3510769861,5667.384706027561
Region_04,2021-06-28,2370622.3704155944,99.41168703423693,0,0,19.138361568551883,0.7787847900604659,4882.333267859109,403.69692196253953,7031.365784394251,6.0,3050,197270.84914572423,5479.038850970295
Region_04,2021-07-05,2370622.3704155944,99.84018198197819,1,0,16.743451089008477,0.8130966975691851,6226.9189841773805,344.3918449124154,6225.681977768967,6.0,3052,204499.47034670156,5596.331590487668
Region_04,2021-07-12,2370622.3704155944,100.57579414360991,0,0,19.49257228675311,0.614195864384836,4035.8090805315237,440.726124399555,5319.411508523249,6.0,3054,188729.88502425243,4557.300391747068
Region_04,2021-07-19,2370622.3704155944,100.81159118452008,0,0,19.06019115638302,0.2593433509463596,5954.934964483644,383.75689282117526,5600.218396051063,6.0,3056,216564.81297529032,5262.528631419133
Region_04,2021-07-26,2370622.3704155944,100.26705158623923,0,0,18.82920903968532,0.22008100970282646,5925.331844502634,420.8182699188174,5965.832054252761,6.0,3058,192449.96043419925,5437.4124045446515
Region_04,2021-08-02,2370622.3704155944,101.27694774209954,0,0,14.049945873354105,0.5285781545999122,6545.085588404416,455.37933647208183,5208.318735210773,6.0,3060,199709.23428694473,5414.45581726524
Region_04,2021-08-09,2370622.3704155944,101.85772426218654,1,0,13.714450212801857,0.762843266574433,5283.880984329776,386.64950536718436,4844.723607244031,6.0,3062,206475.49377948744,5221.437356528
Region_04,2021-08-16,2370622.3704155944,102.27588082513014,0,0,17.009344259850394,0.7256261814421088,4403.99412850748,426.97774592246776,5338.08972288783,6.0,3064,212491.42689090787,5445.375723615294
Region_04,2021-08-23,2370622.3704155944,102.94349887581363,0,0,14.378664254526283,1.3246813737289918,4790.695122006171,386.9836103870485,5193.425181181887,6.0,3066,197334.870224718,5183.076762025701
Region_04,2021-08-30,2370622.3704155944,102.21640218900394,0,0,13.459119647234282,1.121471066476415,6464.9956372403185,399.41631078751607,4943.6561355113945,6.0,3068,215096.83090175822,5165.157678097152
Region_04,2021-09-06,2370622.3704155944,102.0399974474388,0,0,12.519833302030857,1.1297823352614433,5242.634918363787,426.18830417304315,4780.744388766881,6.0,3070,196547.58512693024,5046.292882101482
Region_04,2021-09-13,2370622.3704155944,101.79519394959873,0,0,10.758668049771591,0.7538400560426304,5160.941273868166,387.3077211202035,4286.908466013627,6.0,3072,205720.25858756935,5387.503650770186
Region_04,2021-09-20,2370622.3704155944,102.38992121291501,0,0,11.444237119768516,1.0161535560824233,5032.768044759916,559.1766361424352,5946.662967832306,6.0,3074,211495.8715691456,5197.987227543807
Region_04,2021-09-27,2370622.3704155944,101.81505052733849,0,0,9.829976984345889,1.0095016775737455,5429.151744448882,379.1820633120567,5046.227642216831,6.0,3076,213786.30371077036,5258.898896767442
Region_04,2021-10-04,2370622.3704155944,101.66357427554296,0,0,8.967459995399977,0.5391029239583434,5301.422959809334,506.3305570752134,5303.358691307907,6.0,3078,192441.7242722905,5773.247134445278
Region_04,2021-10-11,2370622.3704155944,102.42008729879568,0,0,9.731657424548843,0.3229772558734808,4366.5652019936715,382.84536962654437,6428.66347382814,6.0,3080,199518.8847162698,5374.140257432469
Region_04,2021-10-18,2370622.3704155944,102.74706666512365,0,0,6.250311636672247,0.8882926057179773,5022.860612614974,425.94164139937186,6419.5133195828175,6.0,3082,202589.4777037824,5377.736673605214
Region_04,2021-10-25,2370622.3704155944,102.56455411926545,0,0,8.843280054966838,1.1336516697245171,6347.542882355105,418.2267852763733,5582.713166814261,6.0,3084,185924.02507860676,4999.435568005553
Region_04,2021-11-01,2370622.3704155944,103.4995020690585,0,0,2.860728822382184,1.1968528851637064,6769.382210990805,365.0183049778628,6604.342066132079,6.0,3086,210373.65124042664,5266.943472500322
Region_04,2021-11-08,2370622.3704155944,102.85102712817442,0,0,9.24338997850948,1.4843572056569554,5383.18581666306,458.6098418667175,6258.5275915932425,6.0,3088,207975.78069966557,5693.677088567995
Region_04,2021-11-15,2370622.3704155944,103.08166712369938,0,1,2.5878895230175942,1.038611689298702,5082.026931678994,414.4156739825844,6622.512267123963,6.0,3090,234655.708148611,5576.332707951397
Region_04,2021-11-22,2370622.3704155944,102.97650634287977,0,1,4.866831726636454,0.8222030743316242,6679.25922906739,455.58926519793033,6543.725922988944,6.0,3092,213556.15612287342,5435.247966292399
Region_04,2021-11-29,2370622.3704155944,103.23542827834531,0,1,4.773837629691705,0.4571601791077928,5339.9056464285995,494.1470643564296,7957.315020487808,6.0,3094,231296.17544449418,5396.418017143732
Region_04,2021-12-06,2370622.3704155944,103.10637935528997,0,1,2.876347546488713,0.24047431999567875,4614.686781975345,408.9929179271458,7155.319070012405,6.0,3096,234394.347870492,5477.794565271283
Region_04,2021-12-13,2370622.3704155944,102.70094014489318,0,1,3.620834235168629,0.15619385547094655,5379.610948338995,507.8736376191837,6903.341138564543,6.0,3098,242175.54793239228,5591.558714196741
Region_04,2021-12-20,2370622.3704155944,102.81292467879607,0,1,2.033333455130239,0.343374174630777,6064.412457510454,518.0419194499946,6141.188690126023,6.0,3100,224383.02353265497,5396.035978773614
Region_04,2021-12-27,2370622.3704155944,102.17026729553716,0,0,-0.6629402584107247,0.6726858257172872,6878.827559619391,570.5289795590734,6178.723770663234,6.0,3102,213011.70949941792,4839.398725044437
Region_04,2022-01-03,2370622.3704155944,102.43876355981115,0,0,2.4917478870267824,0.9935582665340963,5103.492006946058,457.92439607471385,6347.562894563954,6.0,3104,226084.61565724434,6019.243127504817
Region_04,2022-01-10,2370622.3704155944,102.28790612404912,0,0,3.7697277304732335,1.8223320264976701,5928.100090353084,574.8051368085445,5376.129975929917,6.0,3106,201634.44518753863,5781.640911268952
Region_04,2022-01-17,2370622.3704155944,102.74933577785663,0,0,1.3567327153746922,1.704580941026724,5221.355286367402,531.3930182884378,5379.045856016929,6.0,3108,200980.32604055633,5405.521142035957
Region_04,2022-01-24,2370622.3704155944,102.53517174997135,0,0,-0.10449852698214457,1.7280127280710265,6471.583347255738,518.1957740585706,5916.645850926667,6.0,3110,201958.05911954193,5852.189120708135
Region_04,2022-01-31,2370622.3704155944,102.21021314393963,0,0,1.9628781604064867,1.908452439112794,5689.41225596151,432.3197547780057,7974.677870491105,6.0,3112,191844.19788834514,5146.764061627836
Region_04,2022-02-07,2370622.3704155944,102.41344079341744,0,0,3.8779509872679583,1.6907783376241465,5692.635263002392,454.367994049998,7152.369684011539,6.0,3114,202226.85634491194,5843.709023008872
Region_04,2022-02-14,2370622.3704155944,103.02834277583405,0,0,4.438425423749359,1.6340602667207516,4746.361744325514,437.64106657046784,6326.286241464752,6.0,3116,221911.7322478598,5492.728796718908
Region_04,2022-02-21,2370622.3704155944,102.01340483045384,1,0,6.347544295568579,1.7845012402337177,5229.219382743093,511.36013286245566,5938.902869145602,6.0,3118,210806.43394319032,5696.219099032645
Region_04,2022-02-28,2370622.3704155944,102.07838198859741,0,0,6.272618141006011,1.5502600094091639,5225.698380567899,482.96835931848,6590.14711241209,6.0,3120,203841.7011140238,5360.8579134595275
Region_04,2022-03-07,2370622.3704155944,102.39313296219275,0,0,7.02200952371885,1.7189132622026657,3239.251477006845,431.05523759893407,5497.0823852129615,6.0,3122,217271.94691161552,5464.873369303731
Region_04,2022-03-14,2370622.3704155944,101.6986146886811,0,0,4.07242837500314,2.112189392874068,6207.899608302068,412.5817679645657,4659.363148085404,6.0,3124,210746.1886198071,5564.575736789738
Region_04,2022-03-21,2370622.3704155944,101.27052472173838,1,0,11.453423476852393,1.8084029289437618,5470.416169762438,520.6805142515237,5732.735076222829,6.0,3126,223595.7571423711,5722.689349774134
Region_04,2022-03-28,2370622.3704155944,101.59342530252707,0,0,9.076675224432526,1.1564389641898647,5314.544513102325,403.8705173758612,5381.9987849163945,6.0,3128,202161.17909652088,5579.931429882194
Region_04,2022-04-04,2370622.3704155944,101.19174886453482,0,0,11.283570044564247,1.209336805425007,5197.124760734343,454.9532805679986,5856.699304951856,6.0,3130,204572.3286623251,5552.584762753315
Region_04,2022-04-11,2370622.3704155944,100.88300304397534,0,0,10.40143976953117,0.9273497791028626,5498.847879594617,497.28821239470074,5007.3601058216545,6.0,3132,205519.9563945824,5246.911091465378
Region_04,2022-04-18,2370622.3704155944,101.73523924922785,0,0,11.64895341304674,1.0067360630111526,5674.475082402414,440.05687297823795,5956.907305408886,6.0,3134,211612.0340472694,5877.249778669731
Region_04,2022-04-25,2370622.3704155944,101.27619983436236,0,0,12.894426876525296,0.9006488859717309,4526.862540904451,428.6213137622649,5872.674122865037,6.0,3136,205373.0236704685,5451.031410186321
Region_04,2022-05-02,2370622.3704155944,100.85624004819975,0,0,16.09104912113631,1.018760215365008,5578.660878379164,421.0842117346613,5180.32524539259,6.0,3138,214428.91426003305,5330.721578240852
Region_04,2022-05-09,2370622.3704155944,99.72134604843312,0,0,16.828802364056756,1.3832321298478338,5569.460853574691,418.8316731007481,5675.160008083518,6.0,3140,187441.75221273652,5289.137758890504
Region_04,2022-05-16,2370622.3704155944,99.18712188995872,0,0,16.217248712823565,1.6539656998814374,5500.088134798439,392.24793459447807,4063.743823091909,6.0,3142,214047.72678873217,5046.921201693161
Region_04,2022-05-23,2370622.3704155944,98.58588241867218,0,0,18.990184564894232,1.5745665221172125,4409.865086884163,426.9551178669924,5218.0998549780015,6.0,3144,201306.2823377222,5185.600156478639
Region_04,2022-05-30,2370622.3704155944,99.43649795592468,0,0,15.949180039202744,1.2533203126911072,5367.18794412973,448.71237000117003,4963.641914161876,6.0,3146,205683.26725806412,4968.816258613292
Region_04,2022-06-06,2370622.3704155944,100.04151097486886,0,0,17.8448889564032,0.5403320554070605,4542.349251381863,411.907321479184,5186.964152134617,6.0,3148,200584.04458429845,5425.078106929591
Region_04,2022-06-13,2370622.3704155944,99.42345109922044,0,0,16.753460059985358,-0.08058893688280744,5763.679517486768,449.8551051090843,5218.433009934575,6.0,3150,211817.84407514244,5358.239353512116
Region_04,2022-06-20,2370622.3704155944,100.3975827115168,0,0,19.718542931031834,-0.29149575582034615,6637.396385408695,394.44356068893046,4533.195349618551,6.0,3152,202744.6868891734,5417.741446166677
Region_04,2022-06-27,2370622.3704155944,100.78243317716655,0,0,17.96916530028581,-0.23721754755891933,6219.742397302459,441.84483263644523,4220.857150996266,6.0,3154,209909.74355177287,5027.4504467920415
Region_04,2022-07-04,2370622.3704155944,100.69863862263695,0,0,19.468232661507127,-0.41378546432925023,5212.643055682077,409.41725444492033,5029.163128079479,6.0,3156,195827.35801607964,5245.21904856983
Region_04,2022-07-11,2370622.3704155944,101.10219705587494,0,0,20.550827938013345,-0.5673333163437482,5061.59534692722,336.30117845603814,4897.620839597681,6.0,3158,204664.87514621203,5174.768994045536
Region_04,2022-07-18,2370622.3704155944,101.29500071138229,0,0,14.570987461942952,-1.0199114180676025,5043.183964750353,414.6937730500143,4915.364311963428,6.0,3160,215982.7722039059,5645.209719392029
Region_04,2022-07-25,2370622.3704155944,100.92291194061832,0,0,20.775087115594022,-1.4887860214712898,5763.592056993082,396.5850237013768,4637.608646992108,6.0,3162,215047.00770726334,4996.858238833783
Region_04,2022-08-01,2370622.3704155944,100.06080758224623,0,0,17.54641560947212,-1.9806640755533493,4970.408537439099,374.9581377470682,4801.073787375815,6.0,3164,200254.88483538496,4992.78940872966
Region_04,2022-08-08,2370622.3704155944,99.61735291835856,0,0,16.07108886659866,-1.7748888985880462,5065.704880296672,408.6542802544611,3933.3443656973204,6.0,3166,205055.14975996508,5706.713572033296
Region_04,2022-08-15,2370622.3704155944,99.61945182067615,0,0,13.03112833030879,-2.344783453337797,3799.0523203731173,383.3683742797567,5701.705119892757,6.0,3168,200628.95871391025,5491.448845772498
Region_04,2022-08-22,2370622.3704155944,99.44839930317204,0,0,14.818110317825303,-2.1243856208757297,4838.101320531885,397.9420344124034,4991.77779153753,6.0,3170,203186.56905810483,4970.835742455909
Region_04,2022-08-29,2370622.3704155944,99.08843455809877,0,0,11.000045487267954,-2.375534485841597,4885.297551170002,457.7434558070439,5729.38719655902,6.0,3172,205264.20148253482,5774.924418073677
Region_04,2022-09-05,2370622.3704155944,99.57343348530071,0,0,13.830184839653361,-2.199062236473374,5062.629528885039,438.9165639089207,5523.614784376229,6.0,3174,217546.33216377167,5825.936455686539
Region_04,2022-09-12,2370622.3704155944,99.05321029272604,0,0,12.554009347276585,-2.112093203609971,6538.281627393625,419.5771916116596,4916.993405287451,6.0,3176,210914.01656215324,5707.253318012624
Region_04,2022-09-19,2370622.3704155944,99.49691478148635,1,0,14.686217857914418,-1.8727298517547943,4493.061687410522,446.4037968923452,3921.659512484496,6.0,3178,235343.48001822538,4832.098714152738
Region_04,2022-09-26,2370622.3704155944,99.26365363366088,1,0,10.441734450525148,-1.5050550984018543,4511.041880562847,430.52404831493595,4125.950506071422,6.0,3180,236829.65269672757,5402.688929776766
Region_04,2022-10-03,2370622.3704155944,99.32180537445635,0,0,11.622441345324573,-1.7257174926084542,5978.00886319162,433.8998791366239,4445.425105075937,6.0,3182,192254.93072264595,5166.007238700649
Region_04,2022-10-10,2370622.3704155944,98.77375650171774,0,0,10.80246614065872,-2.003231593349124,4745.614894811346,486.1437163385854,4744.212353591422,6.0,3184,208031.26220864616,5304.631198786073
Region_04,2022-10-17,2370622.3704155944,98.7738336932137,0,0,11.228580375634536,-2.123163951842675,5346.96828668451,476.3900486857427,5508.784276037926,6.0,3186,201358.8989595957,5001.274790976565
Region_04,2022-10-24,2370622.3704155944,98.39226735389371,0,0,6.763724064029998,-2.3436632177651084,5616.827886473572,431.533458066809,5202.020677346047,6.0,3188,189897.4520132978,5898.091972221864
Region_04,2022-10-31,2370622.3704155944,97.53605951642635,1,0,7.430039475608867,-2.1380344898458774,5488.598389533669,451.59863969969354,5822.214830212918,6.0,3190,210478.51978177286,5238.501159089934
Region_04,2022-11-07,2370622.3704155944,97.53050312374631,0,0,3.106231887493747,-2.1639831842751502,4889.713536490807,547.2322528072506,5201.0327581836245,6.0,3192,201923.47621950222,5488.155507122044
Region_04,2022-11-14,2370622.3704155944,97.50916460730163,0,1,2.9756291913084403,-2.155354529805304,6261.185205875828,528.122875182922,6547.102966260017,7.0,3194,253185.96637963588,5690.01088174307
Region_04,2022-11-21,2370622.3704155944,97.92174554573583,0,1,3.5747896514471864,-2.0248582953881606,6813.960185890291,440.9451442796442,6600.4665657125415,7.0,3196,233371.24384688403,5619.6615182795185
Region_04,2022-11-28,2370622.3704155944,98.06564414251058,0,1,3.3630688904838855,-2.15988253907852,4729.908613710571,561.6165244927258,6247.827930755852,7.0,3198,230547.0070645405,5575.905326744431
Region_04,2022-12-05,2370622.3704155944,97.56969201972954,0,1,1.0347245962211156,-1.8272802269599928,5262.880806187306,523.6707820152496,6385.545675652242,7.0,3200,233297.97457810168,5384.644031190486
Region_04,2022-12-12,2370622.3704155944,97.27117239573987,0,1,1.870460281634744,-2.3705949768444627,6280.405019879317,482.86666651651933,6152.431410982267,7.0,3202,224982.2695391203,5529.246255171763
Region_04,2022-12-19,2370622.3704155944,96.05036648461325,0,1,3.292416018097306,-2.296634536192345,5312.414443365465,519.8882052816658,5839.495121008847,7.0,3204,236137.51923193983,5402.5082819978425
Region_04,2022-12-26,2370622.3704155944,95.50192449567845,0,0,1.3420489876612427,-2.1437906481380176,4732.000918262925,561.2685724172624,4776.8471418783865,7.0,3206,209182.12082043846,4892.226460168376
Region_04,2023-01-02,2370622.3704155944,96.14512027377852,0,0,1.747365077232529,-2.3690821926627517,5143.016740650145,497.17221497428557,5516.885530504795,7.0,3208,193198.75483117806,5751.836585337855
Region_04,2023-01-09,2370622.3704155944,96.89552182201955,0,0,0.6766944728242446,-2.572470691142421,6181.878739451055,563.3196235929428,6817.9667832775585,7.0,3210,203418.94824886136,5302.254808093273
Region_04,2023-01-16,2370622.3704155944,97.27501355829153,1,0,4.340813110708551,-2.3001092760424617,4735.612060804518,581.9089780919678,6735.60493153088,7.0,3212,264362.04216656263,5338.853643139623
Region_04,2023-01-23,2370622.3704155944,97.42762498028127,0,0,5.239728386773998,-2.3926474262343502,5682.233196537377,477.57626019124507,6723.07069855742,7.0,3214,215613.25756633878,5388.982725386416
Region_04,2023-01-30,2370622.3704155944,97.72069999507555,0,0,3.2180752855618624,-2.963387509423237,5789.093117841956,462.22732534913865,5948.914713710931,7.0,3216,206769.84713829705,5109.112068501798
Region_04,2023-02-06,2370622.3704155944,97.96400281761838,0,0,3.2274927838579077,-3.3638310657609347,4978.981449493055,564.6378147882301,5592.419035413336,7.0,3218,214469.1453468504,5143.904678494564
Region_04,2023-02-13,2370622.3704155944,97.11237247686988,0,0,6.558404101295743,-3.061638274608486,5945.918075853938,538.658667136286,6554.581184423056,7.0,3220,198431.58126311516,4991.305185575468
Region_04,2023-02-20,2370622.3704155944,96.68536274011501,0,0,5.4188386116331895,-3.3228480313248787,6034.593083570847,546.3477007281342,5315.361543250651,7.0,3222,209087.99453236768,5584.6980608175145
Region_04,2023-02-27,2370622.3704155944,97.27301763793608,0,0,4.414638920850632,-2.930691937907938,6332.883340775099,454.88316657972996,4996.4337488199435,7.0,3224,216290.01555664442,5755.881100607486
Region_04,2023-03-06,2370622.3704155944,97.85827526356209,0,0,4.197876877738455,-2.5210280970379175,6272.914740219142,625.5084430884826,4867.846868214994,7.0,3226,191528.47311610653,5456.209275195198
Region_04,2023-03-13,2370622.3704155944,97.9799427288139,0,0,6.246346308928816,-2.5800465415261713,4406.123979987767,460.3799059234603,4447.953836139562,7.0,3228,199490.72278777347,5121.086242034513
Region_04,2023-03-20,2370622.3704155944,97.83011806108027,0,0,11.449340133542204,-2.4171585687725203,6238.285086012839,602.262040994972,4356.206617251485,7.0,3230,202814.711815642,5776.491656169098
Region_04,2023-03-27,2370622.3704155944,97.64340193081443,0,0,8.1132867069175,-2.663193055089092,5960.531017046509,414.7812975304614,4788.185626660187,7.0,3232,203762.32617827278,5330.383435232105
Region_04,2023-04-03,2370622.3704155944,97.37836530281713,0,0,14.432681483643615,-2.782997767940304,6313.788098182104,494.35574426311496,3774.510661891003,7.0,3234,200882.48945899782,4972.931782311286
Region_04,2023-04-10,2370622.3704155944,96.92442690558067,0,0,10.951432531720409,-2.9911645802611613,4837.584086130169,447.2709061088141,4720.983521612475,7.0,3236,209594.37606774352,4920.029826598936
Region_04,2023-04-17,2370622.3704155944,95.97698202556398,0,0,11.572734099368887,-2.815262184236666,6246.723480621447,376.2707582470061,5232.0134182017755,7.0,3238,217806.47635893154,5447.642873827938
Region_04,2023-04-24,2370622.3704155944,96.05345284614496,0,0,14.862531471773234,-3.1980839360071314,5780.731204863804,467.19798725003676,4733.927876978871,7.0,3240,210445.4694619143,5787.966249085557
Region_04,2023-05-01,2370622.3704155944,95.83324982109482,0,0,13.331768042762814,-3.2374713111883406,4625.313242213178,454.37414833043727,4330.436145710972,7.0,3242,217966.30837783605,5282.005135849201
Region_04,2023-05-08,2370622.3704155944,95.73044996925424,1,0,15.118736624954536,-3.2229552664592687,6591.693497979736,433.6462129649452,5214.529983829718,7.0,3244,233445.67711036452,5199.82505700968
Region_04,2023-05-15,2370622.3704155944,96.57941230664723,0,0,13.697320600888172,-3.0691661289714838,4887.917411071086,386.3679489844212,4853.62024187171,7.0,3246,200459.35720024153,5315.756963856558
Region_04,2023-05-22,2370622.3704155944,96.87440225982638,0,0,14.06567151403949,-3.7031579126026393,4723.345645701592,483.46686681346796,3837.7984662397967,7.0,3248,208660.9512876661,5149.006209161407
Region_04,2023-05-29,2370622.3704155944,96.53068823795597,0,0,15.441047084736834,-4.237723138882615,5802.340849153728,474.80157365484655,4898.9405493974655,7.0,3250,202992.3315992016,5267.021606544194
Region_04,2023-06-05,2370622.3704155944,96.82002227822369,0,0,17.418727172707484,-4.5013774942878975,5014.639439516084,455.35735068634176,5292.639938613283,7.0,3252,212785.26109237212,5459.8157482308925
Region_04,2023-06-12,2370622.3704155944,96.0801259132939,0,0,16.450523722991175,-4.5694374703760285,5772.06369580237,405.2965087042193,4704.26101103795,7.0,3254,202529.22550909527,5182.556328316183
Region_04,2023-06-19,2370622.3704155944,96.60209514147908,0,0,14.739594476435096,-4.529344278846248,5283.997848757289,467.3948466528208,4539.325254051555,7.0,3256,203881.60361654198,5645.09643215772
Region_04,2023-06-26,2370622.3704155944,96.73489369065054,0,0,18.66752522362677,-4.473636123189001,5706.733675323618,430.3615274553446,5149.881422234277,7.0,3258,223627.5090067979,5111.947565895843
Region_04,2023-07-03,2370622.3704155944,96.64193112820567,0,0,17.73996526926382,-3.8736730791231655,6167.350465863722,395.8311527187602,4068.1131758764036,7.0,3260,203934.30545980617,5556.894470956177
Region_04,2023-07-10,2370622.3704155944,96.92675224315172,0,0,17.505253199377407,-3.6804469259227317,5450.236407241661,406.51376007734837,4752.03216545685,7.0,3262,191008.50245444203,5490.669404257969
Region_04,2023-07-17,2370622.3704155944,97.64847002883982,0,0,16.818032281841255,-3.5073655433679476,6215.561648239405,462.1200107196544,4183.496107611772,7.0,3264,206718.4857804131,5278.254394946087
Region_04,2023-07-24,2370622.3704155944,97.42195553972525,0,0,14.00879920451938,-3.6553029796108203,6196.296257910044,497.24900611905736,5106.570331454877,7.0,3266,208911.0163470838,5305.4871636050175
Region_04,2023-07-31,2370622.3704155944,96.93663300952943,0,0,19.523551268017897,-3.4241803250981944,4848.541364282284,425.25568920120924,3636.0684422936247,7.0,3268,200676.5237623283,5293.6526884005525
Region_04,2023-08-07,2370622.3704155944,97.98391992442926,0,0,15.83928293917605,-3.2206972584452482,6203.596659796147,375.7883751255684,3992.7919881477806,7.0,3270,205191.47748851328,5830.950910750323
Region_04,2023-08-14,2370622.3704155944,97.99424081362596,1,0,16.794036067591854,-3.023492830837472,5993.270641102577,412.48204765096847,3999.1505103576123,7.0,3272,231444.7792278124,5160.090068925904
Region_04,2023-08-21,2370622.3704155944,98.7352097982984,0,0,17.44333102628913,-3.0601217536549856,5585.800388084722,504.18655698564214,5121.805499063581,7.0,3274,199698.4401805674,5702.575023279983
Region_04,2023-08-28,2370622.3704155944,98.40379966891393,0,0,16.277577647408066,-2.877229512676821,6445.617442019992,433.9490929804187,4720.995948583176,7.0,3276,202942.64908788586,5641.101734042516
Region_04,2023-09-04,2370622.3704155944,98.59337246381483,0,0,14.024805635543466,-2.4257079937980563,6970.323890069389,443.1321588431364,5325.4275683112355,7.0,3278,198701.78759694277,5315.5927440955065
Region_04,2023-09-11,2370622.3704155944,98.27896854967352,0,0,12.846740975472306,-2.666581785906522,6118.735066236393,420.74819870810387,3852.5035773135933,7.0,3280,208010.6485709633,5798.951429272343
Region_04,2023-09-18,2370622.3704155944,98.59465776213028,0,0,12.3819230709769,-3.3139848575084083,4424.832434333371,413.34108947686946,4661.559980710629,7.0,3282,203148.93934295696,4761.679053069687
Region_04,2023-09-25,2370622.3704155944,98.4604314667381,0,0,12.356526490904601,-3.07302120413777,5844.854938994139,425.4312823666853,4534.0418243148515,7.0,3284,195999.52467352131,5450.952384041547
Region_04,2023-10-02,2370622.3704155944,98.1315616537142,0,0,10.887602905332862,-2.8578829253626847,5374.833745073787,417.80175972277823,4238.430055878697,7.0,3286,203589.20607643714,5408.337910397694
Region_04,2023-10-09,2370622.3704155944,98.90119461679063,0,0,8.344137890047048,-2.930442971669513,5268.722055841172,416.32276714790095,5013.271638520236,7.0,3288,224331.49709088024,5407.978769218531
Region_04,2023-10-16,2370622.3704155944,99.07147522614495,1,0,8.774914813238182,-3.066444414212075,5761.1519834080145,431.7894029780062,4404.045331156124,7.0,3290,201636.65143666003,5592.1918777714845
Region_04,2023-10-23,2370622.3704155944,98.06977280378588,1,0,7.741383657466385,-2.2483582705294,5225.031068272501,533.403396366365,4135.74727606436,7.0,3292,206936.84726363767,5298.312507330852
Region_04,2023-10-30,2370622.3704155944,97.95553403248697,0,0,7.34864390322509,-2.3907696413446335,6947.739849297259,486.69170367375193,4881.069935053947,7.0,3294,210124.50199905294,5379.9072278402555
Region_04,2023-11-06,2370622.3704155944,97.50378337158811,0,0,5.768045691110025,-2.7581135619477415,5704.1289547168335,450.2497591362698,4640.311360954578,7.0,3296,193477.35639201535,5759.191765441358
Region_04,2023-11-13,2370622.3704155944,96.90293512223057,0,1,6.801042210536393,-2.9044380122117386,5495.56044292524,472.70139255828974,5854.922150324648,7.0,3298,256215.04432843992,5420.696548479625
Region_04,2023-11-20,2370622.3704155944,96.61615316151662,0,1,4.31913379659641,-2.759036898182414,6142.3905316200935,488.5731792797474,5914.91020336297,7.0,3300,216897.19419223827,5178.510208285819
Region_04,2023-11-27,2370622.3704155944,96.3817202900062,0,1,4.781359812978753,-2.9454649054539463,6157.907419384265,489.3147701576456,5819.834837641303,7.0,3302,218875.89247857453,5611.954762512421
Region_04,2023-12-04,2370622.3704155944,96.40010302841154,1,1,2.9810107268728037,-3.0657216794791973,6509.87765525241,510.454577213534,6992.291094608534,7.0,3304,243168.633646316,5473.884318802746
Region_04,2023-12-11,2370622.3704155944,96.00915123724566,0,1,1.633245419860569,-2.979062767350054,6010.6846816358375,498.66520513696184,6011.319621179254,7.0,3306,246822.65269026195,5316.730643651697
Region_04,2023-12-18,2370622.3704155944,95.08892332731723,0,1,0.7736772179520053,-3.111392515987771,5453.398685419903,563.43297455046,4453.846441752115,7.0,3308,244440.28043166175,5627.571623802335
Region_04,2023-12-25,2370622.3704155944,94.82535580674569,0,0,1.8112099644217194,-3.0780036821446632,5591.372636612157,514.2601413766138,4839.022129143894,7.0,3310,215726.8241143006,5252.196093844989
Region_05,2021-01-04,3079308.8004891635,100.43734997885913,0,0,2.8226342489372507,-0.01713543678075543,5202.557937579646,778.9910004202784,7813.201797753451,8.0,3000,266881.57177905145,6498.720979852126
Region_05,2021-01-11,3079308.8004891635,99.76250036775315,0,0,4.00747106435915,-0.33844284657108614,5752.471983927139,769.690702157292,8124.516144348281,8.0,3002,282898.22309804376,6808.439577775442
Region_05,2021-01-18,3079308.8004891635,100.07058339470055,0,0,2.0923425290904687,-0.3218074401942866,8282.781519743188,696.7946098430368,9597.064590426417,8.0,3004,243581.09114982365,6884.658540520534
Region_05,2021-01-25,3079308.8004891635,100.29946052711966,0,0,1.7176621018269569,-0.6725868841736785,6790.832414120936,777.0490683378107,8616.811222422251,8.0,3006,269532.2517300168,6966.64062435242
Region_05,2021-02-01,3079308.8004891635,100.07885489078373,0,0,2.1320660203638386,-0.3996793494830211,9269.075037818277,841.402402469705,7141.501099795195,8.0,3008,284890.89731002634,6514.210326924679
Region_05,2021-02-08,3079308.8004891635,100.23360876894556,0,0,5.400627883915891,-0.6825582780402162,9254.831646645118,870.2863979883956,9387.520845764027,8.0,3010,252533.67859514602,7553.347442692654
Region_05,2021-02-15,3079308.8004891635,99.86359363587957,0,0,4.1732544161166985,-0.7586023370443531,5936.763735655297,788.2760188642008,8810.956677008018,8.0,3012,270252.85005233035,7172.551667782425
Region_05,2021-02-22,3079308.8004891635,99.66655643056157,0,0,3.9228572433386804,-1.305347471203347,7450.486275036432,922.4280026097603,8214.750804021567,8.0,3014,282028.1038547968,6963.276133827772
Region_05,2021-03-01,3079308.8004891635,99.16138491602162,0,0,6.592892568830789,-1.4436197533436956,10837.640439554116,878.1468258472448,8001.997878457764,8.0,3016,282532.8036551899,6988.365182020549
Region_05,2021-03-08,3079308.8004891635,99.39325589326572,0,0,4.247579019071276,-1.8211045938081105,6351.935644239919,849.4539850843514,7659.544375227334,8.0,3018,264414.5783115798,6121.438247068062
Region_05,2021-03-15,3079308.8004891635,100.07410914629224,0,0,7.340929425573282,-1.3817806197835516,7543.2421637152365,683.7489632949969,7139.424256845279,8.0,3020,289893.6419764262,7231.341630395894
Region_05,2021-03-22,3079308.8004891635,99.73847220930627,0,0,8.017900552496032,-1.423256651830721,6888.3148986391525,796.2741753627838,7601.658842175628,8.0,3022,271656.2423826204,6560.43078509417
Region_05,2021-03-29,3079308.8004891635,100.33331184816755,1,0,8.827535160873415,-1.2732720032354454,6877.360608150275,804.2313497110938,7521.0409663228975,8.0,3024,294858.86272548675,7096.934710385783
Region_05,2021-04-05,3079308.8004891635,99.27524764993238,0,0,8.222636270042988,-1.7997456785363442,6839.792443182658,808.7886034465173,7196.798085177378,8.0,3026,251554.7392882238,6491.5331275770595
Region_05,2021-04-12,3079308.8004891635,98.83682614335196,0,0,12.47347937713805,-2.174495522606075,7104.974747599629,687.3022767367518,7550.923267026985,8.0,3028,255384.02032276907,7234.570955585342
Region_05,2021-04-19,3079308.8004891635,98.33539075842394,0,0,14.502001361569059,-2.230855174933952,7958.453961389373,778.6075649491532,6256.987058442107,8.0,3030,255829.65721409325,6708.662045228481
Region_05,2021-04-26,3079308.8004891635,99.19084588964775,0,0,10.798112194836648,-2.6407440008825134,6337.408352363903,709.8770081629938,7068.337539938513,8.0,3032,288191.59193490766,6814.330582616999
Region_05,2021-05-03,3079308.8004891635,98.898204860233,0,0,13.90119536227766,-2.306779082060658,7665.711114623998,716.988235623965,6172.703580611264,8.0,3034,235800.99824993583,7408.556957020004
Region_05,2021-05-10,3079308.8004891635,99.28606835515122,0,0,15.535874987091017,-2.4328455982519115,6428.321341570611,649.8914809308103,7084.662502986196,8.0,3036,241186.50171001934,7199.256758073861
Region_05,2021-05-17,3079308.8004891635,98.26916956642675,0,0,18.777466871518143,-2.394531475921245,7687.619223665122,770.555778445079,6270.978244398679,8.0,3038,275144.809578167,6391.184396060178
Region_05,2021-05-24,3079308.8004891635,98.32663352145224,0,0,15.346415634872768,-2.3106759632411316,7459.032794698035,710.8794496715534,8376.3107029552,8.0,3040,266732.34902873053,6617.975204511778
Region_05,2021-05-31,3079308.8004891635,98.60851337904994,0,0,15.123730672153611,-2.3617384576098917,6362.260640366176,668.6943048048098,6653.414853447043,8.0,3042,229073.63019625843,6927.114556497134
Region_05,2021-06-07,3079308.8004891635,98.59072489729908,0,0,17.07584391735918,-2.137977990697616,7270.745990889804,653.2469554973197,6195.429044944024,8.0,3044,259120.0427407167,6770.533799372035
Region_05,2021-06-14,3079308.8004891635,97.23760594513611,0,0,20.57703787744114,-2.344757497260077,6401.406586521121,709.5973049420193,5706.9664574221215,8.0,3046,261461.80020571628,7134.214205407026
Region_05,2021-06-21,3079308.8004891635,97.32607615681376,0,0,17.8736378095349,-2.242690231604835,6299.6130512021955,725.716567176537,6623.931621075888,8.0,3048,280849.44187001017,6598.173674012701
Region_05,2021-06-28,3079308.8004891635,97.72988538388111,0,0,18.348121970990224,-1.8935577982101504,8443.931569735869,699.1799181391403,7412.297160562079,8.0,3050,241479.50975204568,6232.86730045475
Region_05,2021-07-05,3079308.8004891635,98.38734766023822,0,0,20.729739288968155,-1.8371531665141403,5466.759012039332,853.4101433786644,6279.381030416386,8.0,3052,258405.41798098013,6561.315494270239
Region_05,2021-07-12,3079308.8004891635,98.58608350507302,0,0,14.656001335369552,-1.807030650496865,7727.055755562675,703.0398816462871,7082.38563696645,8.0,3054,278574.98064940044,6776.215454496375
Region_05,2021-07-19,3079308.8004891635,97.74642774796891,0,0,14.43413905021086,-1.912765390120154,7895.221407270013,687.0417421097548,6838.161841558881,8.0,3056,274829.56360797235,7026.325486507938
Region_05,2021-07-26,3079308.8004891635,97.64285778877607,0,0,18.875239276186928,-1.902629844702512,6535.549628434624,770.6942431839755,7249.668990839267,8.0,3058,253800.3340997107,7109.6802871691125
Region_05,2021-08-02,3079308.8004891635,98.09294073205936,0,0,18.27470856317679,-1.7093467013738366,8346.553720480875,852.3755643329806,6550.1283451470545,8.0,3060,262187.4927982702,7316.587319721472
Region_05,2021-08-09,3079308.8004891635,97.68603781171639,0,0,14.450927905893403,-1.7892342047386995,8131.4757292361355,634.2613154558364,7078.494738893088,8.0,3062,246624.33843648888,6909.9586193875475
Region_05,2021-08-16,3079308.8004891635,97.9676867291207,0,0,16.783877163219575,-2.295340985724963,5900.854626385093,799.6795533150905,7776.249452478854,8.0,3064,283787.4993958389,6806.841941315963
Region_05,2021-08-23,3079308.8004891635,97.72974490713527,0,0,15.367866047729267,-2.2539711832127707,7689.367117941627,650.7205269617705,8503.088375991352,8.0,3066,260085.62454310045,7111.381435766128
Region_05,2021-08-30,3079308.8004891635,97.77607822090707,0,0,14.878248421942269,-2.305614385527954,7625.4492193621945,668.8674214372905,6415.1587386108395,8.0,3068,282147.97557216027,6820.96705040732
Region_05,2021-09-06,3079308.8004891635,98.15382491550913,1,0,12.480171248080094,-2.1738550413536832,6399.422066573512,562.7494750776907,7090.640152980229,8.0,3070,290732.237481356,6691.188478690805
Region_05,2021-09-13,3079308.8004891635,97.80117434202042,0,0,12.139418812492387,-2.1693838249826296,7746.695347023477,867.6986683040992,6074.465186302956,8.0,3072,254084.9064734287,6691.109452307685
Region_05,2021-09-20,3079308.8004891635,99.22809872820146,0,0,10.565299782205285,-1.7104715321608068,7945.799157463444,675.2582953264405,7873.1459885286795,8.0,3074,262525.6822235307,7184.780827536575
Region_05,2021-09-27,3079308.8004891635,99.30402919683456,0,0,11.042448406464267,-2.0742327717605478,6415.390397203879,729.1968137188028,6613.9872825057955,8.0,3076,272833.9189450945,7386.288701846891
Region_05,2021-10-04,3079308.8004891635,99.47518467324804,0,0,9.644132700928289,-2.369087781951472,5330.616732503794,704.1374803445502,6747.775749026294,8.0,3078,269673.08917917195,7326.83395982365
Region_05,2021-10-11,3079308.8004891635,99.10598369845964,0,0,11.623320307726752,-2.183395538397289,7553.25419645985,695.6086250087585,8233.099852282454,8.0,3080,284989.866608733,6345.932307670943
Region_05,2021-10-18,3079308.8004891635,99.13718189652833,0,0,9.051153193088233,-2.495533296673715,6395.303715054796,708.707028561571,7233.661098584255,8.0,3082,279369.68505924736,7264.836589188304
Region_05,2021-10-25,3079308.8004891635,99.00369865785665,0,0,4.74219911683582,-2.4067646192175527,5547.452183807042,806.7364479019618,7016.758324123362,8.0,3084,269118.6102158115,6509.193784355282
Region_05,2021-11-01,3079308.8004891635,98.27628931848976,1,0,6.921428282474389,-2.4193194202439168,6737.161189970079,755.3533791050402,8162.058975608948,8.0,3086,290491.60847437294,6789.181452872049
Region_05,2021-11-08,3079308.8004891635,97.51272494328488,0,0,7.658068009035337,-3.0081032480842644,5037.351370744069,896.6699581724617,7305.122055581959,8.0,3088,257376.18493518716,7106.908371696314
Region_05,2021-11-15,3079308.8004891635,97.65597269658538,0,1,5.127843850000729,-2.8187251535942432,6781.871075112873,785.2230181856162,7818.424805397082,8.0,3090,283453.86441710993,6475.904155577967
Region_05,2021-11-22,3079308.8004891635,97.6122938734584,0,1,5.682285982244336,-2.4215526208464615,8863.912559247585,939.1557254268934,9221.624119939168,8.0,3092,301216.2131962597,6522.8490693234635
Region_05,2021-11-29,3079308.8004891635,96.29986791790675,0,1,3.3633766795133773,-2.368340272082334,4705.010644866712,769.4260431825694,9444.717110736743,8.0,3094,298867.6567211348,6714.490693021266
Region_05,2021-12-06,3079308.8004891635,95.22946764531444,0,1,3.999955862110125,-2.790120772220628,7615.857933809031,859.8769007075039,9516.645442579533,8.0,3096,279371.1826731536,7579.771180859511
Region_05,2021-12-13,3079308.8004891635,95.07550744030712,0,1,1.0814882596135558,-2.5654273402782852,6227.843987743528,897.9980898192597,8342.648180296177,8.0,3098,293803.6145844475,7348.402009421517
Region_05,2021-12-20,3079308.8004891635,95.04124371791058,0,1,3.4419438357636976,-2.881055119007395,6709.518294354173,887.065828740435,8007.599729426647,8.0,3100,283608.3251003202,6654.887895168693
Region_05,2021-12-27,3079308.8004891635,95.34477836256639,0,0,-0.06227198068531026,-2.9250026871094734,6238.453730457347,977.6460985624619,9153.502504793334,8.0,3102,262887.79666433984,7029.45258751994
Region_05,2022-01-03,3079308.8004891635,94.726053352833,0,0,3.9874259150958666,-2.8112657645944332,7816.322710594286,856.9243893705805,8292.792196332903,8.0,3104,287771.2169801304,7007.754856227356
Region_05,2022-01-10,3079308.8004891635,95.0217371435647,0,0,-0.26954698807853106,-3.0496858243835945,7113.278880561351,875.9183994145582,8340.168684820836,8.0,3106,257526.950396422,7053.076657271525
Region_05,2022-01-17,3079308.8004891635,94.86808347494991,0,0,-1.0212427927927452,-3.5575715039966846,6357.694938612653,880.0021350181252,7156.16293657356,8.0,3108,260940.0737318359,6697.322258267629
Region_05,2022-01-24,3079308.8004891635,94.61464390088457,0,0,3.3356087351509416,-3.6080247307038453,5887.752271461602,887.7564685650168,8682.549493787908,8.0,3110,277579.73620153224,7482.04027188681
Region_05,2022-01-31,3079308.8004891635,94.543874781326,0,0,2.650772766857288,-3.6293844949767866,6694.446396128113,781.5404949159968,7919.265963550035,8.0,3112,270318.2722739348,6811.241354711437
Region_05,2022-02-07,3079308.8004891635,95.0363884046431,0,0,3.591271747278105,-3.8898590129553017,8426.713096534342,916.2577759414473,7612.225691157802,8.0,3114,271408.2798342086,7231.26210092991
Region_05,2022-02-14,3079308.8004891635,95.31502770492408,1,0,4.6695477286784595,-4.128671058309833,5969.251308645714,733.6550833875976,7887.63433752844,8.0,3116,263783.4162249837,6348.094875946051
Region_05,2022-02-21,3079308.8004891635,95.75951269283786,0,0,4.652995498477458,-3.919282798257811,7570.08102708625,810.2967129391245,8296.78762376687,8.0,3118,268172.625882494,7077.329716504002
Region_05,2022-02-28,3079308.8004891635,95.41576873384285,0,0,4.094137976833819,-3.954886283112654,7484.539815627531,964.2046957130755,7414.64779017455,8.0,3120,264630.5005919728,7017.611942040487
Region_05,2022-03-07,3079308.8004891635,95.27382414950816,0,0,6.606902761691293,-4.102167470057662,5322.860752937746,687.571010052807,8373.746797948339,8.0,3122,257942.12157385368,7412.197633047254
Region_05,2022-03-14,3079308.8004891635,94.69263981235096,0,0,7.697518581226247,-4.286747983196148,8368.106440444111,733.0576286113723,6090.683110849228,8.0,3124,260554.42464909947,6046.747015666487
Region_05,2022-03-21,3079308.8004891635,94.41595532072391,0,0,8.84322118048634,-4.246129925598615,7082.786046371452,870.6249293699105,7333.005247773861,8.0,3126,265417.2858879744,7120.884712271991
Region_05,2022-03-28,3079308.8004891635,94.21774531537352,0,0,12.091177591414334,-4.227791293543964,9865.340149825528,701.5360781410807,6373.331087774441,8.0,3128,279104.30414787563,7167.659671717711
Region_05,2022-04-04,3079308.8004891635,93.984940768285,0,0,8.869326046569967,-4.287833999259578,9180.99322371606,980.0849081258749,7112.3043193638405,8.0,3130,294883.5136474829,6810.10453501073
Region_05,2022-04-11,3079308.8004891635,94.34144905844906,0,0,11.067467976077225,-4.705902742518615,6869.747948790033,646.5193785006611,8761.284750086772,8.0,3132,269837.16094359703,7376.902541182651
Region_05,2022-04-18,3079308.8004891635,94.55402694209207,0,0,12.77556519118449,-4.8244907013183544,6965.668426835864,874.9507004455315,7003.838789236955,8.0,3134,288063.1460396019,7658.479780886672
Region_05,2022-04-25,3079308.8004891635,94.93360842994367,0,0,12.149108627234975,-5.0185343920936605,6151.538109306,778.131044379121,6499.241506760722,8.0,3136,269134.261994733,7209.772218486685
Region_05,2022-05-02,3079308.8004891635,94.99771617675776,0,0,11.874059208641464,-5.008559190144947,5829.397741864946,807.5162925694879,6398.08822964373,8.0,3138,248586.3999365158,7160.1818594349725
Region_05,2022-05-09,3079308.8004891635,95.53399641592439,1,0,13.671528632499369,-4.679019503142466,8002.994459775779,741.7843756149446,7309.406311190946,8.0,3140,282376.7629328349,7342.556773394402
Region_05,2022-05-16,3079308.8004891635,95.59084918503723,0,0,16.942293242342547,-4.409817029130209,6867.520081598212,778.2725058795979,7281.910493005134,8.0,3142,284514.6931789039,7054.895284854324
Region_05,2022-05-23,3079308.8004891635,96.0736254470645,0,0,15.573518768639675,-4.231228091822112,6717.447050600018,703.4168721969497,6130.507349479183,8.0,3144,284669.5923978031,7292.109134707738
Region_05,2022-05-30,3079308.8004891635,96.32510723164677,1,0,17.52515880684153,-4.208343771077964,6948.807868245898,791.7551177206917,5659.815848449087,8.0,3146,269344.2738680922,7067.019676856244
Region_05,2022-06-06,3079308.8004891635,96.69270122151178,0,0,15.95391582234738,-4.313078979324205,7869.688983223183,617.5649619217813,6323.191998938433,8.0,3148,295674.28063164337,6624.115444338432
Region_05,2022-06-13,3079308.8004891635,96.65921631900753,0,0,18.16629825479261,-4.224599779000088,8176.942116722913,784.2704035222197,6415.942753454462,8.0,3150,256304.84961273317,6510.7406342903305
Region_05,2022-06-20,3079308.8004891635,96.03987837845433,0,0,16.728054416058985,-4.373989644836438,7125.728953565574,745.5150779915988,6293.023363492991,8.0,3152,256916.02486579987,7276.447532904759
Region_05,2022-06-27,3079308.8004891635,95.31749321564145,0,0,16.64562471362779,-4.483862410047559,6925.600525985304,723.5730116698019,7334.166534790522,8.0,3154,260046.98782781733,7068.991765045288
Region_05,2022-07-04,3079308.8004891635,96.29618402805853,1,0,18.17277146894486,-4.740270509383626,7233.298703604084,754.6950235293141,6531.620721392881,8.0,3156,301036.0756113814,6630.805111837392
Region_05,2022-07-11,3079308.8004891635,96.49010398025663,0,0,18.021728355985168,-4.766279730095475,9646.741610074887,746.6942312822941,7519.744760550542,8.0,3158,270953.5256477041,6871.174921270672
Region_05,2022-07-18,3079308.8004891635,96.71183242933377,0,0,20.034509505589753,-4.79911584635216,5257.579496224158,711.9732712390505,5971.921532207801,8.0,3160,276767.16499261605,7349.382855559941
Region_05,2022-07-25,3079308.8004891635,96.62838270002338,0,0,14.980812102874637,-4.27028119466683,6014.00468797645,855.7510169718978,7075.949964069677,8.0,3162,239022.41920473299,6313.341745017573
Region_05,2022-08-01,3079308.8004891635,96.39911441764741,0,0,17.86657756858537,-4.1187711616832825,7638.717081597169,729.3208047358205,8253.101710749313,8.0,3164,265543.651073554,6564.064852717304
Region_05,2022-08-08,3079308.8004891635,97.83500134134098,0,0,19.063364685507572,-4.239414808619165,7281.212227727193,676.7812652665804,6914.846400218177,8.0,3166,263075.0216867662,7090.70110446569
Region_05,2022-08-15,3079308.8004891635,97.27504793552568,0,0,18.08313604321915,-4.02310229451937,8532.688673256056,736.3237733738139,6984.176782337587,8.0,3168,274517.49944487156,7160.840900114731
Region_05,2022-08-22,3079308.8004891635,97.24368017018769,0,0,14.714343724348108,-4.171520108356609,8636.647786077403,724.7058397936175,6527.6533454375995,8.0,3170,259268.20158783163,6468.3367166108865
Region_05,2022-08-29,3079308.8004891635,97.21801002734016,0,0,13.495959136751067,-3.8865452655647625,9524.807595196815,771.0584541024122,7787.45633107426,8.0,3172,281490.09281648346,6524.840517732558
Region_05,2022-09-05,3079308.8004891635,96.65251570353774,0,0,12.95626679048208,-3.669605617935222,6338.930984868648,738.5297806585259,5564.002858867463,8.0,3174,257169.08431347302,6916.312993995846
Region_05,2022-09-12,3079308.8004891635,96.01664825725717,0,0,13.29957531681168,-2.834663707894235,7797.793488234863,720.1557372138186,6533.043437770658,8.0,3176,249264.27406802794,7363.218234488835
Region_05,2022-09-19,3079308.8004891635,95.66506579011605,1,0,12.205783790004379,-3.161280563122035,6883.574024219598,813.2104335153213,6242.345315437213,8.0,3178,260248.5982809197,6852.555589198709
Region_05,2022-09-26,3079308.8004891635,95.49316919017711,0,0,11.501994780500931,-3.1930753415778166,8218.293785279102,775.9195545920352,6354.974220801986,8.0,3180,284321.6659598537,6129.950316461977
Region_05,2022-10-03,3079308.8004891635,95.25035949668793,0,0,10.920846601740372,-3.2369194172080555,7324.737807868013,854.9434274780816,6392.878710827434,8.0,3182,277746.81457871984,7249.184217721046
Region_05,2022-10-10,3079308.8004891635,95.65697642334455,1,0,7.389453335766461,-3.1607239414561166,8116.592777554562,792.0451043201801,6728.874892987341,8.0,3184,271820.9466195246,6873.091568301489
Region_05,2022-10-17,3079308.8004891635,95.06763684667212,0,0,6.3499735543844436,-2.963504241596786,6393.269992431305,838.3792198442038,7020.700934911514,8.0,3186,283094.80668604566,6734.069994916404
Region_05,2022-10-24,3079308.8004891635,95.2699953367632,0,0,5.2759385036725295,-3.258112768712359,7303.075066256403,789.3897656276458,8339.763315518232,8.0,3188,266243.1715843023,6521.1950302366995
Region_05,2022-10-31,3079308.8004891635,96.00430038990132,1,0,4.217108170771537,-3.4797886762171046,6611.531434789218,730.2067574691484,7277.150164935216,8.0,3190,281107.2919567608,7347.641470209599
Region_05,2022-11-07,3079308.8004891635,96.45078041315853,0,0,5.302734577574376,-3.4020314241759197,6861.161262225048,745.8555150421894,7160.7792143186325,8.0,3192,248709.91157848126,6990.758820954931
Region_05,2022-11-14,3079308.8004891635,95.88117453412015,0,1,5.174025185141089,-3.1303466611887556,6669.6364605748595,885.4971166572634,8488.686715331798,8.0,3194,286139.6757189927,7081.375133967978
Region_05,2022-11-21,3079308.8004891635,94.40450057279594,0,1,7.907722792799859,-3.467303337629362,6129.021912841359,907.7969531557326,9589.139712690763,8.0,3196,296732.01474538585,7056.842224018147
Region_05,2022-11-28,3079308.8004891635,94.82716544071316,1,1,4.236736177600662,-3.9291319728710254,8399.1476005504,998.1094599076512,7719.38969631714,8.0,3198,313164.8706092325,7112.733786406846
Region_05,2022-12-05,3079308.8004891635,95.07553048995108,0,1,2.9425520927550575,-3.606572520352202,7446.235146505632,962.1985592941318,8256.214176385138,8.0,3200,287176.64199988235,7266.8233827739705
Region_05,2022-12-12,3079308.8004891635,94.78270136446797,0,1,4.70314623474022,-3.371754760142247,8370.110888236524,903.9906946734393,9202.047086271486,8.0,3202,310137.87923406024,7604.335522091618
Region_05,2022-12-19,3079308.8004891635,95.423035440788,1,1,1.1025682159084012,-3.066126982438603,6160.984310111488,925.2573295769721,7374.325873010585,8.0,3204,332055.9411308432,6593.445069014298
Region_05,2022-12-26,3079308.8004891635,95.22076602374659,0,0,2.5806168247826413,-3.358936474764894,5351.556592735397,1020.3662207084265,7538.542791739259,8.0,3206,259711.8282203313,6938.999546121335
Region_05,2023-01-02,3079308.8004891635,95.2747410542878,0,0,3.4981059486687576,-3.427343743086156,6484.8656442452975,877.1630294981167,6566.687790714835,8.0,3208,274795.7298784964,6793.998393893831
Region_05,2023-01-09,3079308.8004891635,94.75566868793527,0,0,3.268346255098556,-3.371721424603665,6973.854020039882,1026.2856710798828,8528.475106840448,9.0,3210,251819.33025987976,7610.116413625666
Region_05,2023-01-16,3079308.8004891635,94.91521308951282,0,0,2.85379497310321,-3.253951425846373,8009.278238235438,995.5574212906322,9063.663135193758,9.0,3212,276382.6594036501,6879.231363770769
Region_05,2023-01-23,3079308.8004891635,94.70008056806535,0,0,1.9832635206062172,-3.2989213217086575,8329.229210662837,887.4419257338891,9450.646078741664,9.0,3214,258082.1312345394,6427.990876249038
Region_05,2023-01-30,3079308.8004891635,94.44833076206694,0,0,1.0059618172534748,-3.323696974168542,8532.4694125305,849.3858466450921,7153.943248054951,9.0,3216,267752.80717614124,6938.324777128486
Region_05,2023-02-06,3079308.8004891635,94.98825906721433,0,0,3.180234272561836,-3.0403285126874002,8940.819622850253,1068.7878973963248,8521.907743126656,9.0,3218,272794.2324857862,6715.809967161616
Region_05,2023-02-13,3079308.8004891635,95.09547628024978,0,0,3.095748744558775,-3.1766685782509727,7938.464052323496,924.4460769662868,7447.1197855122455,9.0,3220,266599.02591866965,6688.636413458022
Region_05,2023-02-20,3079308.8004891635,94.34772358657753,0,0,5.754778183671138,-3.3457441203001466,7250.2443600781735,932.4131583174183,7157.170196712687,9.0,3222,284213.50229755644,6793.179748846824
Region_05,2023-02-27,3079308.8004891635,94.69348454876555,0,0,5.245670489052075,-3.48082377466131,6374.793361924608,982.6424215174887,7680.429094864096,9.0,3224,260385.68414235726,6516.602610888738
Region_05,2023-03-06,3079308.8004891635,95.1117775862151,0,0,7.146216910044555,-3.639064593798387,7889.677186496308,901.0628412769086,5749.1593726800875,9.0,3226,262983.3936302497,6288.82807640523
Region_05,2023-03-13,3079308.8004891635,94.69568611973959,0,0,4.687789791155135,-3.6113360435198056,6625.801897243014,793.9894204380759,6452.825156870649,9.0,3228,273621.1216571194,7628.753077477242
Region_05,2023-03-20,3079308.8004891635,94.4991975440031,0,0,9.582230736802973,-3.6821418003934308,6336.9402180051775,821.0300835602818,5920.748592505743,9.0,3230,268252.78293787624,6853.689900309729
Region_05,2023-03-27,3079308.8004891635,94.5261047978137,0,0,7.724358217289387,-3.819415854673947,7775.323427854275,701.7390524222585,7243.642922312901,9.0,3232,271632.57980909804,6564.978873371652
Region_05,2023-04-03,3079308.8004891635,94.40141507351174,0,0,7.5970146846180135,-3.418075083549362,7367.067728730473,862.3401170985787,5660.398397641528,9.0,3234,266210.10315582005,7120.702504518965
Region_05,2023-04-10,3079308.8004891635,94.46336000713272,0,0,8.84738942423651,-3.3410616839585274,8089.7135862475825,745.7328697300168,5873.130173814375,9.0,3236,257884.61189656958,7350.44073810519
Region_05,2023-04-17,3079308.8004891635,94.78832248242122,0,0,10.948387671228073,-3.4488283260276975,6419.315545794829,681.5052868927964,5732.513602106906,9.0,3238,276229.645832969,6286.5156180673475
Region_05,2023-04-24,3079308.8004891635,94.54243530884325,0,0,14.564870559700068,-3.093731761491363,8474.131860928721,734.4301273441458,6850.92176025399,9.0,3240,269621.4957199268,6738.201810639227
Region_05,2023-05-01,3079308.8004891635,95.58282933990068,0,0,14.81482578433181,-3.26315352152133,7520.407862581046,780.8858446797738,5824.302390208149,9.0,3242,279783.8366740254,6994.485231257442
Region_05,2023-05-08,3079308.8004891635,95.22689177362558,0,0,12.7395932472172,-3.2738127155206698,6958.05495220943,768.564735241006,6581.456802789536,9.0,3244,285674.2045602284,6585.234735286262
Region_05,2023-05-15,3079308.8004891635,94.95743037418012,0,0,15.438017012010585,-3.31104588039433,6380.925729770326,671.7362731167237,5749.774547355531,9.0,3246,263446.5843601324,7045.0114961958025
Region_05,2023-05-22,3079308.8004891635,95.94185407577753,0,0,15.826542819027257,-3.4870923711357795,6087.36977808692,692.8040783310257,4553.043354937681,9.0,3248,257112.67450701536,6445.093890225938
Region_05,2023-05-29,3079308.8004891635,97.13414399583702,0,0,14.17256721813816,-3.6081239700956935,5835.240728158057,805.5667589309563,6963.065972035933,9.0,3250,260678.49229759874,6652.800631848348
Region_05,2023-06-05,3079308.8004891635,97.15294560860433,1,0,15.559804873852938,-3.594143317368838,8766.401677015972,696.3662585321201,6814.038460223836,9.0,3252,272692.2553566219,6850.051477139444
Region_05,2023-06-12,3079308.8004891635,97.05932448298044,0,0,14.346749528129065,-4.017755293584858,5789.101197745898,772.6676117428992,6060.291278129311,9.0,3254,241601.51118477783,7026.310686679846
Region_05,2023-06-19,3079308.8004891635,96.52286854197624,0,0,16.42975239398,-4.140284548936111,7827.905762443328,847.0925374809539,5868.672516980965,9.0,3256,288305.18549573555,6900.190452282785
Region_05,2023-06-26,3079308.8004891635,97.09427172538902,0,0,13.865981856507096,-4.0786047073574805,6878.44724708505,753.2404838325311,6574.195410675714,9.0,3258,271617.463122671,6662.807346537053
Region_05,2023-07-03,3079308.8004891635,97.18084939561405,0,0,16.776823606318008,-4.009421325783605,6553.720432822533,860.0842762965123,5379.5669961780295,9.0,3260,297875.74504238914,6757.487247228409
Region_05,2023-07-10,3079308.8004891635,96.75775440571971,0,0,16.50215953050073,-3.933927980079407,6653.327634784446,801.3294490600355,5916.27952937721,9.0,3262,259496.28623501782,6199.9775586277865
Region_05,2023-07-17,3079308.8004891635,96.96071643008742,0,0,16.542000010815315,-3.270431267909217,7032.5810464885235,804.1522178225512,5765.956665155343,9.0,3264,273741.2766489751,7643.266133086975
Region_05,2023-07-24,3079308.8004891635,97.64596106844193,0,0,16.214144835030364,-3.089277487266997,8149.59270103758,789.0064988924306,6552.914383584555,9.0,3266,269483.3111632891,6743.696236718214
Region_05,2023-07-31,3079308.8004891635,97.98883636212416,0,0,18.861333670683624,-3.140808900233796,7750.149513054443,734.5707156860141,5055.409836408602,9.0,3268,264855.39391050686,6798.631560586348
Region_05,2023-08-07,3079308.8004891635,99.0929190904955,0,0,16.04835561670058,-3.186028616586666,7131.908542088078,819.6467742478033,6413.3255924181985,9.0,3270,277854.71350069233,6975.8294569990085
Region_05,2023-08-14,3079308.8004891635,99.67272745582808,0,0,16.35881780959611,-3.1970548147328057,5829.683294546812,879.658539723386,5318.133594151793,9.0,3272,264413.739968582,7080.390764250096
Region_05,2023-08-21,3079308.8004891635,99.89301664637406,0,0,16.465165167105006,-3.0823461317755805,5488.304251615096,735.8621356385643,5615.190197810224,9.0,3274,262705.3429727904,6977.564083938781
Region_05,2023-08-28,3079308.8004891635,99.87662825032322,0,0,15.928657921799484,-3.1779180375911142,9390.18290343471,868.7344884352298,6586.2160453052,9.0,3276,266426.9189060992,6644.575317382251
Region_05,2023-09-04,3079308.8004891635,100.1516902917086,0,0,14.763178612291865,-2.7554577218115743,6149.812922805465,755.4835002706118,6105.80501401647,9.0,3278,237239.63568939854,6319.949016077329
Region_05,2023-09-11,3079308.8004891635,100.76036056681367,0,0,11.98583688629709,-3.08275712741824,5661.710995779887,791.1311741462565,5322.58432505671,9.0,3280,254706.35383325705,6815.566134132267
Region_05,2023-09-18,3079308.8004891635,101.18972302055245,0,0,10.228137479724122,-2.912039117288516,8415.426109744534,716.9672896508025,5470.30429253101,9.0,3282,253725.27159197253,6591.924132827882
Region_05,2023-09-25,3079308.8004891635,101.71713789538049,0,0,9.768312277781815,-2.778278794309145,5720.0806108538545,657.6665461061464,6525.009511439132,9.0,3284,284586.8461564359,6698.952007348406
Region_05,2023-10-02,3079308.8004891635,101.82857842456171,0,0,9.273782696853676,-3.1164946273840566,7956.57306509452,787.2908721095431,6690.126672271313,9.0,3286,270627.0219151766,6906.905982203186
Region_05,2023-10-09,3079308.8004891635,102.2117986000184,0,0,9.043177100076575,-2.9469179368832368,8181.2744229310065,891.9165114507394,6014.885067448135,9.0,3288,272907.645218549,6974.186573871804
Region_05,2023-10-16,3079308.8004891635,102.81941467798927,0,0,7.953495010864805,-2.798182480501358,7398.524016312458,810.0494825540873,6635.700731943052,9.0,3290,270679.86810934433,7360.698582546263
Region_05,2023-10-23,3079308.8004891635,102.73670089709574,0,0,8.846665868871638,-2.991965275352609,8220.112428079728,703.9237605372957,7224.298899259464,9.0,3292,259760.57932399912,6839.417020594707
Region_05,2023-10-30,3079308.8004891635,102.0886376879274,0,0,6.123698474284717,-2.339747523829285,5811.391554579993,902.2963250957314,6297.886705415739,9.0,3294,284973.25100440485,6325.856145432624
Region_05,2023-11-06,3079308.8004891635,102.95174302536736,0,0,8.208759360948783,-2.1469033394125447,5956.689645552372,864.3393265829966,7482.794530334972,9.0,3296,260832.17044352437,7138.575573281988
Region_05,2023-11-13,3079308.8004891635,103.24340864584427,0,1,6.276803103030618,-2.2517693358205393,6931.744148476422,746.4613793971304,8225.580318381792,9.0,3298,269099.87259481096,7260.334817880831
Region_05,2023-11-20,3079308.8004891635,103.02359688355413,0,1,3.271479092095892,-2.3992171452153066,7128.7225812255165,712.2506560082397,7100.904114972144,9.0,3300,297291.8968528687,6394.100471794168
Region_05,2023-11-27,3079308.8004891635,103.14064656896963,0,1,4.737530438942954,-2.622629230109928,7043.556222620805,762.315934562869,7109.4605305080795,9.0,3302,304738.4785610725,7138.698725190275
Region_05,2023-12-04,3079308.8004891635,103.01712703069856,1,1,-1.4985208789492077,-2.559437174386236,7637.678214956416,965.9698922871987,7962.576311388771,9.0,3304,306198.4608938354,7052.182717348941
Region_05,2023-12-11,3079308.8004891635,102.16460293927709,0,1,4.634974204841526,-2.5525578353661373,6397.748290200689,914.3455365097525,8127.662949550072,9.0,3306,295834.1156713155,6811.081844700875
Region_05,2023-12-18,3079308.8004891635,102.07280869486,0,1,2.8642698170939687,-2.9668650327818735,5210.539329000157,899.2835721887186,6547.816386847786,9.0,3308,303927.7942853633,7049.244277330793
Region_05,2023-12-25,3079308.8004891635,101.36083118493278,0,0,2.667900141551648,-3.2749226973875385,7569.900458869048,982.034824480584,6817.910665315676,9.0,3310,285926.2701471772,7117.220487652873
Region_06,2021-01-04,2231155.682446967,100.10138787405192,0,0,-0.5853157965739979,-0.21504356447384645,4996.447263588357,579.4412372804168,5822.339781814857,6.0,3000,198171.76765806263,5151.604854325263
Region_06,2021-01-11,2231155.682446967,100.04675538399394,0,0,5.927701136759566,-0.34100322634888747,5824.450927158362,471.2914597994654,5691.631482244775,6.0,3002,210104.90878613997,5338.305478919707
Region_06,2021-01-18,2231155.682446967,100.61355214302394,0,0,1.8415392092481533,-0.45526698224047574,7017.80330626419,503.1945302092567,6251.928375147357,6.0,3004,197044.05379383435,5076.628306659846
Region_06,2021-01-25,2231155.682446967,100.5535321695399,0,0,2.2996454837695515,-0.6568498306022854,5227.96227518076,439.9201186552101,6320.1066054555995,6.0,3006,214629.97354683466,5073.917447110283
Region_06,2021-02-01,2231155.682446967,100.74055106021254,0,0,4.64391206755362,-0.48478277395414443,5628.315222994705,483.866196470582,5650.405945359542,6.0,3008,181269.93567276737,5715.326258758552
Region_06,2021-02-08,2231155.682446967,100.59118354682275,0,0,3.1182341419771618,-0.22492278800618842,4528.268699322173,519.0918091911491,6848.645849171549,6.0,3010,203840.44841911286,4824.066277480855
Region_06,2021-02-15,2231155.682446967,100.40127439712782,1,0,2.7057936020140474,-0.2147014440967682,5905.585359265232,548.7378184090308,5106.572486887124,6.0,3012,212132.67934560144,4992.919568299933
Region_06,2021-02-22,2231155.682446967,99.70257548147455,1,0,5.70536132664826,-0.8523390084408521,5431.6578567082925,486.88992247748314,5221.253605485029,6.0,3014,210122.24139220663,4953.5701380590845
Region_06,2021-03-01,2231155.682446967,100.19779769216882,0,0,3.899133712786833,-0.9082131006267163,5359.211925597524,445.45027029336393,4743.948242037922,6.0,3016,182035.3643342731,5251.058527798023
Region_06,2021-03-08,2231155.682446967,100.28315875074279,0,0,7.4217019482436175,-0.7593263906391374,5911.152734506379,533.2624700100062,5303.3905830499025,6.0,3018,203799.41832443737,5334.787153651024
Region_06,2021-03-15,2231155.682446967,99.9917466744473,0,0,7.374015092629929,-0.7934778723783069,4373.184910368404,584.0300494465647,5232.982712390056,6.0,3020,192469.8311107524,4735.234084403188
Region_06,2021-03-22,2231155.682446967,100.09593656932275,0,0,9.814621251232484,-0.726927497832634,5612.985504997979,492.4490901720622,3623.7514987479894,6.0,3022,184201.72379576036,5348.649408229297
Region_06,2021-03-29,2231155.682446967,99.8886352391389,0,0,7.1770138131090935,-0.7088586751832154,5525.840390303407,409.27557655609087,3997.2330074928223,6.0,3024,186816.54298967318,4707.1768479760385
Region_06,2021-04-05,2231155.682446967,99.52656610747438,0,0,11.91072908172123,-1.1458347267815732,6528.269630013833,496.6232201921383,4476.512018251906,6.0,3026,191167.5043471829,5718.716752180825
Region_06,2021-04-12,2231155.682446967,99.6512520435539,0,0,11.414717429713619,-1.8789026408924427,3959.3829087686677,442.646621056083,4853.155474176311,6.0,3028,193605.97927772853,4837.808578102494
Region_06,2021-04-19,2231155.682446967,100.25878454988312,0,0,14.943206192157664,-1.7130167590499603,5098.011338330933,468.9416644565636,4844.422766072879,6.0,3030,184418.9395404713,5304.4671169102385
Region_06,2021-04-26,2231155.682446967,100.12404053431636,1,0,11.837018234666282,-1.8731727807152692,7133.734121517105,451.9916765913306,4374.509670187697,6.0,3032,198320.77930099695,4948.131066762735
Region_06,2021-05-03,2231155.682446967,99.41169978170731,0,0,16.566516466204497,-1.7662567502785704,4864.524718827839,530.6522832872922,4139.734853417219,6.0,3034,196789.23986312715,5189.04692635286
Region_06,2021-05-10,2231155.682446967,99.10436768389424,0,0,15.62378049646442,-1.8643831067313346,4843.444758902553,410.65780628855333,4525.920361536491,6.0,3036,191903.4296043786,4806.628731683315
Region_06,2021-05-17,2231155.682446967,100.0030500974601,0,0,16.51525615694474,-1.9243561685800137,6717.038875240499,430.8351463306452,4357.066482257233,6.0,3038,210944.61126481357,5024.392303130155
Region_06,2021-05-24,2231155.682446967,99.59747799207189,0,0,14.87179904146572,-1.5453927035424073,7471.376458487212,438.6235158799649,4911.507630348416,6.0,3040,188781.49128499452,5006.411362302309
Region_06,2021-05-31,2231155.682446967,100.19145692442207,0,0,17.43997287273583,-1.8983556364391396,5254.092772414374,429.8894008689558,3303.3639349586265,6.0,3042,197915.50472311297,4980.6562836679805
Region_06,2021-06-07,2231155.682446967,100.07197015005931,0,0,18.111152167530886,-1.9127940057997614,4649.815955878918,476.88201262421967,4540.795243294098,6.0,3044,208549.00638525092,5195.381972659392
Region_06,2021-06-14,2231155.682446967,100.44206381071237,0,0,16.20514430617274,-2.2359755075285923,4733.120824950154,496.22696306097896,3806.9509935981127,6.0,3046,189582.1588185317,4883.009726532024
Region_06,2021-06-21,2231155.682446967,100.38897788632529,0,0,15.992210150989813,-2.2271789098358354,4872.6782236895415,429.4589209287944,4699.058967788922,6.0,3048,201038.36663822105,4931.841218217432
Region_06,2021-06-28,2231155.682446967,99.60030598137908,0,0,16.755477071489484,-2.1030809192012105,4561.029741012447,514.7500782343989,4422.495887674932,6.0,3050,195541.1837991983,4689.708038749377
Region_06,2021-07-05,2231155.682446967,99.39438432996143,0,0,20.24317817885499,-1.9290254116792895,4585.237879042604,446.90082406287013,3943.05350763818,6.0,3052,193405.945322441,4980.289483683157
Region_06,2021-07-12,2231155.682446967,100.45043279589056,0,0,18.181682217957825,-1.897751205075379,5299.049348601467,496.416761415676,4520.923421254004,6.0,3054,207273.8228538414,4873.508546618258
Region_06,2021-07-19,2231155.682446967,100.38457891732828,0,0,19.204376610295945,-2.302642514952222,5194.549858519955,399.04071425994647,4127.553582059928,6.0,3056,182500.11233074497,5224.014246237441
Region_06,2021-07-26,2231155.682446967,100.66698791297028,0,0,17.92323791607678,-2.244611159295817,5540.925195359641,377.61449755225794,3907.4448090351148,6.0,3058,185202.63730023504,5142.508578449767
Region_06,2021-08-02,2231155.682446967,100.4988794232338,0,0,17.261842580359637,-2.0018428141286,5184.964799683889,518.891141605714,3723.2123065742153,6.0,3060,176280.62652400904,4826.439863823846
Region_06,2021-08-09,2231155.682446967,100.43299219655765,0,0,16.924348278257366,-1.7299708436002867,4321.933459900519,420.72841135657916,4404.22836230289,6.0,3062,190336.78999542943,5098.478379162794
Region_06,2021-08-16,2231155.682446967,100.5941848489217,0,0,15.357724404635801,-1.131415625332325,5757.947029293588,472.32159819571154,4517.863985051588,6.0,3064,201749.77905581938,5355.382444888324
Region_06,2021-08-23,2231155.682446967,100.83128371281815,1,0,17.177713147716837,-0.9827260898385373,5355.156494339317,466.0998002510511,4541.586093194518,6.0,3066,204510.27532259765,4946.732268740263
Region_06,2021-08-30,2231155.682446967,101.9411596427491,0,0,14.809836152871839,-1.2845199620724395,4739.610734459681,431.82195465549574,4242.72254568334,6.0,3068,198643.2144683193,4723.717974844241
Region_06,2021-09-06,2231155.682446967,101.93364076563648,0,0,14.062484217187919,-1.4442235583771053,4962.13851476744,418.4619038171342,5112.9934240400125,6.0,3070,184221.73172448424,5671.225285292163
Region_06,2021-09-13,2231155.682446967,101.84391124081422,0,0,10.713371197632297,-1.431560578293776,5414.421560903252,557.6871740223189,4069.492515409812,6.0,3072,201621.01878062857,5142.081788522996
Region_06,2021-09-20,2231155.682446967,101.51321168258953,0,0,12.388148957813437,-1.1448632800231198,5224.053502789904,457.7783853714128,4502.010744580478,6.0,3074,190416.67245737425,5201.02209026482
Region_06,2021-09-27,2231155.682446967,100.85714235446174,0,0,9.928427619558379,-1.4818835229304494,5066.74974157565,507.7354244253266,4717.752430820944,6.0,3076,187279.9947529107,5659.307690776661
Region_06,2021-10-04,2231155.682446967,100.05283180318877,0,0,9.231221440169097,-1.2332397393062278,5780.635476301098,561.8199863790187,4798.15135247025,6.0,3078,209096.2266833651,4828.320914972415
Region_06,2021-10-11,2231155.682446967,100.38496944632101,0,0,10.625442185769774,-1.0592329899257023,6040.123760388515,503.91590766909655,4967.482121521873,6.0,3080,192611.51108925595,5088.738421904467
Region_06,2021-10-18,2231155.682446967,99.45484262395281,0,0,6.410047635594508,-1.3184926873007554,4930.34875303037,472.51383636117146,4822.433999456757,6.0,3082,198761.21192388138,4564.111670395251
Region_06,2021-10-25,2231155.682446967,100.1585506390147,0,0,6.856148025589036,-1.1568720140516289,5148.084132903308,537.2254333810382,4605.084396624809,6.0,3084,194538.4860275315,5176.043255004354
Region_06,2021-11-01,2231155.682446967,100.58869254908073,0,0,7.246137080133188,-1.386005472093414,4386.339221917076,526.9987763276363,5264.010124286778,6.0,3086,199744.45795181298,5146.3616366782735
Region_06,2021-11-08,2231155.682446967,100.44196101438769,0,0,7.221740529845638,-1.3987219852963608,5036.926781914156,488.5532322387013,5121.666154839835,6.0,3088,194204.55017162417,4850.9435254745395
Region_06,2021-11-15,2231155.682446967,99.86579573866959,1,1,3.8996368995736814,-1.496532004329275,5538.861821557222,480.55522167547133,6120.635227733949,6.0,3090,220800.25376331832,4846.791392495429
Region_06,2021-11-22,2231155.682446967,99.8808894629046,0,1,4.501469216858964,-1.4406898228273268,5864.896693236812,547.0966354233825,5757.51846647463,6.0,3092,222251.36732872817,5022.648256297227
Region_06,2021-11-29,2231155.682446967,99.8929111124183,0,1,3.854032526908817,-1.7882193353694051,5292.522490284388,537.5985131178611,6030.652156742585,6.0,3094,224668.32904745007,5038.889280972234
Region_06,2021-12-06,2231155.682446967,100.45753383083934,0,1,1.184664968762839,-1.64993648618016,5097.472146468965,520.9642915458618,5498.140163187459,6.0,3096,223048.08065537532,5504.344911279695
Region_06,2021-12-13,2231155.682446967,100.08782024510843,0,1,-0.7623500553957294,-2.2797888725157187,4647.002484506926,591.2647554954065,6146.2504779951205,6.0,3098,217438.39202043487,5046.700086130704
Region_06,2021-12-20,2231155.682446967,99.90019569153475,0,1,-0.7241469054457106,-2.407033616030303,5330.446104179084,560.858719173799,5361.50302195857,6.0,3100,239900.14383769123,5079.799060211891
Region_06,2021-12-27,2231155.682446967,99.8751148454362,0,0,2.9775952080110057,-2.579570635808638,4397.270578266789,639.5634671991969,4979.783353184169,6.0,3102,188456.80991691232,5076.661902251391
Region_06,2022-01-03,2231155.682446967,99.73785147546725,0,0,2.156479632394348,-2.1422570178122355,5261.320303793657,572.0475256361722,5871.225150933318,6.0,3104,195832.88692555434,4696.912529116868
Region_06,2022-01-10,2231155.682446967,99.42712859461426,0,0,0.0027097859366915777,-2.0009371869105785,5178.643524653351,524.9743614370954,5313.2212670856115,6.0,3106,196929.28272674407,4959.609985337472
Region_06,2022-01-17,2231155.682446967,98.57127597074795,0,0,1.250457958456782,-2.151181179925561,4518.776395963127,572.3324123293294,5833.05143485257,6.0,3108,185784.85132643828,4758.802385858327
Region_06,2022-01-24,2231155.682446967,97.75296519360714,0,0,1.905984015498698,-2.4171141671483825,5418.956173614808,560.6072316520622,5607.053015740689,6.0,3110,185422.01210503318,5138.204220883791
Region_06,2022-01-31,2231155.682446967,97.41666244979466,0,0,2.3666832671213056,-2.418851516341913,5003.559507457559,477.79514828192004,4879.764885042955,6.0,3112,201915.32224897912,4547.302508832999
Region_06,2022-02-07,2231155.682446967,97.30589971587919,0,0,3.368898860953195,-2.609602615127339,5639.995439728351,672.9579465048178,5140.599212959393,6.0,3114,203100.88718212026,4819.815907580654
Region_06,2022-02-14,2231155.682446967,97.80679846006659,0,0,7.394887452742386,-1.984744379582408,4808.235719753145,566.3152053943616,5403.874380449073,6.0,3116,197125.97540520117,5132.575028547952
Region_06,2022-02-21,2231155.682446967,98.96296296807029,0,0,3.495348629309615,-2.786327568012763,5542.956015533032,484.04832696277725,4533.209728661334,6.0,3118,179843.4130855308,4559.365811523774
Region_06,2022-02-28,2231155.682446967,99.82156783314286,0,0,5.674084609561452,-2.7792516585806357,6497.222064707888,611.4989835137909,4442.391486308213,6.0,3120,191268.4751218264,4691.046879268837
Region_06,2022-03-07,2231155.682446967,100.02077129624647,0,0,5.100711964435789,-3.490343756865441,5300.807375623674,513.6730797315754,4512.617358182613,6.0,3122,195401.85120418857,5326.692006945777
Region_06,2022-03-14,2231155.682446967,100.96153427540412,0,0,6.1984040523423545,-3.2063944740472405,5798.220927005094,558.050044305489,3301.5951430041678,6.0,3124,197774.337362481,4723.740891218891
Region_06,2022-03-21,2231155.682446967,100.90517982594726,0,0,6.734710953405799,-3.446613741902362,4698.206993792853,540.0504578876719,4152.531185531206,6.0,3126,202636.1164764443,5010.545203231828
Region_06,2022-03-28,2231155.682446967,100.64349736221165,0,0,8.68124411584247,-3.0013819026967115,4901.394715135282,504.5204732803242,3413.5797822001446,6.0,3128,195864.78852944143,5088.234455126618
Region_06,2022-04-04,2231155.682446967,101.8017842563547,0,0,9.151413254098445,-3.168047598714333,3911.3255539160245,529.3165024570964,4562.91719517044,6.0,3130,200236.1827335087,4778.5647848547615
Region_06,2022-04-11,2231155.682446967,101.2700965465524,0,0,11.498581942571757,-2.871356973780573,5048.933462534379,491.28737555918565,3934.0892464445587,6.0,3132,206847.23788400696,4598.71133907523
Region_06,2022-04-18,2231155.682446967,101.06470148185966,0,0,12.239591140221297,-2.8249267151929436,4372.232097224061,486.0205372853279,3799.2114376030618,6.0,3134,170940.7683035861,5412.384327843795
Region_06,2022-04-25,2231155.682446967,100.93500594448264,0,0,11.466697049907724,-2.499713795473427,5249.514504490516,540.1058961109819,3926.545015092233,6.0,3136,200523.90653909213,4856.379750373643
Region_06,2022-05-02,2231155.682446967,101.66648601875389,0,0,16.655956653394163,-2.5046063662474674,3812.221012205901,408.41413863767303,4161.555501727788,6.0,3138,186135.923029097,5122.011979232911
Region_06,2022-05-09,2231155.682446967,101.3711509205764,1,0,12.750817391087509,-3.362491036919003,4547.841070887543,511.16338754252735,3805.360001036089,6.0,3140,210197.5958245238,4809.262442282923
Region_06,2022-05-16,2231155.682446967,101.76356207750686,0,0,15.848773100317585,-3.580056381421178,5225.028858096623,500.9279420061611,3367.850764554065,6.0,3142,191866.30264004983,5088.592784562856
Region_06,2022-05-23,2231155.682446967,101.5619872364726,1,0,19.310866237506353,-4.035075157835628,5467.025673826673,442.75204179728416,3658.646864958282,6.0,3144,195092.33176925872,4684.799341430327
Region_06,2022-05-30,2231155.682446967,100.95235799929321,0,0,15.489479128831269,-3.777067815925231,4046.416743551936,457.457278436481,3485.688968898756,6.0,3146,181947.03347778012,4647.904016353265
Region_06,2022-06-06,2231155.682446967,101.07216542330875,0,0,19.114535108496455,-3.6353803636410507,4856.465813804326,543.3282865303726,3634.998158296929,6.0,3148,194721.0542855522,4748.235873541935
Region_06,2022-06-13,2231155.682446967,101.1582057415878,0,0,19.654605353188416,-3.6449735727341204,7522.890718868054,489.06351398936704,4661.013130985078,6.0,3150,189346.71542760797,4878.943326111457
Region_06,2022-06-20,2231155.682446967,100.58237897105583,0,0,18.285278033974443,-3.5269432117825037,5795.93248124005,545.2855029980554,3493.3938968574334,6.0,3152,197644.0409960721,4842.840401842041
Region_06,2022-06-27,2231155.682446967,100.15179253613104,0,0,15.107374829435273,-3.4821629673734904,5284.51581104038,482.5258536381663,4287.870053961105,6.0,3154,187902.79394793746,4915.51679125754
Region_06,2022-07-04,2231155.682446967,99.75747032595764,0,0,20.17556568770073,-3.656182433068317,3442.7836089678003,477.2543528268538,3453.010875266944,6.0,3156,211958.23169649908,5088.765008206936
Region_06,2022-07-11,2231155.682446967,100.2412475482587,0,0,18.082100011585542,-3.110770243945064,4507.850691238218,475.24552545838355,4496.553268454483,6.0,3158,189425.48698939875,4881.590711670745
Region_06,2022-07-18,2231155.682446967,100.47417927935545,0,0,16.927966299057058,-3.0539096658398193,5570.889573058522,546.2536893014146,3989.3781927075593,6.0,3160,211055.83377687505,5223.321846677522
Region_06,2022-07-25,2231155.682446967,100.59552784075873,0,0,19.434756659589187,-3.1202797167619596,5342.601877753454,561.8629438324851,4003.4295857634816,6.0,3162,184626.41864451743,4843.209724052539
Region_06,2022-08-01,2231155.682446967,100.84296958482886,1,0,15.971624035316108,-3.54925831470341,5517.453952635275,431.06996081543764,4345.796357280262,6.0,3164,211747.50978185196,5184.344666175216
Region_06,2022-08-08,2231155.682446967,100.60725405600395,0,0,18.21435435936501,-3.7374811122393714,5941.09642325653,479.152274414515,4648.190892329862,6.0,3166,201802.33639074757,5356.158544111258
Region_06,2022-08-15,2231155.682446967,100.84834981793469,0,0,15.146472447509868,-3.745364595694571,5235.404905196405,464.2436768312353,4198.577128759132,6.0,3168,179302.52071969752,5468.76087082108
Region_06,2022-08-22,2231155.682446967,100.54844052182231,0,0,16.12506378577315,-3.8074373706346325,5848.211088657314,554.7608620166944,4080.5941573404443,6.0,3170,182591.14974227318,4538.752223260996
Region_06,2022-08-29,2231155.682446967,99.88506341223976,0,0,12.893657171102236,-3.9544698060182504,3965.831535994114,583.1485821476163,3732.3290310503726,6.0,3172,195427.5697215936,5462.869286842785
Region_06,2022-09-05,2231155.682446967,99.53623541313645,0,0,13.109616053565814,-3.9802116589619967,7452.549502660554,462.13621539485655,3930.5369541906225,6.0,3174,202608.62701760317,4592.888029865403
Region_06,2022-09-12,2231155.682446967,99.64416991894558,0,0,11.432207146825093,-4.311527430101804,4939.215479880575,476.8163990739644,4061.799653482496,6.0,3176,204364.09346981533,5369.210823036419
Region_06,2022-09-19,2231155.682446967,99.69184385733165,0,0,10.822453849149522,-4.320483266339118,4692.574392027101,516.3864049820961,4010.9751226444046,6.0,3178,196950.28977450795,5020.515177686087
Region_06,2022-09-26,2231155.682446967,100.22318920965255,0,0,11.249220305975065,-4.7724029844487506,6432.9618272902735,490.2796402579524,3659.3725302830253,6.0,3180,200492.47412794715,5094.715464270701
Region_06,2022-10-03,2231155.682446967,99.38193261213296,0,0,9.736630911082468,-5.02876810447054,5639.188602929272,486.0733049047708,4789.523646999914,6.0,3182,181582.41322656305,4804.870549025907
Region_06,2022-10-10,2231155.682446967,99.27495120362721,0,0,9.322624947020875,-5.250404066019464,5952.213127456007,472.1796258421782,3437.4995886113225,6.0,3184,187710.58569057946,5267.98689191497
Region_06,2022-10-17,2231155.682446967,99.47513529195516,0,0,10.04967097256084,-5.014003936110768,4711.530607273077,454.3435022954227,4320.098882348769,6.0,3186,205323.64969497928,5199.315252250199
Region_06,2022-10-24,2231155.682446967,98.99699442246317,0,0,6.986179906787266,-4.885935933035377,5377.603410198141,562.8332907455158,5550.432921474589,6.0,3188,187738.53959808344,4906.021078518084
Region_06,2022-10-31,2231155.682446967,99.12455961175888,0,0,3.430903976712961,-4.875904864202993,5727.364800584157,543.8074567493176,4411.0338961350735,6.0,3190,190519.80267503046,4897.317763162946
Region_06,2022-11-07,2231155.682446967,98.92311251369614,1,0,5.012756794450737,-5.214855360014583,4365.371414285364,541.5085769307925,4469.09271469764,6.0,3192,191321.9072637555,5275.524086397435
Region_06,2022-11-14,2231155.682446967,98.36146658033427,0,1,4.816403653122781,-5.339879137554467,4996.499738969729,646.9246398628367,5116.2000505596425,6.0,3194,217225.0096047649,5347.019733936844
Region_06,2022-11-21,2231155.682446967,98.92505378984492,0,1,5.571125240695009,-5.123045137432699,4977.5133946055685,550.5847516911392,4751.722567748949,6.0,3196,202359.48981589446,5270.348182791933
Region_06,2022-11-28,2231155.682446967,98.23396268609552,0,1,4.998609155886522,-4.777277193414482,4942.8766479555325,706.6211017370536,5275.392402699573,6.0,3198,224210.1749997374,5017.646844139627
Region_06,2022-12-05,2231155.682446967,98.73723720192137,0,1,4.370990039874348,-5.208431511020553,4654.258728582129,637.7223059208418,6576.8101242291295,6.0,3200,236257.06642058006,5130.2460037768205
Region_06,2022-12-12,2231155.682446967,98.53366259048653,0,1,2.169950131434677,-5.342282561894807,4287.316915152928,617.0270630713217,5952.225954439167,6.0,3202,223733.54716627562,5386.6922304737955
Region_06,2022-12-19,2231155.682446967,98.06707908584224,0,1,3.2198706419295284,-5.322676574187326,5494.8897258111165,587.8119659690037,4725.895657851057,6.0,3204,221276.93004378455,5300.948470285047
Region_06,2022-12-26,2231155.682446967,97.62830819425172,0,0,-0.1528855067184529,-5.234041097607702,5346.363649289507,499.8259589372716,4120.035597315634,6.0,3206,190753.3823674719,5372.4493206122515
Region_06,2023-01-02,2231155.682446967,97.26311205651966,0,0,3.9790777238736905,-5.242643640381031,6111.449920256723,580.3832687636457,4314.351188638582,6.0,3208,200506.25021017218,5138.302127707068
Region_06,2023-01-09,2231155.682446967,96.8429751172693,0,0,2.7284635521220366,-5.0629854213194205,5106.34082785344,629.7514692763882,5213.467087594227,6.0,3210,186528.66306661445,4955.789356639449
Region_06,2023-01-16,2231155.682446967,96.98098237178586,0,0,3.009148863316435,-5.485912153293292,4674.166536201623,683.5269454992164,4175.3135522021375,6.0,3212,191425.69871311408,5173.80354933205
Region_06,2023-01-23,2231155.682446967,96.05073378138901,0,0,1.937775267448743,-5.052863139575788,4169.0504256217555,557.7909322955506,4490.6250756370655,6.0,3214,217244.89563798154,5192.527208416955
Region_06,2023-01-30,2231155.682446967,96.67407247985554,0,0,3.0006184966410068,-5.389839508240892,5222.422375188897,642.5587106678983,4991.123001764722,6.0,3216,183647.7411431813,4942.101781565085
Region_06,2023-02-06,2231155.682446967,97.09507381386706,0,0,2.3902951594510435,-5.383574347511121,4927.521422690031,607.3499381549476,5297.189801443316,6.0,3218,190578.04585300575,5228.742430270877
Region_06,2023-02-13,2231155.682446967,97.79233928185958,0,0,4.8785875962788126,-5.245067799482748,6931.104803741517,615.4793309212558,4380.32815625361,6.0,3220,182089.8956582796,4875.840304083426
Region_06,2023-02-20,2231155.682446967,97.30488249112423,0,0,2.6589255898426525,-4.922833576040532,7221.003085730131,493.33137269611086,3915.5552217713066,6.0,3222,206276.8874930568,5139.368250434281
Region_06,2023-02-27,2231155.682446967,96.15014708373519,0,0,6.942671638376458,-4.675158690347311,6501.179705659542,580.1058251341678,3560.6909351684894,6.0,3224,193343.83638232783,4912.522766880276
Region_06,2023-03-06,2231155.682446967,95.84210701911111,1,0,7.114309162988537,-4.4364426131913755,4516.260919294295,583.1425802545497,3832.552533512434,6.0,3226,198259.35459609306,5618.82692521335
Region_06,2023-03-13,2231155.682446967,95.76215943583178,0,0,10.264656140581744,-4.081827247313572,4201.436116196039,560.2122188802865,2894.899411755877,6.0,3228,184168.75713743214,5352.818010078208
Region_06,2023-03-20,2231155.682446967,95.91765766573555,0,0,8.025298926258612,-4.134905340644999,4982.080447680067,575.0817786856611,4040.0211457923924,6.0,3230,206598.16966538638,5123.266282447831
Region_06,2023-03-27,2231155.682446967,95.66257227732903,0,0,8.892289232436598,-3.9305145210527606,4522.648000198588,479.828285170613,3656.2760567459923,6.0,3232,202096.4276655872,4720.892135080617
Region_06,2023-04-03,2231155.682446967,95.62469101411672,0,0,10.295347059748273,-3.5002196501739204,6352.859778317,575.7826947453995,3692.22615077165,6.0,3234,203437.81697268126,4734.487279195332
Region_06,2023-04-10,2231155.682446967,95.70356999555713,0,0,11.019711819763751,-3.7256416581234797,5245.623994354109,538.5266976459932,4737.173128581959,6.0,3236,195184.7948540495,5221.833475094102
Region_06,2023-04-17,2231155.682446967,94.93367549582342,0,0,11.749263812919402,-4.134144786629687,4858.078793819667,500.52851169367045,3883.184278568045,6.0,3238,204033.55100878543,4972.1883950721385
Region_06,2023-04-24,2231155.682446967,95.84055183385188,0,0,11.146341927399629,-4.429952892133655,5145.931824048826,542.9489808699184,3521.774462535484,6.0,3240,207478.1466575764,5097.584831835761
Region_06,2023-05-01,2231155.682446967,95.28386742302919,0,0,12.022990765852258,-4.0354388993830455,6200.7910115088525,569.7030558696647,3899.0467704561606,6.0,3242,201769.1279454039,4637.990540230617
Region_06,2023-05-08,2231155.682446967,95.41978765119939,1,0,13.67565061972216,-3.689400769941332,4489.239578448367,507.8423427870738,4342.968820725561,6.0,3244,194868.00696163235,4644.809406106933
Region_06,2023-05-15,2231155.682446967,95.96340982776985,0,0,14.858914028814542,-3.7999897298036487,5538.959802310068,438.13860851815315,3600.3196532052216,6.0,3246,176683.9571735305,5026.716044073004
Region_06,2023-05-22,2231155.682446967,95.57691001353203,0,0,14.169332813118867,-3.7384634625885775,4245.990590056768,485.522737529197,3160.046409580456,6.0,3248,181302.96245220723,4943.704440326396
Region_06,2023-05-29,2231155.682446967,95.58329077294624,0,0,14.80439690949816,-3.6113142581982713,5001.686379590013,538.6042644060725,3958.8562858041887,6.0,3250,197305.48612005138,4666.812166043515
Region_06,2023-06-05,2231155.682446967,96.40412607467691,0,0,16.647988978284477,-3.3194758511426516,4679.682997355882,493.6132358512782,3396.1721175521125,6.0,3252,180457.86442001528,4788.684719238854
Region_06,2023-06-12,2231155.682446967,96.26836935244054,0,0,18.615197970519898,-3.865175129692447,5400.077163125264,495.51197748319294,4262.344532462919,6.0,3254,184482.3205881743,5206.8913038506225
Region_06,2023-06-19,2231155.682446967,96.79587732691834,0,0,17.47439417990713,-4.032666006709246,5274.508209986622,490.19216893729595,2976.736956339232,6.0,3256,193677.5152725609,4903.08627581222
Region_06,2023-06-26,2231155.682446967,96.94660032069714,1,0,18.979878530836867,-4.114857534438663,6147.662311748331,487.5227053681841,3271.530338860986,6.0,3258,199298.62795588124,5126.911849587052
Region_06,2023-07-03,2231155.682446967,97.06612840598623,0,0,19.488738680004637,-4.031311102397099,5702.644603580837,484.8985149155428,3463.5909884569683,6.0,3260,181984.77368078133,5455.941024058412
Region_06,2023-07-10,2231155.682446967,97.43028147123053,0,0,19.11792609854546,-4.017095581193387,4717.896605739609,480.03091047103896,3733.516932146913,6.0,3262,202482.91772652243,5102.1744355569335
Region_06,2023-07-17,2231155.682446967,97.3201732078226,1,0,17.1215701781528,-4.115016880852851,4245.198422898523,492.0051096953215,3608.5382582924585,6.0,3264,213026.2542280546,5035.272952018687
Region_06,2023-07-24,2231155.682446967,97.22103175317287,1,0,16.85977185762821,-4.039339741528606,4574.428396882242,558.7688899268126,3752.086783551797,6.0,3266,216705.21217892045,4867.115683322627
Region_06,2023-07-31,2231155.682446967,97.70738051546839,0,0,14.226759828329998,-4.78158895288457,4841.772254390583,482.10276820638086,3514.604558481554,6.0,3268,201543.95248073142,5333.731550426057
Region_06,2023-08-07,2231155.682446967,97.8438783742967,0,0,15.536656345991338,-3.9090909601433848,4984.816321383436,481.2797390723938,4001.24749836075,6.0,3270,206383.32963605298,4651.198907081716
Region_06,2023-08-14,2231155.682446967,98.09855510407401,0,0,16.704707825339366,-3.680661382874741,4611.6081279955615,467.03685588168116,2792.8113621431876,6.0,3272,192084.51680964834,4735.860203708437
Region_06,2023-08-21,2231155.682446967,97.50695887924034,0,0,13.638531007797463,-3.434155525426831,6041.95834754209,521.7757431596877,3878.377333619912,6.0,3274,192166.9861767851,5026.16445354584
Region_06,2023-08-28,2231155.682446967,97.52152532233436,0,0,16.61784387538838,-3.628925129238594,5911.817342002122,569.3313573192873,3404.807436674233,6.0,3276,177631.66410596445,4647.505146267359
Region_06,2023-09-04,2231155.682446967,98.13391065879321,0,0,15.913801027763812,-3.5165675127525855,4953.574589710299,558.4079367537034,3819.691451967258,6.0,3278,190712.64308708484,5272.065595060942
Region_06,2023-09-11,2231155.682446967,98.58990248235096,0,0,12.271342819893858,-2.9349412025116544,4792.969950257809,481.5345673887582,3767.820494196309,6.0,3280,186987.30208819438,4853.385339118193
Region_06,2023-09-18,2231155.682446967,98.76844043017279,0,0,13.326993395425328,-2.420562068111658,4978.037069275097,480.95003219987984,3347.862410447184,6.0,3282,202082.60133448662,5126.782627955354
Region_06,2023-09-25,2231155.682446967,98.51660948842563,1,0,8.792726685964109,-2.4051460016951265,5121.210546530861,433.4650866302554,3521.8234878267917,6.0,3284,214898.41704324828,4941.7287087567975
Region_06,2023-10-02,2231155.682446967,98.21743428114188,0,0,8.393272907944342,-2.766372472233047,5137.249966239328,488.5093052552995,3962.675390329996,6.0,3286,207494.78255535752,4968.222580971419
Region_06,2023-10-09,2231155.682446967,98.44345515723384,0,0,8.465077995267817,-2.725854014520282,4064.8034906722314,546.3042603053699,4014.1168094623904,6.0,3288,203605.396121275,5029.398735472549
Region_06,2023-10-16,2231155.682446967,99.15954391057322,0,0,8.098648186258858,-2.8176874807062515,4838.563168809258,558.6031361711755,3680.4377895155294,6.0,3290,203618.74221321498,4546.7588905074535
Region_06,2023-10-23,2231155.682446967,99.18834683734138,0,0,6.878205396491866,-2.579335137142867,3913.83758697368,641.2420359004011,5011.370373473761,6.0,3292,198343.62393507198,4771.450311807718
Region_06,2023-10-30,2231155.682446967,99.84749524366727,0,0,4.961155708245749,-2.951486080277044,5180.870462185167,509.2144525879347,5113.947711870521,6.0,3294,193443.37587601802,4912.956584905703
Region_06,2023-11-06,2231155.682446967,99.70520821759862,0,0,8.466904077184088,-3.0110329144004724,5691.11959011793,590.1861580736463,3867.5067779986507,6.0,3296,188833.28426153783,5626.770056336111
Region_06,2023-11-13,2231155.682446967,100.31277314525408,0,1,5.1408853143755255,-2.9392154042724896,4409.554302833658,573.6537204649503,5279.803493760187,6.0,3298,218436.07088634954,5321.2624403417085
Region_06,2023-11-20,2231155.682446967,99.82093199649573,0,1,4.45056973197765,-3.078545777812049,5280.201935906627,549.7912866711655,5926.133593730976,6.0,3300,209369.53282680773,5311.199342349728
Region_06,2023-11-27,2231155.682446967,99.92187933273125,0,1,4.459305986113862,-2.781555833039731,4710.172803437735,497.1125477630503,5032.41794763009,6.0,3302,222135.6352107286,4814.244626799426
Region_06,2023-12-04,2231155.682446967,99.39618027711437,0,1,3.185096260207751,-3.1125733542368668,4653.387625537603,576.7531515900264,5048.637229147788,6.0,3304,218336.6443342176,5343.809242226252
Region_06,2023-12-11,2231155.682446967,99.73351566672568,0,1,2.165610485521353,-3.471970977207422,6875.29143627354,606.8564475489474,4904.7663937893,6.0,3306,198733.95815276285,5460.815430207117
Region_06,2023-12-18,2231155.682446967,100.02736198430384,0,1,1.3797741452103742,-3.577791869451763,5873.40837458004,644.6630381209944,4004.2793367896234,6.0,3308,191587.6894503387,5285.547063890313
Region_06,2023-12-25,2231155.682446967,99.56066345349238,0,0,-0.4498037950336653,-3.3450545099788522,5532.919279565771,586.4372885942676,4195.43886492895,6.0,3310,187291.21095965357,5814.08935668288
