geo,time,channel,spend_eur,impressions,reach,frequency
Region_01,2021-01-04,Paid_Social,3251.023926025763,486041.2744327596,171186.60172337492,2.8392483380105116
Region_01,2021-01-11,Paid_Social,3526.5682058064517,477345.53152268473,147693.25016537766,3.232006411858247
Region_01,2021-01-18,Paid_Social,3562.0683267486493,501646.74456265377,174007.64803837836,2.882900551888459
Region_01,2021-01-25,Paid_Social,3534.753103633473,451991.1067165882,157459.0409155512,2.8705313082594044
Region_01,2021-02-01,Paid_Social,3330.118419212049,421256.8398599476,158356.1323208484,2.660186465064902
Region_01,2021-02-08,Paid_Social,3415.893206718549,557709.0040436725,186827.1816014827,2.9851598641214334
Region_01,2021-02-15,Paid_Social,3441.342321355037,467311.59607006965,170339.9494780776,2.743405745404496
Region_01,2021-02-22,Paid_Social,3003.2433532528976,441733.1593950899,149930.02964004537,2.9462620694173847
Region_01,2021-03-01,Paid_Social,3030.209912205417,431426.85443848674,129580.73686722235,3.3294057810502915
Region_01,2021-03-08,Paid_Social,2728.05348311967,372903.2321262531,119834.80596182108,3.1118107058566826
Region_01,2021-03-15,Paid_Social,2735.73460927165,371462.91287230304,117726.50855396251,3.1553039110306655
Region_01,2021-03-22,Paid_Social,2604.423267659374,396257.6557037075,127465.18477837201,3.10875205957371
Region_01,2021-03-29,Paid_Social,2778.648806637977,385146.25229427876,127624.6171345179,3.017805349326376
Region_01,2021-04-05,Paid_Social,2611.03730556408,367398.96018191014,124035.63172758273,2.962043689097517
Region_01,2021-04-12,Paid_Social,2800.3351887938666,400937.8412526031,137823.61822758103,2.909064835248739
Region_01,2021-04-19,Paid_Social,2771.7720000019276,445404.4691624817,137614.84423065424,3.236601920763328
Region_01,2021-04-26,Paid_Social,2716.196862851934,415353.0648022798,154306.45758890067,2.6917413003469552
Region_01,2021-05-03,Paid_Social,2412.0496494198046,358017.5543476804,104365.32376168268,3.430426327859725
Region_01,2021-05-10,Paid_Social,2657.8743607171314,358889.5501536393,119222.86854922898,3.010240858325332
Region_01,2021-05-17,Paid_Social,2719.304907012196,338330.94940295914,121544.72561151873,2.7835921937438286
Region_01,2021-05-24,Paid_Social,2737.077480545435,429958.5726295284,150504.22856328162,2.856787325737803
Region_01,2021-05-31,Paid_Social,2517.2712697890265,396099.4550112209,141281.17875130472,2.8036250724413136
Region_01,2021-06-07,Paid_Social,2649.213455181019,373171.11828035145,122413.43633342997,3.0484490057440032
Region_01,2021-06-14,Paid_Social,2579.7568951935123,389058.09693409747,139337.72990384433,2.792194886500468
Region_01,2021-06-21,Paid_Social,2597.7591715270655,401271.6589285082,119320.5111002518,3.362973014684492
Region_01,2021-06-28,Paid_Social,2847.963515264764,442113.99585965293,159352.60184653776,2.7744385139404533
Region_01,2021-07-05,Paid_Social,2589.9762490220696,405707.3888569184,169740.71842452534,2.390159489264297
Region_01,2021-07-12,Paid_Social,2688.178895849174,366921.28355477704,131582.61422701072,2.7885240440788945
Region_01,2021-07-19,Paid_Social,2809.9711788318773,467087.52268075,190329.44343878957,2.454100186716337
Region_01,2021-07-26,Paid_Social,2607.1149988120496,328793.5577022849,110035.67880964276,2.9880631560521778
Region_01,2021-08-02,Paid_Social,2665.326578186277,415027.18792024837,124439.03840742487,3.335184787923313
Region_01,2021-08-09,Paid_Social,2691.161722474851,403917.76501837105,126194.33204423201,3.2007599586706874
Region_01,2021-08-16,Paid_Social,2681.3056795368493,418012.32219207805,159279.03047982257,2.6244027285502076
Region_01,2021-08-23,Paid_Social,2511.3444834608144,432924.8780508918,155738.36637252523,2.7798216209314672
Region_01,2021-08-30,Paid_Social,2679.020516735001,443962.8670451279,123874.0450858215,3.583986191276347
Region_01,2021-09-06,Paid_Social,2858.6976694594155,364196.5156093844,117593.07767935612,3.0970914512710332
Region_01,2021-09-13,Paid_Social,2479.4256950481763,299167.89294967393,99681.56675378415,3.0012358622795903
Region_01,2021-09-20,Paid_Social,2814.8659028893885,436351.73931677017,130873.35696395047,3.3341525688606337
Region_01,2021-09-27,Paid_Social,2745.2902694376326,354330.71581971156,92420.08279383944,3.833914719705603
Region_01,2021-10-04,Paid_Social,2694.2330507689067,384413.2603183939,112555.73894340327,3.415314615913894
Region_01,2021-10-11,Paid_Social,3161.7242105011946,491241.27030564885,161480.04562222224,3.042117485245782
Region_01,2021-10-18,Paid_Social,3082.6940101917876,373631.2274521534,120203.7454604604,3.1083160181148846
Region_01,2021-10-25,Paid_Social,2918.6980132735257,337641.5114011188,105812.05429783178,3.1909550725737823
Region_01,2021-11-01,Paid_Social,3258.270961647366,477694.6432834371,169292.71663687698,2.8217081796145096
Region_01,2021-11-08,Paid_Social,3491.603213826975,501019.3500594301,185657.64915899723,2.6986194876913316
Region_01,2021-11-15,Paid_Social,3484.012826398035,485631.23651648866,161030.2710523805,3.0157760608781485
Region_01,2021-11-22,Paid_Social,3724.750538081423,534161.6381113136,195743.92903660363,2.728879719234749
Region_01,2021-11-29,Paid_Social,3613.2192156619303,473614.0235431977,158844.64464889435,2.981617822810839
Region_01,2021-12-06,Paid_Social,3710.044916630222,455565.57665704144,150402.5069589359,3.028975951720164
Region_01,2021-12-13,Paid_Social,3755.436179154103,527624.0918356979,139166.0830573553,3.791326738845162
Region_01,2021-12-20,Paid_Social,3248.6030240840546,421112.20822184545,152840.0633112101,2.7552475384963993
Region_01,2021-12-27,Paid_Social,3237.937618100318,392459.5941923827,132422.84735495414,2.9636849080915053
Region_01,2022-01-03,Paid_Social,3025.128994217966,454576.8427830562,154035.78886584626,2.951111856082737
Region_01,2022-01-10,Paid_Social,3196.955519971106,453912.3982438369,144830.034932218,3.1341040444840926
Region_01,2022-01-17,Paid_Social,3043.5250069405733,452828.9086377624,135942.1798521798,3.331040513916707
Region_01,2022-01-24,Paid_Social,3152.396794275573,407923.1041274579,142809.953214778,2.856405278096862
Region_01,2022-01-31,Paid_Social,3187.8693195614333,426406.0321634356,154302.49573775748,2.763442225122059
Region_01,2022-02-07,Paid_Social,3301.4000117477535,426788.02085963933,167627.83003973833,2.5460451331885867
Region_01,2022-02-14,Paid_Social,3247.026039948802,424503.58714751323,155233.2177926254,2.7346182291640933
Region_01,2022-02-21,Paid_Social,2773.15005857244,403981.7893317636,127627.18909677552,3.1653270137089473
Region_01,2022-02-28,Paid_Social,2748.1051724720537,363020.50282841665,120455.73263852419,3.0137254149439734
Region_01,2022-03-07,Paid_Social,2857.650273681465,423033.53858059744,156082.16606758354,2.7103259087103133
Region_01,2022-03-14,Paid_Social,2435.4572499044757,359946.44038588967,124539.09748829411,2.8902284314347337
Region_01,2022-03-21,Paid_Social,2572.533790497808,450002.2364004304,149529.3910385,3.009456758133699
Region_01,2022-03-28,Paid_Social,2579.2007695028424,320552.41265636,101602.24335747205,3.1549737689210766
Region_01,2022-04-04,Paid_Social,2730.453267580239,426282.8082793611,150781.25465136836,2.827160506556327
Region_01,2022-04-11,Paid_Social,2635.3475157486546,373124.21920803655,127528.91314662831,2.9258009811393224
Region_01,2022-04-18,Paid_Social,2493.1055502737136,355658.60613601713,142195.4449111617,2.501195494400113
Region_01,2022-04-25,Paid_Social,2480.0089237110255,306470.3171578752,114622.85276789253,2.673727880237525
Region_01,2022-05-02,Paid_Social,2488.76738870947,339547.3176984839,96277.00040003045,3.5267749959768846
Region_01,2022-05-09,Paid_Social,2714.182085212301,417654.90546140505,173271.0766337847,2.4104132875225064
Region_01,2022-05-16,Paid_Social,2457.4467209612117,348180.2081838954,120047.57852933415,2.900351780930059
Region_01,2022-05-23,Paid_Social,2468.55658104679,355520.94575447554,115937.59301019178,3.0664854817472587
Region_01,2022-05-30,Paid_Social,2546.6357618040197,353380.9455393113,122286.82093539072,2.8897713002615166
Region_01,2022-06-06,Paid_Social,2482.9368799264394,398116.3064823289,143875.40091734802,2.7670908573942703
Region_01,2022-06-13,Paid_Social,2469.3509778524267,352007.7622956768,118054.7844710799,2.9817322853349397
Region_01,2022-06-20,Paid_Social,2354.7958383852642,269955.6249783075,90029.9006898213,2.998510749316293
Region_01,2022-06-27,Paid_Social,2484.1161726241216,331144.49013808556,111291.65278717938,2.9754656512409428
Region_01,2022-07-04,Paid_Social,2426.978698456338,284750.28950388375,114522.52659546999,2.4864129177809042
Region_01,2022-07-11,Paid_Social,2626.0053462312717,271012.541969663,91678.98431047075,2.9561032335598245
Region_01,2022-07-18,Paid_Social,2555.231140101386,346186.02680681896,125697.12716830772,2.7541283926344464
Region_01,2022-07-25,Paid_Social,2466.0467091247324,402549.25448001496,141737.78407994492,2.8400984049035474
Region_01,2022-08-01,Paid_Social,2548.7302676138856,365824.02853552595,119204.75638912141,3.0688710720683203
Region_01,2022-08-08,Paid_Social,2419.5600009878094,307408.1259023806,96109.78207073308,3.198510279381761
Region_01,2022-08-15,Paid_Social,2590.1478249507577,336800.27283899096,102637.16204941178,3.281465174152496
Region_01,2022-08-22,Paid_Social,2453.851699266167,392511.31513154844,137495.9390099448,2.8547120588278534
Region_01,2022-08-29,Paid_Social,2525.7416442589606,366552.7838462343,111400.29393283761,3.2904112808465857
Region_01,2022-09-05,Paid_Social,2301.2784481063222,330335.85178222734,97917.45498462414,3.373615580941106
Region_01,2022-09-12,Paid_Social,2504.6909170856648,355905.16025216,105888.66484237027,3.3611261486956456
Region_01,2022-09-19,Paid_Social,2276.96778363724,326532.6012639619,94721.47203399426,3.447292300807717
Region_01,2022-09-26,Paid_Social,2264.431603524935,350622.2644749163,118589.20193225054,2.956612058787824
Region_01,2022-10-03,Paid_Social,2516.818687917291,379971.9895244601,128882.15259704155,2.9482126257812227
Region_01,2022-10-10,Paid_Social,2511.78481210841,366650.5376399929,112538.09812198681,3.258012564265644
Region_01,2022-10-17,Paid_Social,2747.3785893787053,353613.854402324,135131.13182560474,2.6168200445378127
Region_01,2022-10-24,Paid_Social,3183.411795808187,478621.22368230065,156233.9129883436,3.063491239050064
Region_01,2022-10-31,Paid_Social,2858.673727668614,381373.1178356345,134051.20024686152,2.844981000791624
Region_01,2022-11-07,Paid_Social,3018.202450154343,481011.4798784356,166360.60522799907,2.8913785160807994
Region_01,2022-11-14,Paid_Social,3261.165618489984,410273.79557591653,162774.1874145009,2.5205089461215575
Region_01,2022-11-21,Paid_Social,3385.6765313935107,477057.38148028485,173830.193305398,2.744387338062465
Region_01,2022-11-28,Paid_Social,3296.9935612130234,470652.63304429484,157206.05809303123,2.993858116878502
Region_01,2022-12-05,Paid_Social,3258.114152631928,407698.98574293655,124346.43689404507,3.2787347665645994
Region_01,2022-12-12,Paid_Social,3320.1885503703506,563441.7001666054,170110.61812609923,3.3122077056291603
Region_01,2022-12-19,Paid_Social,3162.8700480837097,522887.14932505914,175701.4106572717,2.975998584012612
Region_01,2022-12-26,Paid_Social,2791.0779067423728,380663.0579414625,129312.3982360506,2.9437475689422223
Region_01,2023-01-02,Paid_Social,2827.370889641249,436315.02291694004,158035.57123862632,2.760865920863631
Region_01,2023-01-09,Paid_Social,2917.251285727752,432834.124075511,138588.1563334431,3.1231682095121616
Region_01,2023-01-16,Paid_Social,2808.2122791855586,308906.07457035,105549.78910997519,2.9266384819442166
Region_01,2023-01-23,Paid_Social,3012.800495099402,441313.2650294472,138456.2279820583,3.1873847168986456
Region_01,2023-01-30,Paid_Social,2826.01605760125,401247.59806078684,112257.76713602903,3.5743415203918376
Region_01,2023-02-06,Paid_Social,3035.7780761795407,437306.63226430485,146241.56829356536,2.9903032179363356
Region_01,2023-02-13,Paid_Social,2836.0832821375216,363791.75862480974,140851.3066245628,2.5828071271961406
Region_01,2023-02-20,Paid_Social,2725.864520094317,379060.5891687035,137712.58746871626,2.7525485951297917
Region_01,2023-02-27,Paid_Social,2542.387645491496,356781.2721605129,137596.48312038422,2.5929534248950405
Region_01,2023-03-06,Paid_Social,2518.305158794814,405143.23484702804,152221.90402601287,2.661530463958682
Region_01,2023-03-13,Paid_Social,2229.0612476665397,329266.8010723168,96325.10750900966,3.4182863594677975
Region_01,2023-03-20,Paid_Social,2277.4161400224084,325164.482828544,105959.07231333574,3.0687743458812786
Region_01,2023-03-27,Paid_Social,2415.478076878199,402075.2896103886,156029.40969395617,2.5769198922115963
Region_01,2023-04-03,Paid_Social,2109.4949709714533,285079.73285320384,89013.97681505384,3.2026401139847938
Region_01,2023-04-10,Paid_Social,2430.2242427311994,333914.7208214839,98124.37998098218,3.4029740711350334
Region_01,2023-04-17,Paid_Social,2124.5094258379027,253081.24055298438,87451.61886306423,2.893957182762627
Region_01,2023-04-24,Paid_Social,2399.6693699983716,401050.2294429154,143032.72856600524,2.803905326170457
Region_01,2023-05-01,Paid_Social,2209.29222080308,347564.60760913783,119830.23723810885,2.9004750021358054
Region_01,2023-05-08,Paid_Social,2391.11446271478,374386.80241692957,121293.90341917178,3.0866085752316037
Region_01,2023-05-15,Paid_Social,2310.382507908047,352887.0638247023,110336.93939820728,3.198267649523328
Region_01,2023-05-22,Paid_Social,2121.5825791246148,306440.098313121,90757.24693591986,3.376480762241349
Region_01,2023-05-29,Paid_Social,2434.2339392967815,355322.60627998173,104916.62820220161,3.3867139305619194
Region_01,2023-06-05,Paid_Social,2453.316708801479,341752.00370047905,101183.19291594857,3.3775570215931765
Region_01,2023-06-12,Paid_Social,2271.062179511184,317898.68452614394,92474.07158636775,3.4377061491148577
Region_01,2023-06-19,Paid_Social,2243.467749627606,322240.5326218742,100539.14908225536,3.2051249246026092
Region_01,2023-06-26,Paid_Social,2252.1902329816726,374252.7086060408,145388.52364758946,2.574155780776758
Region_01,2023-07-03,Paid_Social,2158.284931587304,325944.72548187623,110080.50343579333,2.96096688612975
Region_01,2023-07-10,Paid_Social,2389.7130128343188,339397.63947179134,109636.24888587125,3.095669935087767
Region_01,2023-07-17,Paid_Social,2197.3912192956204,296242.0249856677,102604.0196700665,2.8872360550616207
Region_01,2023-07-24,Paid_Social,2247.9783334784875,301381.4008320527,91710.62145741777,3.2862213344829128
Region_01,2023-07-31,Paid_Social,2162.18278293255,362575.92119120975,125291.49702742949,2.8938589592542954
Region_01,2023-08-07,Paid_Social,2176.5070772587555,327089.94493034825,119605.35423339884,2.734743331741339
Region_01,2023-08-14,Paid_Social,2103.2979935285252,302507.7121004347,87275.0462635901,3.4661420996191046
Region_01,2023-08-21,Paid_Social,2384.29719332067,329024.2146355197,102608.2797834196,3.2066049185310144
Region_01,2023-08-28,Paid_Social,2220.2516626628903,283882.4771814986,92575.3282611691,3.066502517610555
Region_01,2023-09-04,Paid_Social,2349.2627328421977,333372.5129999401,101288.95012384228,3.291301890209522
Region_01,2023-09-11,Paid_Social,2245.952390522159,350142.6321902677,104949.0379429612,3.336311023456612
Region_01,2023-09-18,Paid_Social,2181.4772297251566,299643.57376535085,96532.31387558418,3.104075327061433
Region_01,2023-09-25,Paid_Social,2248.0394966780887,313932.9327732345,133798.2711449381,2.3463153154883742
Region_01,2023-10-02,Paid_Social,2264.4793089880495,316425.09333120123,112847.03149370207,2.8040178739558668
Region_01,2023-10-09,Paid_Social,2394.940863739585,345904.63156017155,120688.00324818361,2.8661061766748346
Region_01,2023-10-16,Paid_Social,2436.310992051626,296791.2556600097,109162.41833562989,2.7188043301449927
Region_01,2023-10-23,Paid_Social,2553.22155560412,356260.146178344,116417.3034848991,3.0601992617408094
Region_01,2023-10-30,Paid_Social,2533.2003831473953,332250.4510059392,98303.19734949488,3.3798539616641112
Region_01,2023-11-06,Paid_Social,2723.2225157083553,425012.91668075323,148709.95981924693,2.8579990015285146
Region_01,2023-11-13,Paid_Social,3192.000059356039,422180.5053815213,157638.4214679916,2.678157402554585
Region_01,2023-11-20,Paid_Social,2907.5240401075935,440033.8599318817,119753.55330967528,3.674495225991177
Region_01,2023-11-27,Paid_Social,2871.7355720472483,477806.31476157473,166623.52447138642,2.8675801707917086
Region_01,2023-12-04,Paid_Social,3046.3075294262594,421751.2625013083,159031.12196691165,2.6520045717155836
Region_01,2023-12-11,Paid_Social,3128.986415674797,420900.5691364129,137004.88941266248,3.0721572853407357
Region_01,2023-12-18,Paid_Social,2606.6294256416463,379572.7715293047,121251.36505759387,3.130461841390481
Region_01,2023-12-25,Paid_Social,2645.3074171699323,377824.39020584297,135141.4802872808,2.7957692146236086
Region_02,2021-01-04,Paid_Social,3100.879705792455,401083.38265620446,123533.41624635739,3.2467602276645624
Region_02,2021-01-11,Paid_Social,3363.698339140269,503195.184870966,176108.06133502137,2.857309205816004
Region_02,2021-01-18,Paid_Social,3397.5589341674513,593747.3834394972,217051.95554807317,2.7355081042243485
Region_02,2021-01-25,Paid_Social,3371.5052283368127,469370.87318779196,153687.5821981761,3.054058541844653
Region_02,2021-02-01,Paid_Social,3176.3213249075498,444647.2278701445,137220.8998607132,3.240375397053117
Region_02,2021-02-08,Paid_Social,3258.1347178261035,419266.5129250199,148900.70095001208,2.815745730208303
Region_02,2021-02-15,Paid_Social,3282.4084989185544,484119.33027210034,156124.9396985778,3.1008455869175293
Region_02,2021-02-22,Paid_Social,2864.5425495352665,361244.91973133205,121546.03155581142,2.972083210840626
Region_02,2021-03-01,Paid_Social,2890.263693794314,369628.988574068,92892.61191215509,3.979099962477228
Region_02,2021-03-08,Paid_Social,2602.0619578962664,422468.9903834346,151163.15164756626,2.794788186001918
Region_02,2021-03-15,Paid_Social,2609.3883414431953,340500.1839824879,98828.51902473197,3.4453636191520514
Region_02,2021-03-22,Paid_Social,2484.141439663654,395403.98520010593,132493.06835675656,2.98433714385287
Region_02,2021-03-29,Paid_Social,2650.3206036262945,440963.25301832013,148862.85668851432,2.9622114127569548
Region_02,2021-04-05,Paid_Social,2490.4500170161177,365125.5253564344,113234.67099226327,3.2245029031910333
Region_02,2021-04-12,Paid_Social,2671.005429038042,403283.27753020986,122931.57399627788,3.2805508334451203
Region_02,2021-04-19,Paid_Social,2643.761393167191,459102.2249489357,134822.49276154602,3.405234657401918
Region_02,2021-04-26,Paid_Social,2590.7529198811403,362897.6453758631,117054.93607028552,3.1002335959413245
Region_02,2021-05-03,Paid_Social,2300.6523413664986,309741.24631771137,109635.8708717181,2.8251816112276886
Region_02,2021-05-10,Paid_Social,2535.1239650115494,316323.22687869397,111265.23799759007,2.8429654451963273
Region_02,2021-05-17,Paid_Social,2593.7174231516674,372079.66446393606,117863.8771821461,3.1568591951962217
Region_02,2021-05-24,Paid_Social,2610.669193991537,432406.50762125995,136001.22049528672,3.1794310819162503
Region_02,2021-05-31,Paid_Social,2401.014441011942,377547.3532405868,109429.2932707387,3.450148876558108
Region_02,2021-06-07,Paid_Social,2526.863051889465,328525.55857289827,105020.89229081298,3.1281924139739674
Region_02,2021-06-14,Paid_Social,2460.6142508347457,322698.5500226002,96746.0486826517,3.3355217542901663
Region_02,2021-06-21,Paid_Social,2477.7851159563147,336565.59718495404,96399.75668207112,3.491353181470738
Region_02,2021-06-28,Paid_Social,2716.4341045369047,399571.1981218941,131013.40212730019,3.0498497988293414
Region_02,2021-07-05,Paid_Social,2470.3616373856726,345737.05829809303,133703.15955808738,2.585855558244212
Region_02,2021-07-12,Paid_Social,2564.028925455597,374229.9113774296,140356.52109584532,2.6662808999225556
Region_02,2021-07-19,Paid_Social,2680.1963936799457,394417.1638981359,151802.01500391224,2.5982340477362635
Region_02,2021-07-26,Paid_Social,2486.7088567896744,344787.3544886234,98018.52941198151,3.5175732237263864
Region_02,2021-08-02,Paid_Social,2542.2320117189984,361719.90733668226,131236.19913727645,2.756251016979804
Region_02,2021-08-09,Paid_Social,2566.8739941969907,374350.7460282007,110321.26900095532,3.3932780996650704
Region_02,2021-08-16,Paid_Social,2557.4731395058875,362298.2891596644,113895.6178327569,3.1809677672731826
Region_02,2021-08-23,Paid_Social,2395.3613754350954,359865.8500861527,101047.64335473035,3.561348272347475
Region_02,2021-08-30,Paid_Social,2555.2935139116375,440143.0565360848,132711.57069777575,3.316538672716211
Region_02,2021-09-06,Paid_Social,2726.6725160830583,413279.601707112,139177.36167985355,2.969445581658384
Region_02,2021-09-13,Paid_Social,2364.9167138532816,339736.0490406352,115533.4092987898,2.9405870657033737
Region_02,2021-09-20,Paid_Social,2684.8650614107137,324038.95428197563,107096.96908228967,3.0256594286342047
Region_02,2021-09-27,Paid_Social,2618.502686141472,388869.37841679994,127371.13087710478,3.0530417351166035
Region_02,2021-10-04,Paid_Social,2569.803477274805,302175.11996393034,106215.36680556789,2.8449284604653844
Region_02,2021-10-11,Paid_Social,3015.704178972607,374194.2631506101,125139.0631143521,2.9902274624564775
Region_02,2021-10-18,Paid_Social,2940.3238834533026,457523.7495242036,129837.60795658338,3.5238153007039053
Region_02,2021-10-25,Paid_Social,2783.9018237434257,426802.8142871997,168666.54440462645,2.5304533023651175
Region_02,2021-11-01,Paid_Social,3107.7920467033555,437363.1038377116,142067.549997542,3.0785573753139173
Region_02,2021-11-08,Paid_Social,3330.348158855716,400983.7368689805,146350.41692829103,2.739887902509052
Region_02,2021-11-15,Paid_Social,3323.1083233844724,457424.0523525193,149649.34661470228,3.056639154798553
Region_02,2021-11-22,Paid_Social,3552.7278837334165,474227.433658244,145341.93784367866,3.262839622850601
Region_02,2021-11-29,Paid_Social,3446.347487242893,524709.1848083074,175913.589336284,2.98276663439145
Region_02,2021-12-06,Paid_Social,3538.7014218688796,633574.7658212724,195481.751504979,3.241094173463731
Region_02,2021-12-13,Paid_Social,3581.9963492466254,522935.674486076,204349.16311207408,2.5590301742477655
Region_02,2021-12-20,Paid_Social,3098.5706099901568,409466.43279095006,122185.90895957219,3.3511755674415022
Region_02,2021-12-27,Paid_Social,3088.3977716101467,392463.0579080422,138954.0146321839,2.824409636144055
Region_02,2022-01-03,Paid_Social,2885.417431252856,409896.7429648015,128387.39105209996,3.192655755411871
Region_02,2022-01-10,Paid_Social,3049.308377228168,427981.7754350404,140081.3766671434,3.0552367889130343
Region_02,2022-01-17,Paid_Social,2902.963848571527,369601.5175970618,159551.91817456466,2.316496860869346
Region_02,2022-01-24,Paid_Social,3006.807537071584,434571.0925285758,156233.81104995127,2.7815431858705297
Region_02,2022-01-31,Paid_Social,3040.6418109111496,387153.94047466863,126236.76960792897,3.0668872601628374
Region_02,2022-02-07,Paid_Social,3148.929238932478,502762.71940850746,143467.48600672057,3.504366971238041
Region_02,2022-02-14,Paid_Social,3097.066456771777,492042.72379358055,159369.66366128504,3.087430270539689
Region_02,2022-02-21,Paid_Social,2645.0758079337156,421163.0210807848,136816.15708424995,3.078313483263801
Region_02,2022-02-28,Paid_Social,2621.1875866195446,357118.46993072674,137101.79725596833,2.604768697991526
Region_02,2022-03-07,Paid_Social,2725.673492887388,409940.7910470878,118425.70226936399,3.4615863211404996
Region_02,2022-03-14,Paid_Social,2322.978892925578,327500.16111332766,91119.20176481732,3.5941947994520413
Region_02,2022-03-21,Paid_Social,2453.7247356317293,337164.5513486043,112067.49246966379,3.008584772608108
Region_02,2022-03-28,Paid_Social,2460.083809070148,339721.4381711295,115756.5638467799,2.934792005581633
Region_02,2022-04-04,Paid_Social,2604.350911500232,326704.8214494196,128040.90196078256,2.5515660733902474
Region_02,2022-04-11,Paid_Social,2513.637492445451,310812.44657331455,94845.12233484733,3.2770525138446476
Region_02,2022-04-18,Paid_Social,2377.964783142302,367793.48468637903,93567.33864544916,3.930789204981491
Region_02,2022-04-25,Paid_Social,2365.473006875301,331523.797502755,102860.7362636559,3.223035431644031
Region_02,2022-05-02,Paid_Social,2373.826973805582,346537.4954486534,101799.82491928196,3.4041069886262205
Region_02,2022-05-09,Paid_Social,2588.831192069663,408798.6209338443,129076.03475062162,3.1671148073587343
Region_02,2022-05-16,Paid_Social,2343.952809480015,281567.0533699119,103571.26427126446,2.7185827589441898
Region_02,2022-05-23,Paid_Social,2354.5495754397402,310996.4721785566,90694.98077788223,3.429037301856943
Region_02,2022-05-30,Paid_Social,2429.0227729812204,353141.0809032264,133181.4975244564,2.6515776400425164
Region_02,2022-06-06,Paid_Social,2368.2657393234213,351852.67122168315,119781.1996480777,2.9374615737314484
Region_02,2022-06-13,Paid_Social,2355.307284084462,324021.18044763315,105036.86904005123,3.0848328154572258
Region_02,2022-06-20,Paid_Social,2246.042721518725,355644.9602296258,108530.33028825697,3.276917699273848
Region_02,2022-06-27,Paid_Social,2369.390567954843,345681.3515917483,110532.16298634095,3.127427730103011
Region_02,2022-07-04,Paid_Social,2314.891912110217,292911.3232716556,93932.28717649057,3.1183241894376614
Region_02,2022-07-11,Paid_Social,2504.726778613843,326016.63592267147,117270.69895522187,2.7800349006801452
Region_02,2022-07-18,Paid_Social,2437.221185153011,377379.29444565356,143104.56981561554,2.6370876550755264
Region_02,2022-07-25,Paid_Social,2352.1556186174166,351975.111734343,116605.92790664923,3.018501014940873
Region_02,2022-08-01,Paid_Social,2431.0205468233275,287220.4827300885,102786.84134888208,2.7943312486390783
Region_02,2022-08-08,Paid_Social,2307.8158373266965,377253.702704779,143320.61545915456,2.632236133623734
Region_02,2022-08-15,Paid_Social,2470.525289308075,374682.36066403444,141749.4393339044,2.643272258604383
Region_02,2022-08-22,Paid_Social,2340.523819085079,382433.2725980761,133881.45524741296,2.8565066901262712
Region_02,2022-08-29,Paid_Social,2409.0936224919715,331201.06176888995,132870.00253462596,2.492669943936961
Region_02,2022-09-05,Paid_Social,2194.9969607987127,304434.2602393496,116116.00695473242,2.6218113094263797
Region_02,2022-09-12,Paid_Social,2389.015095182072,304929.50184397586,119699.20999096519,2.547464614570069
Region_02,2022-09-19,Paid_Social,2171.8090520653986,399853.6366344827,130877.31225401627,3.055179157854476
Region_02,2022-09-26,Paid_Social,2159.8518387741615,303183.83374673285,97021.11371182074,3.124926339716856
Region_02,2022-10-03,Paid_Social,2400.5827610325855,401942.87402689713,109616.02629289082,3.666825806592528
Region_02,2022-10-10,Paid_Social,2395.7813680891873,320802.38553375594,124209.04630266428,2.582761844512083
Region_02,2022-10-17,Paid_Social,2620.4945598009167,380540.3865489726,135766.93733665594,2.802894386616099
Region_02,2022-10-24,Paid_Social,3036.390151969523,367006.3833033846,111665.27869694965,3.286665179956337
Region_02,2022-10-31,Paid_Social,2726.649680012052,374889.7741462441,127701.70811961935,2.9356676560276034
Region_02,2022-11-07,Paid_Social,2878.810780423182,453773.37807223765,156285.64824723027,2.9034871925949832
Region_02,2022-11-14,Paid_Social,3110.5530176659654,392082.10835174995,110160.89940667628,3.5591767175421944
Region_02,2022-11-21,Paid_Social,3229.313559500617,513544.9072418047,177073.6603326534,2.9001767189826597
Region_02,2022-11-28,Paid_Social,3144.7262944606337,464655.26687716466,173869.14348616547,2.6724423756889135
Region_02,2022-12-05,Paid_Social,3107.6424797039354,399939.95808226365,152078.39407184432,2.6298275999240595
Region_02,2022-12-12,Paid_Social,3166.8500538640146,430274.2614922461,138689.9826949016,3.1024177314866983
Region_02,2022-12-19,Paid_Social,3016.797097568903,411633.86091293104,133086.3037455966,3.092984396800115
Region_02,2022-12-26,Paid_Social,2662.1756822575053,378432.19302671787,144690.19328853517,2.6154653914385486
Region_02,2023-01-02,Paid_Social,2696.7925219654103,365144.748184416,134319.48551142844,2.7184793538637253
Region_02,2023-01-09,Paid_Social,2782.521911387018,365941.6954620674,115629.42510117583,3.1647800301858124
Region_02,2023-01-16,Paid_Social,2678.5187264766587,371166.3286694102,116782.27707082791,3.1782761732270344
Region_02,2023-01-23,Paid_Social,2873.6583074846194,370458.7289673151,131690.1698408203,2.813108445490691
Region_02,2023-01-30,Paid_Social,2695.500261042949,338483.8177388941,106021.55013008192,3.1925944991711144
Region_02,2023-02-06,Paid_Social,2895.574699513977,411665.4839987241,129594.88818393464,3.176556496691793
Region_02,2023-02-13,Paid_Social,2705.102544190813,422112.71401298227,168168.8037873696,2.510053615810314
Region_02,2023-02-20,Paid_Social,2599.97408921966,318750.7465884348,109618.21161547113,2.907826554465038
Region_02,2023-02-27,Paid_Social,2424.9708502759163,346545.95943133294,110818.15349555376,3.127158759645251
Region_02,2023-03-06,Paid_Social,2402.0005812277745,321549.4930768814,113504.98510981842,2.832910755115959
Region_02,2023-03-13,Paid_Social,2126.1150158028113,275455.7405414092,113716.42648937672,2.4223038750443147
Region_02,2023-03-20,Paid_Social,2172.236701706671,337966.32827031537,115889.30328888402,2.9162857889295184
Region_02,2023-03-27,Paid_Social,2303.9224314582416,312511.48996322503,96623.27282549463,3.234329378674979
Region_02,2023-04-03,Paid_Social,2012.0707487234856,333899.38772293343,95029.45213095463,3.513641089530916
Region_02,2023-04-10,Paid_Social,2317.987565235254,306298.6400738155,127106.65681316407,2.409776543206925
Region_02,2023-04-17,Paid_Social,2026.3917809423488,300892.20960749907,77231.52045673072,3.8959767699520453
Region_02,2023-04-24,Paid_Social,2288.8438286998785,319629.860713353,119255.11065324428,2.6802193965735723
Region_02,2023-05-01,Paid_Social,2107.2589951769937,279172.8146962179,84565.09745333786,3.3012770410424057
Region_02,2023-05-08,Paid_Social,2280.684018441867,345532.9612489222,101804.66666050331,3.39407782161107
Region_02,2023-05-15,Paid_Social,2203.6805616954925,309970.0927099479,93649.75371247201,3.309886896890653
Region_02,2023-05-22,Paid_Social,2023.6001067554737,307060.3610899689,100833.45622525558,3.0452230101486895
Region_02,2023-05-29,Paid_Social,2321.8120792928285,330122.54323584813,123592.93785173811,2.671046978686295
Region_02,2023-06-05,Paid_Social,2340.0135364441358,299891.3428516087,93892.64461974686,3.193981211905683
Region_02,2023-06-12,Paid_Social,2166.176190418847,306311.2355116587,109674.04325643343,2.792923707530867
Region_02,2023-06-19,Paid_Social,2139.8561726134103,307286.1089582072,131819.88329261608,2.3311059096910904
Region_02,2023-06-26,Paid_Social,2148.1758196637484,337751.51126621733,84843.49290122701,3.9808770209333604
Region_02,2023-07-03,Paid_Social,2058.607409837836,268606.6303822896,83414.77716381718,3.2201324455351186
Region_02,2023-07-10,Paid_Social,2279.347292661961,324342.8941449182,90141.55516767951,3.598150636979604
Region_02,2023-07-17,Paid_Social,2095.907625610729,252054.1513259616,92037.3012017292,2.738608673167244
Region_02,2023-07-24,Paid_Social,2144.158441142566,326928.52735452197,94101.97222730514,3.474194213111918
Region_02,2023-07-31,Paid_Social,2062.325244097962,264417.93485702923,75183.49560139839,3.5169678230831174
Region_02,2023-08-07,Paid_Social,2075.9879899240836,247558.36141416655,70638.76808383293,3.5045679324470713
Region_02,2023-08-14,Paid_Social,2006.1599704495407,284902.1758871869,95168.99666749487,2.993644840899071
Region_02,2023-08-21,Paid_Social,2274.181595576293,362866.0925882856,136410.37300923656,2.660106299714578
Region_02,2023-08-28,Paid_Social,2117.7122897768404,259754.46840274587,88133.77446342276,2.947274980382794
Region_02,2023-09-04,Paid_Social,2240.765155103064,287108.1476977728,119285.95440093322,2.4068898064291013
Region_02,2023-09-11,Paid_Social,2142.2260636697088,284110.4712702881,112275.09848445363,2.530485166393579
Region_02,2023-09-18,Paid_Social,2080.7286025029016,265499.6672362114,87689.96078146341,3.0277088148993085
Region_02,2023-09-25,Paid_Social,2144.216779601064,318162.5026076281,117107.20820123676,2.7168481555883255
Region_02,2023-10-02,Paid_Social,2159.8973410238505,284624.0192697012,96447.75623363537,2.951069370449915
Region_02,2023-10-09,Paid_Social,2284.333702219662,303617.3045334579,102314.94253980307,2.9674776430172276
Region_02,2023-10-16,Paid_Social,2323.7932061260694,351910.3736808949,96707.55517341044,3.6389129375659373
Region_02,2023-10-23,Paid_Social,2435.3044106455204,322584.60089477344,94442.4339701275,3.415674367274441
Region_02,2023-10-30,Paid_Social,2416.2078894356255,360438.9026999888,120686.63981339805,2.9865683828573593
Region_02,2023-11-06,Paid_Social,2597.4541022957073,336715.50891176047,99458.06962431726,3.385502153657669
Region_02,2023-11-13,Paid_Social,3044.581777977052,385289.43193158857,138844.39545345787,2.7749728800594022
Region_02,2023-11-20,Paid_Social,2773.243905680772,329744.4370020623,113680.89251172854,2.9006144279527213
Region_02,2023-11-27,Paid_Social,2739.108280463953,471348.5450017928,143446.63884175106,3.285880720577775
Region_02,2023-12-04,Paid_Social,2905.6178639534814,402005.30467117747,151717.3201174021,2.649699482960134
Region_02,2023-12-11,Paid_Social,2984.4783357000015,436882.1313418173,149747.30206097566,2.917462453940727
Region_02,2023-12-18,Paid_Social,2486.245709170942,354076.85864694684,134691.4088808798,2.6288006160815356
Region_02,2023-12-25,Paid_Social,2523.137409053782,366260.35624535865,120660.99350716682,3.035449531779333
Region_03,2021-01-04,Paid_Social,3622.429916454522,520067.61197672744,147244.57237618716,3.5319985218065284
Region_03,2021-01-11,Paid_Social,3929.453139013718,679370.8162805183,244145.5343913575,2.782646907608429
Region_03,2021-01-18,Paid_Social,3969.0088922363575,511050.7421866001,166545.51689287176,3.06853496702242
Region_03,2021-01-25,Paid_Social,3938.5731022703317,481505.38753839914,175569.9118572958,2.742527933429558
Region_03,2021-02-01,Paid_Social,3710.5603839208325,479062.981986987,179141.2643350117,2.6742190514581403
Region_03,2021-02-08,Paid_Social,3806.134321059126,475795.5709203971,179461.54526876644,2.6512396859607605
Region_03,2021-02-15,Paid_Social,3834.490813137974,590268.7770871635,170117.68984679956,3.469767180701392
Region_03,2021-02-22,Paid_Social,3346.3422037978194,518920.5666696545,136577.8777622546,3.7994481622635536
Region_03,2021-03-01,Paid_Social,3376.3894972401827,438132.1240173112,139157.1484200362,3.1484701216702127
Region_03,2021-03-08,Paid_Social,3039.713879627209,377875.56364856614,135311.8281445736,2.7926277312935706
Region_03,2021-03-15,Paid_Social,3048.272518935351,420288.13321928674,130560.80480326018,3.2190988241272844
Region_03,2021-03-22,Paid_Social,2901.9598054489356,476440.96452039585,164212.92114209288,2.9013609964841507
Region_03,2021-03-29,Paid_Social,3096.0893532366763,333628.46858299756,102644.94332233588,3.2503156783408627
Region_03,2021-04-05,Paid_Social,2909.329449388733,438092.6561367625,141842.71164381746,3.0885806613515756
Region_03,2021-04-12,Paid_Social,3120.2532478399344,400287.79459484806,129748.9034989525,3.0850957796192837
Region_03,2021-04-19,Paid_Social,3088.4269211368446,489577.96245087875,153577.26942456016,3.1878282787894467
Region_03,2021-04-26,Paid_Social,3026.502726174275,388176.63192571246,137111.92292877103,2.831093194771751
Region_03,2021-05-03,Paid_Social,2687.6088914894995,373140.6616740321,129512.83021417342,2.8811096248686328
Region_03,2021-05-10,Paid_Social,2961.517299630871,363914.5029675426,144089.00925249624,2.5256229108344574
Region_03,2021-05-17,Paid_Social,3029.965841919953,392552.65890589455,136762.4318533599,2.8703252317624717
Region_03,2021-05-24,Paid_Social,3049.7688035480733,500443.56335219054,192311.3767287296,2.602256672823396
Region_03,2021-05-31,Paid_Social,2804.851321614964,434959.7644588598,147099.5197108009,2.956908121209335
Region_03,2021-06-07,Paid_Social,2951.8669482242144,405092.7886707886,148601.31105622667,2.7260377838625702
Region_03,2021-06-14,Paid_Social,2874.47547817732,376417.20203369466,124208.59592339302,3.03052457227561
Region_03,2021-06-21,Paid_Social,2894.534384490772,342163.4955497087,109000.49905260102,3.1391002658124423
Region_03,2021-06-28,Paid_Social,3173.3227664299598,435832.80235304806,167445.62260577135,2.602831866074869
Region_03,2021-07-05,Paid_Social,2885.862319331901,410993.9760115776,148605.356525529,2.765674035047133
Region_03,2021-07-12,Paid_Social,2995.2839089098,424316.1081354618,155430.3337913304,2.7299440063296663
Region_03,2021-07-19,Paid_Social,3130.9900801065055,443108.74376979546,137078.47609056017,3.232518746977155
Region_03,2021-07-26,Paid_Social,2904.959047434344,370956.0010937892,104254.49411151659,3.558177556326669
Region_03,2021-08-02,Paid_Social,2969.8208790933454,421457.68557878304,129018.19386261498,3.2666531204705302
Region_03,2021-08-09,Paid_Social,2998.607501922435,426719.0383549056,147297.6561059831,2.8969845796315603
Region_03,2021-08-16,Paid_Social,2987.6254773022342,485597.57740013476,139807.61838796313,3.473327011784236
Region_03,2021-08-23,Paid_Social,2798.247442777938,481791.66160935117,186850.76839018776,2.5784837052596883
Region_03,2021-08-30,Paid_Social,2985.079251163719,420637.96517961303,120689.89801941121,3.4852789842606344
Region_03,2021-09-06,Paid_Social,3185.2832201723218,421473.01035149785,150019.43839091135,2.8094559936509667
Region_03,2021-09-13,Paid_Social,2762.6821634463063,392112.5528280621,172598.13201856276,2.2718238502482215
Region_03,2021-09-20,Paid_Social,3136.443991016474,421648.7719948938,107821.8050336228,3.9106076165522197
Region_03,2021-09-27,Paid_Social,3058.9198442225083,405720.1393275886,115497.51491183208,3.512804060219869
Region_03,2021-10-04,Paid_Social,3002.029707279515,426353.46987985726,157566.0645487057,2.7058711601448033
Region_03,2021-10-11,Paid_Social,3522.9283537445485,453414.7408054826,148605.34427745937,3.051133477130654
Region_03,2021-10-18,Paid_Social,3434.869524151696,521356.85294278443,177553.57641288923,2.9363354063361875
Region_03,2021-10-25,Paid_Social,3252.138169682179,459788.34010928625,151704.09565817725,3.030823512802783
Region_03,2021-11-01,Paid_Social,3630.504873526092,531773.5191600502,205600.30929240418,2.5864431867354996
Region_03,2021-11-08,Paid_Social,3890.4936493707487,545709.7156574692,194732.00649767593,2.8023627213227638
Region_03,2021-11-15,Paid_Social,3882.036115029042,515676.41863531375,164033.56248152218,3.1437250452534853
Region_03,2021-11-22,Paid_Social,4150.276370611153,539274.1675889016,175799.15798865224,3.0675583077804705
Region_03,2021-11-29,Paid_Social,4026.00340057245,561657.2011163364,166061.0616020279,3.382232991273841
Region_03,2021-12-06,Paid_Social,4133.890738177494,559021.6079422652,184860.37541368158,3.024020732897916
Region_03,2021-12-13,Paid_Social,4184.467624430421,611928.0735255118,161270.05038657194,3.794430968792353
Region_03,2021-12-20,Paid_Social,3619.7324439603194,516875.5201972528,185075.33145567033,2.7927845171578474
Region_03,2021-12-27,Paid_Social,3607.8485924151696,449765.39035551174,146083.8196527887,3.0788172942391014
Region_03,2022-01-03,Paid_Social,3370.7281210892875,484775.5695130981,195724.0074219468,2.476832433069933
Region_03,2022-01-10,Paid_Social,3562.1845857267253,444937.17505509744,168112.62080680652,2.646661344756591
Region_03,2022-01-17,Paid_Social,3391.2257453289562,455496.84954847395,132943.4587227233,3.4262449158818096
Region_03,2022-01-24,Paid_Social,3512.535347618562,487235.6402746546,178469.16747598696,2.730083000696533
Region_03,2022-01-31,Paid_Social,3552.060352580544,412338.91411776195,130342.5274869664,3.1635025196131306
Region_03,2022-02-07,Paid_Social,3678.5611059337375,530339.5949839883,177875.22897265732,2.981525859710973
Region_03,2022-02-14,Paid_Social,3617.9753007834943,524716.451909351,194163.508652538,2.702446281233764
Region_03,2022-02-21,Paid_Social,3089.962412940669,434502.4734494351,149966.85096002862,2.8973234462677695
Region_03,2022-02-28,Paid_Social,3062.0563295870656,419263.7077624321,147129.20861497172,2.8496293272372584
Region_03,2022-03-07,Paid_Social,3184.116166995616,438193.0277152244,153359.342897066,2.857295939311225
Region_03,2022-03-14,Paid_Social,2713.6906411774335,351602.3155991066,108693.0268786456,3.2348194331883513
Region_03,2022-03-21,Paid_Social,2866.427185966998,398593.2463773198,124473.73380176541,3.2022277648721627
Region_03,2022-03-28,Paid_Social,2873.855819145263,388478.78803389467,137190.2775793121,2.831678708495274
Region_03,2022-04-04,Paid_Social,3042.3878221206546,438630.0486882348,160092.91025837016,2.739846805085498
Region_03,2022-04-11,Paid_Social,2936.416925412187,371898.7449437765,120515.1660191442,3.0859082489642775
Region_03,2022-04-18,Paid_Social,2777.924843275591,406306.7070704813,136796.92994917347,2.9701449237306967
Region_03,2022-04-25,Paid_Social,2763.332021769257,400456.13107768557,120441.44367425071,3.3249031135891265
Region_03,2022-05-02,Paid_Social,2773.0910781018165,390587.28186875,99834.10033538961,3.9123634164737697
Region_03,2022-05-09,Paid_Social,3024.2577747488535,413472.2264732308,126682.70990344205,3.2638410307798167
Region_03,2022-05-16,Paid_Social,2738.1922503982264,413384.0480114745,138274.07933546268,2.989598990629152
Region_03,2022-05-23,Paid_Social,2750.5713317145605,332684.171611806,112819.10719597571,2.9488282603930496
Region_03,2022-05-30,Paid_Social,2837.570494643824,424468.8786755249,154145.32303874937,2.753692880897989
Region_03,2022-06-06,Paid_Social,2766.5944758237706,404950.9745413414,147794.23451133698,2.7399646263621906
Region_03,2022-06-13,Paid_Social,2751.456482614632,404363.0692698783,149014.32214103304,2.7135852679125243
Region_03,2022-06-20,Paid_Social,2623.8142462818014,389477.25470018026,135061.02264887924,2.8837132065311826
Region_03,2022-06-27,Paid_Social,2767.9084941901515,370395.98682929616,128853.32267573183,2.8745551852118156
Region_03,2022-07-04,Paid_Social,2704.243476495542,376425.9399710347,116481.9076707544,3.2316258163888705
Region_03,2022-07-11,Paid_Social,2926.0074805374684,445496.6923115138,154543.7820332717,2.8826568526425924
Region_03,2022-07-18,Paid_Social,2847.147832798233,424633.6457155263,144367.11572305666,2.941346050925562
Region_03,2022-07-25,Paid_Social,2747.774725062685,400737.98096716485,150885.7478369001,2.6559034681018545
Region_03,2022-08-01,Paid_Social,2839.904282606782,348690.06220239936,98604.17486327326,3.536260636893932
Region_03,2022-08-08,Paid_Social,2695.977246451528,406423.0428918691,128777.18527977029,3.15601744213394
Region_03,2022-08-15,Paid_Social,2886.053496570569,463442.4558204299,129176.87900904039,3.5876579413874525
Region_03,2022-08-22,Paid_Social,2734.186523453499,432095.3315804379,132999.5002880488,3.248849286234992
Region_03,2022-08-29,Paid_Social,2814.2893751579813,411555.0221301952,118198.66830455861,3.4818922077003016
Region_03,2022-09-05,Paid_Social,2564.1828809002477,313474.22271110356,107120.41723094629,2.926372308980731
Region_03,2022-09-12,Paid_Social,2790.8337545255963,438096.84764866956,135926.13726093766,3.223050816250698
Region_03,2022-09-19,Paid_Social,2537.094898693563,357144.10366002255,90828.80095288913,3.9320578925760037
Region_03,2022-09-26,Paid_Social,2523.126550594573,279804.7370728005,105407.43240427335,2.6545067144758274
Region_03,2022-10-03,Paid_Social,2804.3470355349095,416021.3563019281,123284.83526234065,3.374473068132562
Region_03,2022-10-10,Paid_Social,2798.7380757915403,344397.5228909471,96871.93703625683,3.5551836107297765
Region_03,2022-10-17,Paid_Social,3061.246739625865,384146.2487285183,122768.23255595402,3.129036239512825
Region_03,2022-10-24,Paid_Social,3547.09358895023,475552.7451614422,146840.10435136646,3.238575369188757
Region_03,2022-10-31,Paid_Social,3185.2565432049337,516790.2472202961,151572.08878989035,3.4095343763235473
Region_03,2022-11-07,Paid_Social,3363.0102694202033,462939.82633045275,165011.35815583295,2.805502793894121
Region_03,2022-11-14,Paid_Social,3633.7302239951014,533363.9473873368,170519.6531429123,3.127873752712393
Region_03,2022-11-21,Paid_Social,3772.4656089352443,641860.3275370966,233821.71577333292,2.7450843280925916
Region_03,2022-11-28,Paid_Social,3673.6512502680807,615499.5193805305,219850.238449701,2.799630892924181
Region_03,2022-12-05,Paid_Social,3630.3301502138006,513286.0966318818,182249.63512884965,2.816390256523646
Region_03,2022-12-12,Paid_Social,3699.49609932093,515887.97991405794,174496.41330841248,2.956438875349577
Region_03,2022-12-19,Paid_Social,3524.205094990614,443817.29162201134,145739.84079753494,3.0452708689216443
Region_03,2022-12-26,Paid_Social,3109.938388210654,414470.6805768072,131905.6154382942,3.1421761628540956
Region_03,2023-01-02,Paid_Social,3150.3775821390045,469610.3356218282,180979.15483954066,2.5948310789615143
Region_03,2023-01-09,Paid_Social,3250.526163968897,483105.51432378596,131491.90030726633,3.674032493217297
Region_03,2023-01-16,Paid_Social,3129.0302388860646,451959.2775048914,133837.56958610532,3.3769238256685483
Region_03,2023-01-23,Paid_Social,3356.9911800367913,529731.5592966869,163923.82213519412,3.2315715458354637
Region_03,2023-01-30,Paid_Social,3148.8679703289604,416402.08434996527,143982.54729124001,2.892031653723211
Region_03,2023-02-06,Paid_Social,3382.5937837107062,480525.49424241146,161644.367981481,2.9727326738501865
Region_03,2023-02-13,Paid_Social,3160.0853025189563,485688.97528256045,153061.45688797164,3.173163153922184
Region_03,2023-02-20,Paid_Social,3037.274843394478,459997.19923148316,147004.634505455,3.129133994849759
Region_03,2023-02-27,Paid_Social,2832.8370617410783,450437.0854276845,178343.66077639663,2.525669168541026
Region_03,2023-03-06,Paid_Social,2806.0033249683925,417092.63242298807,128865.35790746576,3.23665443681528
Region_03,2023-03-13,Paid_Social,2483.715387178829,344006.46590882656,85048.64661803024,4.044819989362388
Region_03,2023-03-20,Paid_Social,2537.594476555746,375884.1302873057,151410.94617841294,2.4825426415629686
Region_03,2023-03-27,Paid_Social,2691.4289920099104,347810.5331879205,104697.77179205428,3.3220433179678857
Region_03,2023-04-03,Paid_Social,2350.489527402143,285009.585423501,91474.50747129534,3.1157269200157964
Region_03,2023-04-10,Paid_Social,2707.859800750285,409964.63073515135,138227.3955369442,2.9658710499654863
Region_03,2023-04-17,Paid_Social,2367.219275236995,336314.6100639249,97390.94105522707,3.4532432526061374
Region_03,2023-04-24,Paid_Social,2673.8142546087156,393937.4362077882,148255.84266253392,2.657146113994879
Region_03,2023-05-01,Paid_Social,2461.687891854631,296760.0628487154,97280.84993328076,3.0505496513676205
Region_03,2023-05-08,Paid_Social,2664.2820109889462,366965.682133939,105262.852660854,3.486184089236726
Region_03,2023-05-15,Paid_Social,2574.327013744965,346349.217304063,117806.69820685966,2.9399789874078293
Region_03,2023-05-22,Paid_Social,2363.9580574372076,309748.6851541592,107778.18691508166,2.873945962722586
Region_03,2023-05-29,Paid_Social,2712.327576172912,309250.2376482833,101874.40884858921,3.035602769562141
Region_03,2023-06-05,Paid_Social,2733.5904141942624,377652.2115650848,131767.22817356276,2.8660556710477683
Region_03,2023-06-12,Paid_Social,2530.5146219722183,395439.6756182273,112445.54803403697,3.516721493487041
Region_03,2023-06-19,Paid_Social,2499.7677278821543,370977.9848515314,135736.45970905904,2.7330754437436706
Region_03,2023-06-26,Paid_Social,2509.4866919274828,337588.8368531137,102875.88691834462,3.2815156881327026
Region_03,2023-07-03,Paid_Social,2404.853388443778,343039.7992780553,130047.86364837181,2.637796497800063
Region_03,2023-07-10,Paid_Social,2662.7204555870453,410293.7907024978,127677.03825889817,3.2135284174631398
Region_03,2023-07-17,Paid_Social,2448.42728692605,265402.9503341836,89426.48549907892,2.967833845342353
Region_03,2023-07-24,Paid_Social,2504.793613342826,353399.0304908576,153623.0270196269,2.300430067985233
Region_03,2023-07-31,Paid_Social,2409.1965411378806,363383.3912480449,121202.23060645624,2.9981576199529787
Region_03,2023-08-07,Paid_Social,2425.157282578126,370908.11873230967,137967.8185419702,2.688366915212756
Region_03,2023-08-14,Paid_Social,2343.5845900680465,396866.4332767529,138471.65485021178,2.86604817214074
Region_03,2023-08-21,Paid_Social,2656.6859178307072,425144.5158013811,120984.40823979767,3.5140438506648026
Region_03,2023-08-28,Paid_Social,2473.899370749882,364635.05782327335,136338.78193416266,2.674477889932696
Region_03,2023-09-04,Paid_Social,2617.649023414737,385414.47982391773,143265.86216015965,2.690204588955431
Region_03,2023-09-11,Paid_Social,2502.5362210439616,386775.48043954984,111179.25363913595,3.478845807824365
Region_03,2023-09-18,Paid_Social,2430.695239047625,329010.5290643278,108370.70168051826,3.035973044026842
Region_03,2023-09-25,Paid_Social,2504.8617639959934,356402.2017805834,101390.00263830453,3.515161184599248
Region_03,2023-10-02,Paid_Social,2523.1797060621107,394645.906844761,127245.19551015348,3.1014601790074687
Region_03,2023-10-09,Paid_Social,2668.545550679824,463646.88455404574,169223.00754470614,2.7398572527530414
Region_03,2023-10-16,Paid_Social,2714.6419171954335,381678.4321753769,128096.37394002004,2.979619332191982
Region_03,2023-10-23,Paid_Social,2844.908667794167,404453.1975475505,118808.2553075933,3.4042516363902955
Region_03,2023-10-30,Paid_Social,2822.6002210647716,411311.844946938,124460.55799633048,3.304756555559271
Region_03,2023-11-06,Paid_Social,3034.3310090995365,495791.99517673167,165248.9347352536,3.0002734720864814
Region_03,2023-11-13,Paid_Social,3556.6629995464064,506556.843363422,168007.71305956345,3.015080880148838
Region_03,2023-11-20,Paid_Social,3239.687650829365,536066.3574742539,180768.2293706143,2.9654898946606423
Region_03,2023-11-27,Paid_Social,3199.810608914034,414996.892198266,146807.97788659626,2.8268006832628387
Region_03,2023-12-04,Paid_Social,3394.32615090108,475966.15980880137,130079.59017845796,3.659037971720367
Region_03,2023-12-11,Paid_Social,3486.450502434834,488291.6080739833,162643.5797312717,3.0022187711360293
Region_03,2023-12-18,Paid_Social,2904.418001038156,448867.9420104569,168074.50309508506,2.670648633460592
Region_03,2023-12-25,Paid_Social,2947.5146735968583,467469.2164342215,163655.3947469549,2.856424117011392
Region_04,2021-01-04,Paid_Social,2150.281003048333,264145.272601556,81712.33356186221,3.2326242696468666
Region_04,2021-01-11,Paid_Social,2332.5305477434263,304078.8727427718,94890.05311232795,3.20453896661658
Region_04,2021-01-18,Paid_Social,2356.0109149769096,348103.6486669283,117682.21416198014,2.9579971038596495
Region_04,2021-01-25,Paid_Social,2337.9441745606396,312701.09013846086,111649.12683105971,2.8007481922507114
Region_04,2021-02-01,Paid_Social,2202.595409221319,270220.6233502702,89852.39317427235,3.0073837079237986
Region_04,2021-02-08,Paid_Social,2259.3282725629933,358081.5206186638,141771.57534443223,2.5257638546281886
Region_04,2021-02-15,Paid_Social,2276.1607379623288,341631.3648304765,130186.01443028505,2.624178690203478
Region_04,2021-02-22,Paid_Social,1986.3948334349182,298116.46546214976,91535.96780166558,3.256823220661084
Region_04,2021-03-01,Paid_Social,2004.2309616064113,273024.34995086485,95605.04359921986,2.855752580328228
Region_04,2021-03-08,Paid_Social,1804.3797011432935,285703.8691904941,91633.33914549144,3.1179030673199186
Region_04,2021-03-15,Paid_Social,1809.4601250412531,252365.30418572674,74217.95600963905,3.4003267909042227
Region_04,2021-03-22,Paid_Social,1722.608631549221,274603.5567805736,85620.51433824522,3.2072168557145995
Region_04,2021-03-29,Paid_Social,1837.8442850651645,239672.14223908703,79721.60765482718,3.006363635776163
Region_04,2021-04-05,Paid_Social,1726.9832656286806,226514.21320830085,60666.837801262816,3.733740234662203
Region_04,2021-04-12,Paid_Social,1852.188016958784,270069.4378331276,84050.4265489261,3.213183429544157
Region_04,2021-04-19,Paid_Social,1833.295851400079,244136.44602518075,84399.46137288233,2.892630380027782
Region_04,2021-04-26,Paid_Social,1796.5375363662297,274582.4164551466,84891.12020882973,3.2345245978576056
Region_04,2021-05-03,Paid_Social,1595.3695382048984,233915.35031898582,74769.67296173959,3.1284789815609155
Region_04,2021-05-10,Paid_Social,1757.962068684569,228995.7010723756,83353.41159628176,2.7472864839834665
Region_04,2021-05-17,Paid_Social,1798.5932481870336,258820.95276789743,85628.8887414609,3.0225891818981196
Region_04,2021-05-24,Paid_Social,1810.3483223154851,249694.11560255234,84655.2191661568,2.9495418954910018
Region_04,2021-05-31,Paid_Social,1664.9648584911104,260664.05432160408,106354.23644078888,2.4509042897104045
Region_04,2021-06-07,Paid_Social,1752.2336024944527,234975.4757039988,79725.8605686399,2.947293061850325
Region_04,2021-06-14,Paid_Social,1706.2938847696444,233282.81598446396,80057.47113651496,2.9139418554286745
Region_04,2021-06-21,Paid_Social,1718.200888129963,277063.4575508326,96611.54170372937,2.867809090558561
Region_04,2021-06-28,Paid_Social,1883.6901799534903,336614.1044137033,132878.41997590224,2.533248848644866
Region_04,2021-07-05,Paid_Social,1713.053134440205,298874.34480274015,103324.64728249086,2.8925755147812313
Region_04,2021-07-12,Paid_Social,1778.005989517936,255611.81266293602,85552.29764102846,2.987784311012494
Region_04,2021-07-19,Paid_Social,1858.561420168285,271383.6111074195,89518.16059306925,3.0316039707414495
Region_04,2021-07-26,Paid_Social,1724.3889870601652,287166.95561141736,107574.91029799382,2.669460330628533
Region_04,2021-08-02,Paid_Social,1762.891088593099,248727.2151929082,77689.63261180803,3.2015496383632556
Region_04,2021-08-09,Paid_Social,1779.9788803900192,230629.3128898347,87109.55354886399,2.6475777167249914
Region_04,2021-08-16,Paid_Social,1773.4599305523534,256329.84988427663,87431.6131740577,2.9317753679550504
Region_04,2021-08-23,Paid_Social,1661.0447839728463,248251.81158048412,72360.85233791305,3.4307474768427237
Region_04,2021-08-30,Paid_Social,1771.9484860740918,232993.35849381034,83393.75199021066,2.793894661570818
Region_04,2021-09-06,Paid_Social,1890.7899271020042,229113.3154313939,80487.71688540459,2.846562485523063
Region_04,2021-09-13,Paid_Social,1639.933169316747,202923.21759850552,60574.8670959381,3.3499572896646557
Region_04,2021-09-20,Paid_Social,1861.7988716283537,284271.91121779376,98572.29859201609,2.883892485802482
Region_04,2021-09-27,Paid_Social,1815.7803967445793,240452.56237774796,82635.2358830499,2.9098066921240493
Region_04,2021-10-04,Paid_Social,1782.0103077295607,250999.8983324303,81785.86072639415,3.06898889494021
Region_04,2021-10-11,Paid_Social,2091.2166940062166,305163.30062041146,91322.10259566946,3.341614920667436
Region_04,2021-10-18,Paid_Social,2038.9448122055303,309882.01955357025,129546.76626166115,2.392047509141713
Region_04,2021-10-25,Paid_Social,1930.4751470251833,266699.08832840377,96797.9522315706,2.7552141567042367
Region_04,2021-11-01,Paid_Social,2155.0743122887843,323610.9124330427,119632.07151034406,2.7050514828296817
Region_04,2021-11-08,Paid_Social,2309.4041236579797,301819.34313641035,112466.7583093078,2.6836315696620523
Region_04,2021-11-15,Paid_Social,2304.383715852436,317502.91508624447,115544.19050125786,2.74789163963019
Region_04,2021-11-22,Paid_Social,2463.611620638399,317675.9960114778,115419.63941015153,2.7523565108585597
Region_04,2021-11-29,Paid_Social,2389.842959041169,382316.77077205165,123558.60946295837,3.094213931621385
Region_04,2021-12-06,Paid_Social,2453.8850793504694,349606.87970638217,127665.0201281479,2.7384704075983612
Region_04,2021-12-13,Paid_Social,2483.9076112451503,329556.3483488889,108481.17271271508,3.0379128479891664
Region_04,2021-12-20,Paid_Social,2148.679778457574,296326.3992952999,94794.10283680775,3.1260003568517223
Region_04,2021-12-27,Paid_Social,2141.6255025129913,299237.449337661,107493.50558355411,2.783772356415201
Region_04,2022-01-03,Paid_Social,2000.870358401064,306580.1966462495,100834.38998594627,3.040432898825281
Region_04,2022-01-10,Paid_Social,2114.519264885256,257522.99081687102,72584.0209596357,3.547929522395579
Region_04,2022-01-17,Paid_Social,2013.037785522283,259243.9377396863,83609.05084340881,3.100668350191221
Region_04,2022-01-24,Paid_Social,2085.0473866206517,286811.724174533,102054.97522425832,2.8103649385469476
Region_04,2022-01-31,Paid_Social,2108.5095016305468,388020.0500768457,130203.26238535822,2.980110044619587
Region_04,2022-02-07,Paid_Social,2183.6005794650932,343225.6750189485,125658.77395558676,2.731410344177473
Region_04,2022-02-14,Paid_Social,2147.636735064077,303404.83614041086,98370.6115362459,3.0843036492521705
Region_04,2022-02-21,Paid_Social,1834.207322134434,281366.33380600635,85867.06089278075,3.276766793699144
Region_04,2022-02-28,Paid_Social,1817.6422201756175,318980.16580581054,115620.24440328086,2.7588608504684937
Region_04,2022-03-07,Paid_Social,1890.0971622084674,263775.66116531973,89826.59309963965,2.9364985586476386
Region_04,2022-03-14,Paid_Social,1610.8517123735344,221842.31762427854,65998.03347558435,3.3613473908483655
Region_04,2022-03-21,Paid_Social,1701.516403839447,274392.43877080496,96235.24110325206,2.8512677437614116
Region_04,2022-03-28,Paid_Social,1705.9260540384143,256049.4995042327,83725.88963119665,3.0581878631818977
Region_04,2022-04-04,Paid_Social,1805.9669582827019,275909.9666643526,102112.52547006292,2.7020188306403528
Region_04,2022-04-11,Paid_Social,1743.062440783785,236669.93227990324,85775.44431132056,2.7591804878435093
Region_04,2022-04-18,Paid_Social,1648.9812518548176,285551.70535545936,100299.14269859764,2.847000459550806
Region_04,2022-04-25,Paid_Social,1640.3189264021125,278020.5134437492,74548.55136846856,3.7293885439783643
Region_04,2022-05-02,Paid_Social,1646.1119200344426,248851.4181040114,86413.91614935185,2.8797609134379907
Region_04,2022-05-09,Paid_Social,1795.2049291069636,274621.3653879662,96522.57084257448,2.845151791862918
Region_04,2022-05-16,Paid_Social,1625.3959122798644,189591.25534047023,66858.4388588183,2.8357116704567513
Region_04,2022-05-23,Paid_Social,1632.7441575195562,248608.21927134626,84253.16939879408,2.9507283944965113
Region_04,2022-05-30,Paid_Social,1684.3870192566858,236000.98577529896,73672.58002992513,3.2033761499792393
Region_04,2022-06-06,Paid_Social,1642.2555250771825,245011.78651896387,80137.58622370048,3.057389148645237
Region_04,2022-06-13,Paid_Social,1633.2695847077011,249803.58698787383,67780.95127934456,3.6854541323617935
Region_04,2022-06-20,Paid_Social,1557.500920495219,215034.5076192459,70161.99498573582,3.064828867294369
Region_04,2022-06-27,Paid_Social,1643.0355287752666,198213.04023770822,57167.737495167006,3.4672185558238207
Region_04,2022-07-04,Paid_Social,1605.243858193702,237913.763088052,77140.22486293728,3.0841725378786107
Region_04,2022-07-11,Paid_Social,1736.8833753270005,230395.8941774165,72285.86966456089,3.1872881276321032
Region_04,2022-07-18,Paid_Social,1690.0721446471455,233596.89007224102,89958.15728099007,2.596728269372906
Region_04,2022-07-25,Paid_Social,1631.0840867120544,219343.5063547522,74049.41786341432,2.9621233047278754
Region_04,2022-08-01,Paid_Social,1685.7723600466059,232737.57635586296,78115.93134181021,2.979386821075948
Region_04,2022-08-08,Paid_Social,1600.3370089680673,181473.07069519535,61978.694190204,2.9279911922358304
Region_04,2022-08-15,Paid_Social,1713.166617597645,276409.4618637783,114269.40907739305,2.4189279011373035
Region_04,2022-08-22,Paid_Social,1623.0181054619823,237808.84630686915,72587.47957597295,3.2761689439563604
Region_04,2022-08-29,Paid_Social,1670.5673042822955,266706.37338909,92411.46697645544,2.8860744463351216
Region_04,2022-09-05,Paid_Social,1522.103633281092,265051.1060011692,92306.77158635244,2.8714156225604257
Region_04,2022-09-12,Paid_Social,1656.644005109156,237198.73036616555,81109.74968479262,2.924416994109381
Region_04,2022-09-19,Paid_Social,1506.0241576546996,179661.52688834319,61268.77326513493,2.932350646403097
Region_04,2022-09-26,Paid_Social,1497.7325207551721,195665.92808652006,62620.119593169766,3.1246495432733434
Region_04,2022-10-03,Paid_Social,1664.6655133545441,210772.40293054702,79779.75924178591,2.6419282902542482
Region_04,2022-10-10,Paid_Social,1661.3360246242737,225716.4980458194,82580.34476826669,2.7332956610827317
Region_04,2022-10-17,Paid_Social,1817.1616460985533,261670.39472532552,84724.94413401176,3.0884693687308227
Region_04,2022-10-24,Paid_Social,2105.561221683878,246215.81509105858,80885.76726811189,3.043994307118674
Region_04,2022-10-31,Paid_Social,1890.7740916055236,279521.4396359704,96750.1796718467,2.8891051219133628
Region_04,2022-11-07,Paid_Social,1996.2890275786258,245206.1868022645,86563.51200074046,2.832673734404018
Region_04,2022-11-14,Paid_Social,2156.988886207849,317441.91958890005,115022.188452708,2.7598320277084456
Region_04,2022-11-21,Paid_Social,2239.3424636593545,316422.4839554016,106091.4568829664,2.982544431494229
Region_04,2022-11-28,Paid_Social,2180.686080190003,301907.7626331033,89428.19501980423,3.3759796065015584
Region_04,2022-12-05,Paid_Social,2154.970596212042,305612.4828089712,113240.13923684669,2.6987999561689815
Region_04,2022-12-12,Paid_Social,2196.0276297097207,297233.3242035416,85078.41328059399,3.493639722960598
Region_04,2022-12-19,Paid_Social,2091.9745699377154,281098.8469136366,86116.06166325057,3.264186047114525
Region_04,2022-12-26,Paid_Social,1846.0650974761452,222878.30173640896,77735.33962741314,2.867142573823805
Region_04,2023-01-02,Paid_Social,1870.069876723283,266362.50874998496,82100.03310019386,3.244365424614622
Region_04,2023-01-09,Paid_Social,1929.5182574946696,331513.6102131649,127950.94115828969,2.590943116260828
Region_04,2023-01-16,Paid_Social,1857.398054846526,323458.63844248606,128203.1935903149,2.523015452143321
Region_04,2023-01-23,Paid_Social,1992.7160851462518,324902.60634725407,123210.14599797678,2.636979314614149
Region_04,2023-01-30,Paid_Social,1869.1737684004222,286552.50651048,99512.58773117614,2.8795603957619367
Region_04,2023-02-06,Paid_Social,2007.913837367357,268082.13535175676,92316.42859760612,2.9039482941902763
Region_04,2023-02-13,Paid_Social,1875.832397240546,309566.4328626345,108643.80291057442,2.8493703696789874
Region_04,2023-02-20,Paid_Social,1802.9318847885409,256120.116411746,84528.7726760318,3.029975572854485
Region_04,2023-02-27,Paid_Social,1681.5772448553246,238576.44143983643,98454.33831222261,2.423219184951024
Region_04,2023-03-06,Paid_Social,1665.6486897821103,231120.0026843057,73316.80445391894,3.152346919723829
Region_04,2023-03-13,Paid_Social,1474.3379822946872,212565.54403110308,81660.31575001356,2.603045825610438
Region_04,2023-03-20,Paid_Social,1506.3207079845529,206024.21284876883,73366.42983750142,2.8081537196929145
Region_04,2023-03-27,Paid_Social,1597.637156838861,226329.67465267878,78623.09074795335,2.8786667186391472
Region_04,2023-04-03,Paid_Social,1395.2548690255207,178834.77224057176,66918.20779513854,2.672438161943179
Region_04,2023-04-10,Paid_Social,1607.3905148648262,221205.21057467134,84569.90779470038,2.615649187080387
Region_04,2023-04-17,Paid_Social,1405.1856778430124,252161.61870967643,92950.4080244476,2.7128618805347626
Region_04,2023-04-24,Paid_Social,1587.18101660122,225167.64739769723,75145.42979011351,2.9964250391089164
Region_04,2023-05-01,Paid_Social,1461.262420908335,203828.67395072785,64050.33770417994,3.1823200510217755
Region_04,2023-05-08,Paid_Social,1581.522659408742,238285.76561972447,75071.03832065246,3.174137070036645
Region_04,2023-05-15,Paid_Social,1528.1252090331336,234322.63378317287,86274.64530209455,2.7160080805047837
Region_04,2023-05-22,Paid_Social,1403.2498130110023,179335.63134365965,64702.802233325456,2.771682603435869
Region_04,2023-05-29,Paid_Social,1610.0425945016248,225290.3211096816,82338.4271530673,2.736150408737666
Region_04,2023-06-05,Paid_Social,1622.6642539188356,254103.6141528442,80975.65821915987,3.138024682246054
Region_04,2023-06-12,Paid_Social,1502.1180933953367,220457.5296819802,90092.30866725006,2.4470183186916143
Region_04,2023-06-19,Paid_Social,1483.8666810038133,214581.97590024193,63196.291628164254,3.3954836648138174
Region_04,2023-06-26,Paid_Social,1489.6358757813437,248583.45103328011,86977.26886225576,2.85802778455779
Region_04,2023-07-03,Paid_Social,1427.5253560594292,190568.2272834886,68700.0877574555,2.7739153399088297
Region_04,2023-07-10,Paid_Social,1580.5957172750475,227675.53690661944,73358.90220949438,3.103584296510272
Region_04,2023-07-17,Paid_Social,1453.3909016451646,197105.40620679647,59255.84638753124,3.3263453013181814
Region_04,2023-07-24,Paid_Social,1486.8500557767768,246542.8417278554,79413.24469778441,3.1045557030958824
Region_04,2023-07-31,Paid_Social,1430.1034594173564,168074.25585659564,50426.616785376435,3.333046445926483
Region_04,2023-08-07,Paid_Social,1439.5777846369085,192323.88000152342,63252.37368541367,3.0405796461971244
Region_04,2023-08-14,Paid_Social,1391.1560856344872,188493.69368305325,55561.382568968365,3.3925306565054596
Region_04,2023-08-21,Paid_Social,1577.0136046603388,240743.49416443772,70852.74679762623,3.3978004388744933
Region_04,2023-08-28,Paid_Social,1468.5111770452886,222899.67010205294,75042.70493542605,2.9703043126424777
Region_04,2023-09-04,Paid_Social,1553.8412329605096,255212.01625087732,73667.50246941138,3.464377204274678
Region_04,2023-09-11,Paid_Social,1485.510063592352,181308.5065016192,59448.73695080305,3.049829412720097
Region_04,2023-09-18,Paid_Social,1442.865125694352,222187.9039968683,73421.86852598701,3.026181551321142
Region_04,2023-09-25,Paid_Social,1486.8905101287537,206273.75139820488,75394.871484641,2.7359122356250154
Region_04,2023-10-02,Paid_Social,1497.764073937619,200187.81179017952,68684.37235881262,2.9146049518277968
Region_04,2023-10-09,Paid_Social,1584.0535043427992,238838.84936748524,73656.94905203838,3.2425840662874377
Region_04,2023-10-16,Paid_Social,1611.4163915522454,209965.81047591966,79805.87413899196,2.630956840473144
Region_04,2023-10-23,Paid_Social,1688.7429722181457,196004.62367878365,61225.48715158619,3.201356702863012
Region_04,2023-10-30,Paid_Social,1675.5006375654204,230657.81449633723,74251.75442009617,3.1064291517118674
Region_04,2023-11-06,Paid_Social,1801.1844193836805,221519.9169691344,71818.64153383044,3.0844347962887415
Region_04,2023-11-13,Paid_Social,2111.241641261317,282655.76461746753,117479.83580461505,2.405993868492994
Region_04,2023-11-20,Paid_Social,1923.084496333588,285125.9498070616,96028.30724031157,2.9691864617953927
Region_04,2023-11-27,Paid_Social,1899.413411546329,279944.1761021341,87457.40919386281,3.2009200670648124
Region_04,2023-12-04,Paid_Social,2014.8781919227488,337340.8412958247,121361.90411946086,2.7796271304689486
Region_04,2023-12-11,Paid_Social,2069.563374960069,289807.6161609638,95734.08036317561,3.0272147082998364
Region_04,2023-12-18,Paid_Social,1724.0678209329185,211283.00307901748,89335.01531930894,2.3650637135263426
Region_04,2023-12-25,Paid_Social,1749.6500843403144,231748.15897468734,72233.19235054254,3.208333335871825
Region_05,2021-01-04,Paid_Social,2846.6085903625144,370938.0341772654,132114.10977954185,2.807709447509035
Region_05,2021-01-11,Paid_Social,3087.8761822648034,390546.1519167247,119318.71206108134,3.273134156164854
Region_05,2021-01-18,Paid_Social,3118.9602196426836,465392.6848547263,186521.75325059515,2.4951121075377376
Region_05,2021-01-25,Paid_Social,3095.0429091163405,414521.01220372895,128931.93618975075,3.2150375186615765
Region_05,2021-02-01,Paid_Social,2915.8640215366827,341816.4952523077,116670.72717516246,2.9297537053928258
Region_05,2021-02-08,Paid_Social,2990.9687431592656,458121.64053277887,140859.37765116995,3.2523332714651803
Region_05,2021-02-15,Paid_Social,3013.2520821902112,425694.6880291589,155661.08076133154,2.7347535167243144
Region_05,2021-02-22,Paid_Social,2629.651003144009,389311.5787739735,138049.65103105965,2.820083758751282
Region_05,2021-03-01,Paid_Social,2653.2630220381916,383066.0758117002,102038.48773535361,3.754133213001137
Region_05,2021-03-08,Paid_Social,2388.693733641655,363491.99143232196,131649.11865110815,2.761066653211979
Region_05,2021-03-15,Paid_Social,2395.4193561487195,343506.253479328,122878.46147216,2.7954960484035247
Region_05,2021-03-22,Paid_Social,2280.442659098546,368645.3058945431,126327.89476983782,2.9181623470112736
Region_05,2021-03-29,Paid_Social,2432.9951863028937,362660.26764150313,133902.25294510947,2.708395562173016
Region_05,2021-04-05,Paid_Social,2286.2339351841492,339664.3031720684,100514.28120548,3.379264111511649
Region_05,2021-04-12,Paid_Social,2451.9838628378902,364938.65045972064,102372.24576679706,3.5648202081162426
Region_05,2021-04-19,Paid_Social,2426.973828942915,299713.344361236,107192.34280754703,2.7960331541530064
Region_05,2021-04-26,Paid_Social,2378.312033022163,334211.01034137007,132391.50637752595,2.524414288242466
Region_05,2021-05-03,Paid_Social,2111.999606478718,293990.8547285837,87159.40133888087,3.3730251724140468
Region_05,2021-05-10,Paid_Social,2327.244634145367,339435.7938544273,101274.38024502312,3.3516452338014484
Region_05,2021-05-17,Paid_Social,2381.033448000073,296934.12972956116,91170.56756232596,3.2569077682506613
Region_05,2021-05-24,Paid_Social,2396.595179209604,403148.7749245709,119706.41820610092,3.367812528067306
Region_05,2021-05-31,Paid_Social,2204.1320469806387,318180.17114414595,115671.93481307082,2.750711930757744
Region_05,2021-06-07,Paid_Social,2319.6611131807726,293575.3921326318,99521.31388901072,2.9498745611421113
Region_05,2021-06-14,Paid_Social,2258.8446920112233,272002.1356505625,104126.71695216712,2.6122223345955735
Region_05,2021-06-21,Paid_Social,2274.6075518434536,315931.0309862287,121355.94575087873,2.6033420038172386
Region_05,2021-06-28,Paid_Social,2493.687401895625,353060.7321826861,106688.95821777622,3.3092527856726237
Region_05,2021-07-05,Paid_Social,2267.7927960726674,301515.95794227894,107490.44725136805,2.805048873200604
Region_05,2021-07-12,Paid_Social,2353.779397345117,339365.8751843608,90062.99366804672,3.7680945454155355
Region_05,2021-07-19,Paid_Social,2460.421171403743,329659.43169211014,109074.35402752041,3.0223367777996115
Region_05,2021-07-26,Paid_Social,2282.799548865124,344610.0600755045,122467.25767957748,2.8138954574874204
Region_05,2021-08-02,Paid_Social,2333.7698233619385,310094.1180879689,95437.83079818897,3.2491739962498527
Region_05,2021-08-09,Paid_Social,2356.3911713859793,335333.77913574065,93352.98696825492,3.592105512914893
Region_05,2021-08-16,Paid_Social,2347.76118368589,369884.66230056883,117444.4961653189,3.149442284463518
Region_05,2021-08-23,Paid_Social,2198.942530920769,406258.0688620803,152946.90326423195,2.656203297952535
Region_05,2021-08-30,Paid_Social,2345.760286673092,302987.14415582374,97317.40055023758,3.1133912583229604
Region_05,2021-09-06,Paid_Social,2503.0862670642755,341353.57954345155,99161.19273332269,3.4424109889588
Region_05,2021-09-13,Paid_Social,2170.994321569861,285158.9760514182,99858.94514633238,2.8556177479498595
Region_05,2021-09-20,Paid_Social,2464.7070099169646,380829.1702229911,137153.78431546278,2.776658129585829
Region_05,2021-09-27,Paid_Social,2403.7863275811083,306151.577324381,92187.38049755384,3.320970567468338
Region_05,2021-10-04,Paid_Social,2359.0804378154544,321077.1135734071,105538.12486472543,3.0422855625391394
Region_05,2021-10-11,Paid_Social,2768.417428712125,394319.23926359863,146760.60982901326,2.686819302011685
Region_05,2021-10-18,Paid_Social,2699.2182926190717,349652.38870076794,121061.88453681137,2.8882120085818497
Region_05,2021-10-25,Paid_Social,2555.6227903296526,331758.92419166776,119266.74433602672,2.78165490337321
Region_05,2021-11-01,Paid_Social,2852.9541215934514,388633.9245174365,125762.93635688971,3.090210325676336
Region_05,2021-11-08,Paid_Social,3057.2607057886253,354008.32391625334,116715.53934016191,3.033086476039089
Region_05,2021-11-15,Paid_Social,3050.614534443521,377149.0114708717,112054.27725701593,3.3657707737993348
Region_05,2021-11-22,Paid_Social,3261.4053664076155,447063.17584870645,138812.08676982136,3.220635798019722
Region_05,2021-11-29,Paid_Social,3163.7481274213947,458713.409349771,178781.92111358765,2.5657706690506537
Region_05,2021-12-06,Paid_Social,3248.5290698001086,455534.48931228847,145788.95897324415,3.1246158318195425
Region_05,2021-12-13,Paid_Social,3288.273827380479,393393.748549029,119881.70853219202,3.281516032476217
Region_05,2021-12-20,Paid_Social,2844.4888396561214,387939.6873126427,123550.46141858777,3.1399290853176725
Region_05,2021-12-27,Paid_Social,2835.1501706755703,438685.95824407786,131916.0249360087,3.3254940668268356
Region_05,2022-01-03,Paid_Social,2648.8141514303124,400031.67478855554,140877.27785209974,2.839575557447451
Region_05,2022-01-10,Paid_Social,2799.266093769281,396758.4341312785,145445.07316100723,2.7278918804768875
Region_05,2022-01-17,Paid_Social,2664.92176830307,348376.1700432507,105811.95964708342,3.292408260892211
Region_05,2022-01-24,Paid_Social,2760.250308519257,420014.0378332493,155745.3517019334,2.6967998289738704
Region_05,2022-01-31,Paid_Social,2791.310183038243,376328.83301022305,155680.33677340279,2.4173176960554787
Region_05,2022-02-07,Paid_Social,2890.7180775973125,367390.4690020009,110529.55459157383,3.3239116031867977
Region_05,2022-02-14,Paid_Social,2843.108026506659,374849.39640683454,134334.17511459254,2.7904246710643266
Region_05,2022-02-21,Paid_Social,2428.1804621311353,400944.0353963476,137801.7676845861,2.909571060902983
Region_05,2022-02-28,Paid_Social,2406.251067103532,351402.7832815583,134709.2486862894,2.6086017605213163
Region_05,2022-03-07,Paid_Social,2502.1691634418894,401387.7253420683,152760.04032155513,2.6275701714738986
Region_05,2022-03-14,Paid_Social,2132.4953881572283,290384.0439400733,108662.95458567666,2.6723370908446666
Region_05,2022-03-21,Paid_Social,2252.5201147876355,353438.5737372611,122139.32493400208,2.8937328246102676
Region_05,2022-03-28,Paid_Social,2258.3577462967637,303788.7667806679,97584.67059318448,3.1130787749145217
Region_05,2022-04-04,Paid_Social,2390.7949938033494,336207.4355058791,141019.35774899952,2.384122583399472
Region_05,2022-04-11,Paid_Social,2307.5200452588683,422696.1207771259,130689.45339589457,3.234355258160444
Region_05,2022-04-18,Paid_Social,2182.9724534710717,336718.56137540634,126322.09814854166,2.6655554832493387
Region_05,2022-04-25,Paid_Social,2171.504998747141,295051.101677405,109417.12949746777,2.696571396384817
Region_05,2022-05-02,Paid_Social,2179.1739431382825,308681.2236900603,96150.1736796079,3.2104073438145773
Region_05,2022-05-09,Paid_Social,2376.54788625882,350764.98429368925,117797.55828565794,2.977693166127328
Region_05,2022-05-16,Paid_Social,2151.749450456349,346947.02341993275,134855.4127721699,2.5727333911771035
Region_05,2022-05-23,Paid_Social,2161.477285094587,294042.330118086,81504.00658384885,3.607703994472765
Region_05,2022-05-30,Paid_Social,2229.8437049454865,267640.5146987525,97231.48597921207,2.7526115846462904
Region_05,2022-06-06,Paid_Social,2174.068728053554,302016.40903554903,98212.88971669457,3.075119873844942
Region_05,2022-06-13,Paid_Social,2162.1728618797897,309357.43200741237,101078.35647592392,3.060570460315101
Region_05,2022-06-20,Paid_Social,2061.8679574873954,297796.77006642363,86199.66310386696,3.4547324124409986
Region_05,2022-06-27,Paid_Social,2175.101321107361,354457.83311852603,123661.00439087307,2.866367088513533
Region_05,2022-07-04,Paid_Social,2125.0715371074443,313349.5385666526,94433.70434502451,3.3181959845797606
Region_05,2022-07-11,Paid_Social,2299.3400070290927,356294.97006613493,127911.11631807261,2.7854887074876844
Region_05,2022-07-18,Paid_Social,2237.3698500171436,286298.4397595058,85302.99693195152,3.35625300466165
Region_05,2022-07-25,Paid_Social,2159.2796319438844,336436.6739762177,121036.97959595232,2.7796188825870924
Region_05,2022-08-01,Paid_Social,2231.677661989973,393161.60284300236,135887.77370141124,2.8932816553967817
Region_05,2022-08-08,Paid_Social,2118.5756981275604,326973.8117647788,90167.68810457084,3.6262858529274373
Region_05,2022-08-15,Paid_Social,2267.943028591288,332311.89404120215,107314.5820613209,3.096614529526984
Region_05,2022-08-22,Paid_Social,2148.6016361453776,311706.23117532604,102767.89425769197,3.0331090602451987
Region_05,2022-08-29,Paid_Social,2211.5487382380225,377757.4830383456,100628.46745111984,3.753982273672615
Region_05,2022-09-05,Paid_Social,2015.0079323481607,262368.52872822026,84352.3068829529,3.1103894893151214
Region_05,2022-09-12,Paid_Social,2193.1166435600444,309840.7795534801,112062.86329936398,2.7648836593240844
Region_05,2022-09-19,Paid_Social,1993.7214245002447,298231.1461709893,92369.21532275164,3.228685500130382
Region_05,2022-09-26,Paid_Social,1982.7446987639803,305126.77226093004,114466.60717203796,2.6656400482137013
Region_05,2022-10-03,Paid_Social,2203.735764617531,301348.17819960514,89731.54611460182,3.3583303893452854
Region_05,2022-10-10,Paid_Social,2199.3280843154375,323995.35099046695,95728.79125231356,3.3845131308146197
Region_05,2022-10-17,Paid_Social,2405.614868255969,334239.73840435647,117983.18854236104,2.832943765410697
Region_05,2022-10-24,Paid_Social,2787.4071587306835,403027.2079347836,143048.2476364634,2.8174214965500273
Region_05,2022-10-31,Paid_Social,2503.065303543577,352888.477095047,115571.49735975411,3.0534213465848428
Region_05,2022-11-07,Paid_Social,2642.74924379454,336805.4680921802,112109.68403555843,3.004249552477142
Region_05,2022-11-14,Paid_Social,2855.488693845714,407066.58481213637,149625.16163236427,2.720575739876674
Region_05,2022-11-21,Paid_Social,2964.510910331933,462326.96009961877,145598.2725473178,3.1753602018139855
Region_05,2022-11-28,Paid_Social,2886.8597731890445,374395.46374538855,153068.86366152414,2.4459282886771554
Region_05,2022-12-05,Paid_Social,2852.8168190387637,397837.1770874142,138478.69345750875,2.8729125553851924
Region_05,2022-12-12,Paid_Social,2907.1693916018894,443857.2609936371,154051.17221272338,2.8812326100364336
Region_05,2022-12-19,Paid_Social,2769.4207283431842,355489.88439032284,121779.38166896811,2.919130311867144
Region_05,2022-12-26,Paid_Social,2443.8781523876432,355560.40411389206,114934.27792851893,3.093597580480087
Region_05,2023-01-02,Paid_Social,2475.6564226312935,318091.0715027749,119884.36870792392,2.653315648495801
Region_05,2023-01-09,Paid_Social,2554.3560303323657,408751.88301891676,128463.46334802038,3.1818532084221256
Region_05,2023-01-16,Paid_Social,2458.881072359034,442674.0258758071,150240.41516682302,2.9464377170701606
Region_05,2023-01-23,Paid_Social,2638.019271941351,461323.26282380783,164105.30749817015,2.8111416373839817
Region_05,2023-01-30,Paid_Social,2474.4701266792135,345832.08196611307,132161.3691883587,2.6167410650326053
Region_05,2023-02-06,Paid_Social,2658.1385270366004,408908.37901208556,153421.61072314152,2.66525932744889
Region_05,2023-02-13,Paid_Social,2483.285025768896,359073.53256494564,115455.18288953023,3.110068544159808
Region_05,2023-02-20,Paid_Social,2386.7770695094496,344467.4733250789,126440.55682798472,2.7243432168185366
Region_05,2023-02-27,Paid_Social,2226.1240385686006,371252.643247042,122958.96127092514,3.019321563956871
Region_05,2023-03-06,Paid_Social,2205.037324023295,276074.7350027621,82753.06260583532,3.3361271028450705
Region_05,2023-03-13,Paid_Social,1951.7742841740849,309857.7861519811,93152.40242727414,3.3263531382767395
Region_05,2023-03-20,Paid_Social,1994.1140070116646,283481.6445871554,80841.89960610161,3.5066178054747166
Region_05,2023-03-27,Paid_Social,2115.001550259067,347844.22055455035,119434.93918609852,2.912415938961999
Region_05,2023-04-03,Paid_Social,1847.0816094652992,268855.84719558293,99890.83807093586,2.691496561523083
Region_05,2023-04-10,Paid_Social,2127.913347694953,284211.8131302991,85546.05974425624,3.322325002226438
Region_05,2023-04-17,Paid_Social,1860.2283217550155,273214.8279850226,88295.19838509629,3.094333927349097
Region_05,2023-04-24,Paid_Social,2101.159387964786,323090.06434002233,96247.57399899753,3.3568644997055976
Region_05,2023-05-01,Paid_Social,1934.4644510343992,277342.17038673244,92345.23611901386,3.003318655542728
Region_05,2023-05-08,Paid_Social,2093.6686794626817,314054.59297069267,92887.57980543234,3.38101814718964
Region_05,2023-05-15,Paid_Social,2022.979480829025,274307.3045980688,84015.22201376979,3.2649714899653643
Region_05,2023-05-22,Paid_Social,1857.6655639327732,214385.83655044503,66521.35255256918,3.22281235007999
Region_05,2023-05-29,Paid_Social,2131.424252858387,333165.0150340704,105601.57980509897,3.1549245347367765
Region_05,2023-06-05,Paid_Social,2148.133196513066,329099.54974869493,105422.71211947207,3.121713937464797
Region_05,2023-06-12,Paid_Social,1988.5504556550345,288319.4098206439,93892.73916976256,3.0707316920358307
Region_05,2023-06-19,Paid_Social,1964.3886706481883,282553.3193897352,92080.60744870626,3.0685431734052386
Region_05,2023-06-26,Paid_Social,1972.0261093782478,312478.66754954366,94339.92235110987,3.312263353223626
Region_05,2023-07-03,Paid_Social,1889.8022796826701,257908.96325529163,90485.74692640985,2.8502716948896225
Region_05,2023-07-10,Paid_Social,2092.441564756835,278529.3167239218,78049.44359145228,3.5686265514188165
Region_05,2023-07-17,Paid_Social,1924.0438900370318,269729.41958625655,90870.12349156589,2.9682959505528954
Region_05,2023-07-24,Paid_Social,1968.338154573754,316696.67644666444,95659.39856197393,3.310669742936856
Region_05,2023-07-31,Paid_Social,1893.21525275694,235429.24327315897,79187.79989537032,2.973049429132116
Region_05,2023-08-07,Paid_Social,1905.7576579214892,306711.5653446056,104790.3922065184,2.926905405031272
Region_05,2023-08-14,Paid_Social,1841.655513064684,246801.5930838245,67137.87291603803,3.676041291812628
Region_05,2023-08-21,Paid_Social,2087.6994531322516,267156.19825642905,91849.89691997903,2.908617289893961
Region_05,2023-08-28,Paid_Social,1944.060578917054,315018.1263342021,119311.72055804111,2.6402948919084315
Region_05,2023-09-04,Paid_Social,2057.023149781064,291026.9821977352,104189.5579240079,2.793245196509998
Region_05,2023-09-11,Paid_Social,1966.5642314177596,246684.37084627312,84878.4451002881,2.90632528146343
Region_05,2023-09-18,Paid_Social,1910.1095418288965,263257.4409095721,70739.27551722877,3.721517346406169
Region_05,2023-09-25,Paid_Social,1968.3917092978536,308637.4203852671,100773.89150380065,3.062672442034522
Region_05,2023-10-02,Paid_Social,1982.7864698441688,319116.3317272945,96879.90163534974,3.2939374043589518
Region_05,2023-10-09,Paid_Social,2097.0190903717444,287048.7658764904,105762.90296020571,2.714077978594207
Region_05,2023-10-16,Paid_Social,2133.242927943256,317386.5809345359,102130.09190430414,3.107669590975469
Region_05,2023-10-23,Paid_Social,2235.6102503884904,343012.82139986235,106912.17501078322,3.208360706956583
Region_05,2023-10-30,Paid_Social,2218.079637633477,297086.7768263768,82702.4552133248,3.592236482702522
Region_05,2023-11-06,Paid_Social,2384.4637206839775,352948.79206580116,126133.10491813552,2.798224877559911
Region_05,2023-11-13,Paid_Social,2794.927074101315,398004.5164809196,124898.58877449253,3.1866214053028776
Region_05,2023-11-20,Paid_Social,2545.838818040803,344709.7915390078,111478.55043114065,3.092162485122482
Region_05,2023-11-27,Paid_Social,2514.5023028583287,341963.918094758,126250.04331379705,2.708624164546223
Region_05,2023-12-04,Paid_Social,2667.358155297095,383614.1024454518,128120.39920930238,2.994168803819953
Region_05,2023-12-11,Paid_Social,2739.752094311996,392563.3472239432,134347.95596426525,2.921989727393841
Region_05,2023-12-18,Paid_Social,2282.374379198714,308127.1215324239,129597.91346710919,2.3775623641550667
Region_05,2023-12-25,Paid_Social,2316.2409718315716,317093.35314636404,99555.67334970337,3.1850857161352204
Region_06,2021-01-04,Paid_Social,1749.2588643921517,279323.622232062,88211.24200708691,3.1665308851407064
Region_06,2021-01-11,Paid_Social,1897.5193155319694,276932.90403438226,96453.05794977662,2.871167694637344
Region_06,2021-01-18,Paid_Social,1916.6206518057522,299141.92450959317,113995.84843316702,2.62414753362683
Region_06,2021-01-25,Paid_Social,1901.9233142117218,306400.4780039345,88084.15132007065,3.478497248506937
Region_06,2021-02-01,Paid_Social,1791.8167619896176,271499.25948130875,88124.2010025667,3.0808705939177945
Region_06,2021-02-08,Paid_Social,1837.9690853194916,329506.1325052692,99217.31518041325,3.3210547161662953
Region_06,2021-02-15,Paid_Social,1851.6623371631433,243568.57450173437,70509.96551612022,3.4543851031390576
Region_06,2021-02-22,Paid_Social,1615.9370638734601,250285.20883714643,87889.42521361363,2.847728361277057
Region_06,2021-03-01,Paid_Social,1630.4467978413406,225627.36679594778,69342.43642833571,3.253813658958032
Region_06,2021-03-08,Paid_Social,1467.867307798199,252455.24679424145,86205.72625076385,2.928520618918914
Region_06,2021-03-15,Paid_Social,1472.0002450867566,249263.68919336566,83609.22863373497,2.981293970373885
Region_06,2021-03-22,Paid_Social,1401.346342335787,164655.8370300408,55357.200018442934,2.9744249524033672
Region_06,2021-03-29,Paid_Social,1495.090828810356,193861.78675098918,64629.119165830074,2.999604346356084
Region_06,2021-04-05,Paid_Social,1404.9051178777363,214486.36925495972,63958.72037500596,3.3535125155314636
Region_06,2021-04-12,Paid_Social,1506.7594898494517,232942.8541908303,76692.05523924515,3.0373792104560513
Region_06,2021-04-19,Paid_Social,1491.3906668796728,229341.13548381583,77631.36672013754,2.954232872269204
Region_06,2021-04-26,Paid_Social,1461.4876875379375,207309.6311046838,71040.83926476561,2.918175422056196
Region_06,2021-05-03,Paid_Social,1297.8370281511545,194038.43668060223,62509.12606167368,3.1041617265478507
Region_06,2021-05-10,Paid_Social,1430.1064500649943,218087.45577307613,79501.08531072063,2.7432009880205657
Region_06,2021-05-17,Paid_Social,1463.1600141408694,207401.49270886395,72697.72182584691,2.8529297411232566
Region_06,2021-05-24,Paid_Social,1472.7227957455202,233151.45323270428,78124.52481851562,2.984356753200335
Region_06,2021-05-31,Paid_Social,1354.4529917197685,154360.85593214905,54449.06209955007,2.834958950255721
Region_06,2021-06-07,Paid_Social,1425.446328783996,216959.23087667685,73181.65584647137,2.9646668740570465
Region_06,2021-06-14,Paid_Social,1388.074255857773,178815.97918832928,63359.35866864361,2.8222504606383407
Region_06,2021-06-21,Paid_Social,1397.7606322647903,219770.6095068389,59953.919076069775,3.66565877416609
Region_06,2021-06-28,Paid_Social,1532.3865766292247,213962.9911552638,62444.90817416505,3.4264281494097126
Region_06,2021-07-05,Paid_Social,1393.5729220256399,182151.2342629634,58045.651428005905,3.1380685681318576
Region_06,2021-07-12,Paid_Social,1446.4122287726314,214502.52521188982,71885.24829981623,2.9839574917686997
Region_06,2021-07-19,Paid_Social,1511.944268975882,197178.26106353267,52795.15858959865,3.734779217092444
Region_06,2021-07-26,Paid_Social,1402.7946659059965,182917.41685782708,59034.8057250593,3.098467329760038
Region_06,2021-08-02,Paid_Social,1434.1162198371956,175153.8059620457,58893.85414086898,2.9740591529821265
Region_06,2021-08-09,Paid_Social,1448.017180330859,206307.85876287942,66715.98549892174,3.0923302297050497
Region_06,2021-08-16,Paid_Social,1442.713998665812,216600.2617729367,70024.62275290619,3.093201409127867
Region_06,2021-08-23,Paid_Social,1351.26400149457,213831.46977392223,61901.48198629232,3.454383690220435
Region_06,2021-08-30,Paid_Social,1441.4844348795498,203028.38237469428,67804.59493160881,2.994315983739437
Region_06,2021-09-06,Paid_Social,1538.1622383296603,244012.3900389052,65935.31803945766,3.7007843033817003
Region_06,2021-09-13,Paid_Social,1334.089651246179,190926.85135779332,69510.66644613184,2.7467273890368245
Region_06,2021-09-20,Paid_Social,1514.5779436707414,214359.19664790254,66662.04740686882,3.2156107558408875
Region_06,2021-09-27,Paid_Social,1477.1418016027362,223477.43123822435,82341.95994669669,2.7140164186386917
Region_06,2021-10-04,Paid_Social,1449.6697514487846,230216.50227632214,63988.14271258231,3.5977994127817294
Region_06,2021-10-11,Paid_Social,1701.2099042726834,234872.16579477527,80921.99338486514,2.902451558227475
Region_06,2021-10-18,Paid_Social,1658.6866003562725,231249.00006211436,77532.84793153788,2.982593909955546
Region_06,2021-10-25,Paid_Social,1570.446261970087,220770.08303470715,67093.41032823136,3.2904883200103514
Region_06,2021-11-01,Paid_Social,1753.1582332033654,252532.74127529396,74246.7905368216,3.4012613804505674
Region_06,2021-11-08,Paid_Social,1878.7059128763117,245276.8333212978,91374.1759379645,2.6843123979341876
Region_06,2021-11-15,Paid_Social,1874.6217988259805,296798.2656317519,102417.36499047017,2.8979291320311615
Region_06,2021-11-22,Paid_Social,2004.1540894943055,275070.1725379738,105415.14079455884,2.609399090725039
Region_06,2021-11-29,Paid_Social,1944.1431025440572,290879.99428835744,95637.785477383,3.041475634723333
Region_06,2021-12-06,Paid_Social,1996.2415243255355,262582.16627777007,88419.18865228193,2.9697418657662986
Region_06,2021-12-13,Paid_Social,2020.6649275801879,299211.94083892816,103278.91779594435,2.8971250592507456
Region_06,2021-12-20,Paid_Social,1747.9562642644023,259680.41138854928,92692.31183910313,2.8015312838383717
Region_06,2021-12-27,Paid_Social,1742.2175934997736,238635.13891235398,82674.74113557201,2.88643345760266
Region_06,2022-01-03,Paid_Social,1627.712938899963,284607.2039280942,102221.01092677485,2.7842339001320395
Region_06,2022-01-10,Paid_Social,1720.1666027765066,255027.21737457102,80629.2753570363,3.162960553040807
Region_06,2022-01-17,Paid_Social,1637.611170674538,279436.9257401652,80043.4254516529,3.4910665574769557
Region_06,2022-01-24,Paid_Social,1696.191157599081,266705.28951235395,107835.22702184817,2.473266824562975
Region_06,2022-01-31,Paid_Social,1715.277645644255,229337.01645042788,77337.35393448833,2.9654106946133285
Region_06,2022-02-07,Paid_Social,1776.3644214436172,244250.7262084423,84893.72268874159,2.8771352989663894
Region_06,2022-02-14,Paid_Social,1747.1077459082273,260712.18013426577,82728.80869748727,3.151407402560414
Region_06,2022-02-21,Paid_Social,1492.1321505552687,214469.69658549197,78628.39288141995,2.7276367826687657
Region_06,2022-02-28,Paid_Social,1478.656399525547,212284.0171028792,71805.16258639852,2.9563893382659154
Region_06,2022-03-07,Paid_Social,1537.5986723914218,213459.37430866668,78948.319896497,2.703786155152087
Region_06,2022-03-14,Paid_Social,1310.4318147702784,156233.89430339838,48573.209488874396,3.216462242199241
Region_06,2022-03-21,Paid_Social,1384.187763415732,193333.249410022,63807.81207186121,3.0299307111845097
Region_06,2022-03-28,Paid_Social,1387.775024656694,158814.1652243696,53799.80886078114,2.9519466441848565
Region_06,2022-04-04,Paid_Social,1469.158545370053,217830.42771535183,69971.34660377246,3.1131375668509382
Region_06,2022-04-11,Paid_Social,1417.9855662620669,188382.90124516338,64361.3078067026,2.9269588773885222
Region_06,2022-04-18,Paid_Social,1341.450288559644,178404.74028514893,69465.10919397727,2.5682640156364553
Region_06,2022-04-25,Paid_Social,1334.4034655802693,186494.00617402015,58569.48167695686,3.1841498479129102
Region_06,2022-05-02,Paid_Social,1339.116080093607,196590.34942315155,63668.04659590463,3.087739610905496
Region_06,2022-05-09,Paid_Social,1460.403608267498,180793.83586117838,61200.3571432381,2.954130405449013
Region_06,2022-05-16,Paid_Social,1322.2635570288817,158591.2432508922,47905.260127169735,3.3105183612382953
Region_06,2022-05-23,Paid_Social,1328.2413725353372,170561.2268024306,50331.56877567157,3.388752446056751
Region_06,2022-05-30,Paid_Social,1370.25296708888,159599.53122295474,59340.00639051659,2.68957725033985
Region_06,2022-06-06,Paid_Social,1335.978893347307,173265.3865764888,62447.09785941329,2.7745946972037023
Region_06,2022-06-13,Paid_Social,1328.6688088402445,222540.91634235982,63546.38935001125,3.502022988538536
Region_06,2022-06-20,Paid_Social,1267.0308148622742,162855.41138706848,47104.34678136103,3.457332974873342
Region_06,2022-06-27,Paid_Social,1336.6134282667886,203797.0753398759,73138.27256451138,2.786462794293061
Region_06,2022-07-04,Paid_Social,1305.8698116551582,162641.92255743704,61008.286959677076,2.6658988583785983
Region_06,2022-07-11,Paid_Social,1412.958881373619,207980.25519161086,73890.74733736161,2.8146995758757085
Region_06,2022-07-18,Paid_Social,1374.8778305231679,190230.52483920532,66648.72904573762,2.8542258429063185
Region_06,2022-07-25,Paid_Social,1326.890900866088,188425.4406781715,73589.08278397574,2.560508074700474
Region_06,2022-08-01,Paid_Social,1371.3799452157093,207377.41241348302,68910.69339160326,3.0093647619391373
Region_06,2022-08-08,Paid_Social,1301.8780777878128,221689.34158216196,83988.7315738307,2.639512913554182
Region_06,2022-08-15,Paid_Social,1393.6652408522627,203009.52630446543,76376.84557782988,2.6579983078457166
Region_06,2022-08-22,Paid_Social,1320.3292053566606,190978.74298248847,58086.843804429445,3.2878140810247514
Region_06,2022-08-29,Paid_Social,1359.0105950974728,176137.56156735314,62863.89097043581,2.8018876790523306
Region_06,2022-09-05,Paid_Social,1238.2350349865426,187516.3613726638,62953.787897966424,2.9786350850974146
Region_06,2022-09-12,Paid_Social,1347.6839571065916,187846.5542368692,58797.74503670242,3.1947918091010568
Region_06,2022-09-19,Paid_Social,1225.1543421680833,190206.94504644498,58450.3670723616,3.2541616857763893
Region_06,2022-09-26,Paid_Social,1218.4090752349439,173299.35172291455,59746.47421677403,2.9005787202462257
Region_06,2022-10-03,Paid_Social,1354.2094737177451,230246.061612339,76410.8371497705,3.0132644818566883
Region_06,2022-10-10,Paid_Social,1351.500926478076,158343.90029827936,57322.74908594542,2.7623221639435056
Region_06,2022-10-17,Paid_Social,1478.2654513363989,205009.14789625665,57380.48963479498,3.5728023445087693
Region_06,2022-10-24,Paid_Social,1712.8792126840472,267245.8439222503,83476.21392205497,3.2014610074648124
Region_06,2022-10-31,Paid_Social,1538.1493561144746,212163.22065502792,78969.96391146388,2.686631855282242
Region_06,2022-11-07,Paid_Social,1623.986015051172,214328.83618224767,71413.95995084016,3.0012176376969864
Region_06,2022-11-14,Paid_Social,1754.7157437774304,244096.57442123626,75761.9726276488,3.2218877882299877
Region_06,2022-11-21,Paid_Social,1821.7105808090685,226700.14438448122,72029.43169877544,3.147326572456288
Region_06,2022-11-28,Paid_Social,1773.9934691425049,256460.25710514162,71196.55333812979,3.6021442763830063
Region_06,2022-12-05,Paid_Social,1753.0738599208203,319661.31747994514,92890.1723157599,3.441282425371396
Region_06,2022-12-12,Paid_Social,1786.4738572651888,286171.7184004264,100676.2982133027,2.8424934515779956
Region_06,2022-12-19,Paid_Social,1701.8264381998326,217597.33529523024,73182.18597837565,2.973364793442045
Region_06,2022-12-26,Paid_Social,1501.778479848535,196598.00903986584,74492.83388771156,2.6391533088432673
Region_06,2023-01-02,Paid_Social,1521.30642658029,208709.18129474614,67855.75614047414,3.075777106700852
Region_06,2023-01-09,Paid_Social,1569.6678299925352,247931.0706047945,81404.97359354695,3.045650156988052
Region_06,2023-01-16,Paid_Social,1510.9978684362652,198833.2833729404,50577.465268578795,3.931262318447291
Region_06,2023-01-23,Paid_Social,1621.0794176283548,216137.37968479894,71346.22422639854,3.029415810414068
Region_06,2023-01-30,Paid_Social,1520.577440264084,237320.1873677351,97526.40679945116,2.4333941458106776
Region_06,2023-02-06,Paid_Social,1633.4428262962992,254423.53467037747,90703.56825944796,2.805000283369513
Region_06,2023-02-13,Paid_Social,1525.9942511398585,210000.48273838407,69218.11595700192,3.0338948096887774
Region_06,2023-02-20,Paid_Social,1466.689505646307,187368.37757873067,70814.64667516017,2.6458986435140166
Region_06,2023-02-27,Paid_Social,1367.9672087291328,167368.2536305016,60843.498925799475,2.750799289741906
Region_06,2023-03-06,Paid_Social,1355.0092901504547,180504.2688701789,62408.76435366667,2.8922903816405046
Region_06,2023-03-13,Paid_Social,1199.3775608782844,137084.14887782806,44159.20992156391,3.1043161578596736
Region_06,2023-03-20,Paid_Social,1225.395586587998,188687.24156328914,63944.32291423466,2.9508052155992948
Region_06,2023-03-27,Paid_Social,1299.6817414657846,174331.9918065459,63514.76764896456,2.74474737544581
Region_06,2023-04-03,Paid_Social,1135.0432544719565,170144.02023072558,52418.775808758684,3.245860240068714
Region_06,2023-04-10,Paid_Social,1307.6161221166499,225176.23089026118,79220.47596447445,2.842399368961618
Region_06,2023-04-17,Paid_Social,1143.1219917765013,183627.23559782014,64342.88784237011,2.8538855148633955
Region_06,2023-04-24,Paid_Social,1291.1756457638317,164397.09345977384,62905.75621729498,2.6133871261621584
Region_06,2023-05-01,Paid_Social,1188.7405596540002,185242.24890175363,66796.70196236053,2.7732244775518455
Region_06,2023-05-08,Paid_Social,1286.5725583241863,206358.01219257686,64445.70815777087,3.202044295756477
Region_06,2023-05-15,Paid_Social,1243.1336016143164,164818.48345398603,64586.021069054725,2.551921928705962
Region_06,2023-05-22,Paid_Social,1141.5471609925905,148249.98529449906,49769.633027667565,2.978723697080206
Region_06,2023-05-29,Paid_Social,1309.7735953990568,185069.278717037,57417.28805091756,3.2232326708450225
Region_06,2023-06-05,Paid_Social,1320.0413462593376,160672.13402530816,55615.638297429214,2.8889740178120924
Region_06,2023-06-12,Paid_Social,1221.9767493228273,202226.5206933545,65811.66604783248,3.0728065833552147
Region_06,2023-06-19,Paid_Social,1207.1291806244624,135578.89383580963,50532.70880296104,2.682992799069287
Region_06,2023-06-26,Paid_Social,1211.8224347111113,154979.02098156078,45315.52460842138,3.419998385117662
Region_06,2023-07-03,Paid_Social,1161.295374740094,161487.0087027438,48216.793617730946,3.3491859699969675
Region_06,2023-07-10,Paid_Social,1285.8184886273214,179564.03630043985,58461.57468989682,3.0714881912250585
Region_06,2023-07-17,Paid_Social,1182.3370594473693,171734.65563862937,68227.39587077659,2.5170923416730817
Region_06,2023-07-24,Paid_Social,1209.556163311847,177548.43979392856,65708.44243678641,2.702064349870045
Region_06,2023-07-31,Paid_Social,1163.3926681383894,162686.39309192137,49182.69254055568,3.307797615142184
Region_06,2023-08-07,Paid_Social,1171.1000549175783,187443.46627829198,52644.032486397475,3.560583363873672
Region_06,2023-08-14,Paid_Social,1131.7088841409047,130534.33429226081,42239.78111790959,3.0903174883383686
Region_06,2023-08-21,Paid_Social,1282.904431238707,183269.04654985815,53925.91126119993,3.3985340676425713
Region_06,2023-08-28,Paid_Social,1194.6374405316192,158892.7475749973,56283.04373215304,2.823101542467328
Region_06,2023-09-04,Paid_Social,1264.0536500861726,182987.93339835285,62162.17152835214,2.9437184850418574
Region_06,2023-09-11,Paid_Social,1208.466076386697,176491.54360625116,58823.7617472753,3.0003443908349876
Region_06,2023-09-18,Paid_Social,1173.7743149221365,153068.6799434997,48909.16220816544,3.1296524624980124
Region_06,2023-09-25,Paid_Social,1209.5890730262977,162070.418540238,62947.40859185866,2.5746956414215196
Region_06,2023-10-02,Paid_Social,1218.434743826173,188419.49631024938,57167.86086384832,3.295899014990111
Region_06,2023-10-09,Paid_Social,1288.6314068788759,190629.44918691285,55671.28776142161,3.4241968679411947
Region_06,2023-10-16,Paid_Social,1310.8911826656824,174954.77016134412,65417.42828585451,2.674436686762499
Region_06,2023-10-23,Paid_Social,1373.7965454955659,240666.54245126687,91866.2773439623,2.619748501946717
Region_06,2023-10-30,Paid_Social,1363.0238738104754,245296.7158739238,78948.8569812893,3.1070331509936686
Region_06,2023-11-06,Paid_Social,1465.2679382579809,180844.4014024729,64357.656090403536,2.809990487354602
Region_06,2023-11-13,Paid_Social,1717.5002479279133,252874.80274171103,106843.50513334593,2.366777488496946
Region_06,2023-11-20,Paid_Social,1564.4339495246106,287225.7920876064,88305.1118861967,3.2526519241351384
Region_06,2023-11-27,Paid_Social,1545.1774640535532,238739.68161581055,78351.25838189924,3.0470433601991047
Region_06,2023-12-04,Paid_Social,1639.1083457905042,239392.28030884566,83693.05153338438,2.860360279889595
Region_06,2023-12-11,Paid_Social,1683.594876175756,235561.20207759342,63561.88785658115,3.7060133048455954
Region_06,2023-12-18,Paid_Social,1402.5333964745907,189806.64034462703,62396.123979774646,3.041962036073776
Region_06,2023-12-25,Paid_Social,1423.3446304357162,199059.37265586044,71545.51729252176,2.7822759578630785
Region_01,2021-01-04,Paid_Search_Brand,1007.664862737784,50139.89012604451,,
Region_01,2021-01-11,Paid_Search_Brand,1045.2560458275805,56485.018371149024,,
Region_01,2021-01-18,Paid_Search_Brand,965.9708243724214,52429.541721633774,,
Region_01,2021-01-25,Paid_Search_Brand,934.2600270697784,48439.36715067308,,
Region_01,2021-02-01,Paid_Search_Brand,1010.5149044713187,68095.02906224296,,
Region_01,2021-02-08,Paid_Search_Brand,994.2941920571119,45652.0866556947,,
Region_01,2021-02-15,Paid_Search_Brand,1007.9288335959844,58170.8710177787,,
Region_01,2021-02-22,Paid_Search_Brand,1000.5216091852882,57458.18364873751,,
Region_01,2021-03-01,Paid_Search_Brand,993.6711233476158,52095.20512470501,,
Region_01,2021-03-08,Paid_Search_Brand,1027.8754240318524,57964.327861609505,,
Region_01,2021-03-15,Paid_Search_Brand,933.4101698358057,56612.707146753695,,
Region_01,2021-03-22,Paid_Search_Brand,997.7462619400477,56283.46249903792,,
Region_01,2021-03-29,Paid_Search_Brand,843.1748534698347,48839.29083480898,,
Region_01,2021-04-05,Paid_Search_Brand,850.9008809167553,50663.973875032716,,
Region_01,2021-04-12,Paid_Search_Brand,787.4721188307909,35703.56731116314,,
Region_01,2021-04-19,Paid_Search_Brand,816.117955568643,52563.65716713673,,
Region_01,2021-04-26,Paid_Search_Brand,842.7982852446333,58802.612632859724,,
Region_01,2021-05-03,Paid_Search_Brand,877.0883408630627,53748.48419136896,,
Region_01,2021-05-10,Paid_Search_Brand,786.1740772548791,48335.82217096196,,
Region_01,2021-05-17,Paid_Search_Brand,811.5357503830436,39162.98282845975,,
Region_01,2021-05-24,Paid_Search_Brand,796.5079625081146,43729.48250220919,,
Region_01,2021-05-31,Paid_Search_Brand,781.7028590191283,40040.784753657885,,
Region_01,2021-06-07,Paid_Search_Brand,764.7020554621398,40060.67196452143,,
Region_01,2021-06-14,Paid_Search_Brand,814.6033607453267,49850.735663672436,,
Region_01,2021-06-21,Paid_Search_Brand,745.3464605064936,38209.620953297184,,
Region_01,2021-06-28,Paid_Search_Brand,817.9428516974633,44853.901897316246,,
Region_01,2021-07-05,Paid_Search_Brand,814.9578403191894,37408.821747162634,,
Region_01,2021-07-12,Paid_Search_Brand,788.4177370940262,43112.50587443619,,
Region_01,2021-07-19,Paid_Search_Brand,775.2595486652037,43459.427116400984,,
Region_01,2021-07-26,Paid_Search_Brand,761.5493189522547,39429.10136781222,,
Region_01,2021-08-02,Paid_Search_Brand,896.9172323040752,46367.70241782853,,
Region_01,2021-08-09,Paid_Search_Brand,764.426135648071,51284.878033481014,,
Region_01,2021-08-16,Paid_Search_Brand,884.4246291799224,43536.12749667433,,
Region_01,2021-08-23,Paid_Search_Brand,843.7818019964126,42201.698563221355,,
Region_01,2021-08-30,Paid_Search_Brand,804.7521687649362,41233.93406505021,,
Region_01,2021-09-06,Paid_Search_Brand,774.1570689181921,48486.47673156849,,
Region_01,2021-09-13,Paid_Search_Brand,865.0208222914599,59295.656975912774,,
Region_01,2021-09-20,Paid_Search_Brand,896.3721661637633,51480.418807346214,,
Region_01,2021-09-27,Paid_Search_Brand,785.9801165099951,40643.05349087913,,
Region_01,2021-10-04,Paid_Search_Brand,813.5952424457222,43307.161033582895,,
Region_01,2021-10-11,Paid_Search_Brand,874.4262276894383,54037.45435677001,,
Region_01,2021-10-18,Paid_Search_Brand,850.1173739714566,43116.07430055779,,
Region_01,2021-10-25,Paid_Search_Brand,935.1632281753347,60078.01661235498,,
Region_01,2021-11-01,Paid_Search_Brand,837.5687020447282,53612.88082752842,,
Region_01,2021-11-08,Paid_Search_Brand,908.4681101938088,50826.04038420551,,
Region_01,2021-11-15,Paid_Search_Brand,858.5255331034608,50879.37628768502,,
Region_01,2021-11-22,Paid_Search_Brand,1055.411115079159,63199.00070702577,,
Region_01,2021-11-29,Paid_Search_Brand,955.5618115941426,62013.28929973236,,
Region_01,2021-12-06,Paid_Search_Brand,923.9133160586515,46205.61468530137,,
Region_01,2021-12-13,Paid_Search_Brand,1060.2330322676878,66286.92790147936,,
Region_01,2021-12-20,Paid_Search_Brand,1083.5501425234227,57980.3140575547,,
Region_01,2021-12-27,Paid_Search_Brand,1210.901290010538,62300.682004614246,,
Region_01,2022-01-03,Paid_Search_Brand,1074.5455416091645,60313.05520181104,,
Region_01,2022-01-10,Paid_Search_Brand,1069.7164850676245,58168.42830517301,,
Region_01,2022-01-17,Paid_Search_Brand,1068.0201791811319,53755.22426819642,,
Region_01,2022-01-24,Paid_Search_Brand,1079.9044639846334,51137.75430572409,,
Region_01,2022-01-31,Paid_Search_Brand,967.3707545376081,48910.91495333032,,
Region_01,2022-02-07,Paid_Search_Brand,1047.2933569086179,67277.66600981858,,
Region_01,2022-02-14,Paid_Search_Brand,1037.2415597651952,70119.80748219702,,
Region_01,2022-02-21,Paid_Search_Brand,1002.1401213583584,59414.1848619234,,
Region_01,2022-02-28,Paid_Search_Brand,1016.28345433835,63569.1549928091,,
Region_01,2022-03-07,Paid_Search_Brand,998.8974203036585,52699.029327382,,
Region_01,2022-03-14,Paid_Search_Brand,931.4886275228627,51351.64935817843,,
Region_01,2022-03-21,Paid_Search_Brand,1008.4153023605697,57629.81673535661,,
Region_01,2022-03-28,Paid_Search_Brand,861.0532771296297,42933.639849395906,,
Region_01,2022-04-04,Paid_Search_Brand,953.6186997235102,47985.444778693105,,
Region_01,2022-04-11,Paid_Search_Brand,923.4361944179266,51802.98012491411,,
Region_01,2022-04-18,Paid_Search_Brand,862.3688925732157,46399.14248586395,,
Region_01,2022-04-25,Paid_Search_Brand,824.7551007609867,41196.73719215186,,
Region_01,2022-05-02,Paid_Search_Brand,841.547539966846,48595.161162024306,,
Region_01,2022-05-09,Paid_Search_Brand,868.2389759157106,46982.12953271026,,
Region_01,2022-05-16,Paid_Search_Brand,878.5432146598916,54056.44265419466,,
Region_01,2022-05-23,Paid_Search_Brand,858.3036352210278,47658.836363855065,,
Region_01,2022-05-30,Paid_Search_Brand,889.2614293943425,47941.85199530606,,
Region_01,2022-06-06,Paid_Search_Brand,823.3890187778057,46331.60461884251,,
Region_01,2022-06-13,Paid_Search_Brand,857.2313736752972,46811.9147789367,,
Region_01,2022-06-20,Paid_Search_Brand,783.9235430099641,40736.933226971676,,
Region_01,2022-06-27,Paid_Search_Brand,881.5561291800592,47045.78648154434,,
Region_01,2022-07-04,Paid_Search_Brand,855.7303663745791,51240.25636676932,,
Region_01,2022-07-11,Paid_Search_Brand,832.3977386377571,49332.855124274305,,
Region_01,2022-07-18,Paid_Search_Brand,901.4093582431116,56952.097236488524,,
Region_01,2022-07-25,Paid_Search_Brand,881.1710833223349,41329.67012711521,,
Region_01,2022-08-01,Paid_Search_Brand,739.9988075786478,39526.3583368293,,
Region_01,2022-08-08,Paid_Search_Brand,854.2768095593681,45532.48293217638,,
Region_01,2022-08-15,Paid_Search_Brand,793.3814476313614,44840.40443906737,,
Region_01,2022-08-22,Paid_Search_Brand,900.7141312926352,47827.483563537004,,
Region_01,2022-08-29,Paid_Search_Brand,967.895902815486,51082.117476073836,,
Region_01,2022-09-05,Paid_Search_Brand,833.4748626799731,50075.37035013143,,
Region_01,2022-09-12,Paid_Search_Brand,859.3924716631177,48601.90389572312,,
Region_01,2022-09-19,Paid_Search_Brand,846.5384428017032,41852.32932224174,,
Region_01,2022-09-26,Paid_Search_Brand,873.9069449552261,55481.67432605527,,
Region_01,2022-10-03,Paid_Search_Brand,889.2644473192339,54581.66958325478,,
Region_01,2022-10-10,Paid_Search_Brand,922.4930698676388,48390.917490982094,,
Region_01,2022-10-17,Paid_Search_Brand,829.5755163784454,50082.43899403148,,
Region_01,2022-10-24,Paid_Search_Brand,954.2935379928566,49258.563666010225,,
Region_01,2022-10-31,Paid_Search_Brand,857.5401423533307,53317.57820856702,,
Region_01,2022-11-07,Paid_Search_Brand,934.5821376829646,50802.45275105447,,
Region_01,2022-11-14,Paid_Search_Brand,1009.5482692334152,51759.20310760701,,
Region_01,2022-11-21,Paid_Search_Brand,1026.6787922086821,54948.81965893681,,
Region_01,2022-11-28,Paid_Search_Brand,985.7354265759938,50725.72577314816,,
Region_01,2022-12-05,Paid_Search_Brand,1038.3493504709213,58805.17002407875,,
Region_01,2022-12-12,Paid_Search_Brand,1086.6444695159093,61435.54178636533,,
Region_01,2022-12-19,Paid_Search_Brand,1134.3468136848253,63245.29948072803,,
Region_01,2022-12-26,Paid_Search_Brand,1214.4632387924805,63817.29128635751,,
Region_01,2023-01-02,Paid_Search_Brand,1067.7818992422024,41134.97963551247,,
Region_01,2023-01-09,Paid_Search_Brand,1141.865521290849,64028.636572440424,,
Region_01,2023-01-16,Paid_Search_Brand,1113.9396512942653,51196.084286656136,,
Region_01,2023-01-23,Paid_Search_Brand,1068.9858571866105,60856.14243705607,,
Region_01,2023-01-30,Paid_Search_Brand,1035.1098839869626,64390.78187277172,,
Region_01,2023-02-06,Paid_Search_Brand,1117.7555543315898,63821.7977977932,,
Region_01,2023-02-13,Paid_Search_Brand,1079.1676689882263,57663.81932480316,,
Region_01,2023-02-20,Paid_Search_Brand,1106.170526651521,60358.38244882064,,
Region_01,2023-02-27,Paid_Search_Brand,1084.941361468026,59477.80389646972,,
Region_01,2023-03-06,Paid_Search_Brand,1136.7352907570785,59776.92592466448,,
Region_01,2023-03-13,Paid_Search_Brand,923.9003491848639,48417.121994017165,,
Region_01,2023-03-20,Paid_Search_Brand,1054.1960139650175,53397.94857118207,,
Region_01,2023-03-27,Paid_Search_Brand,948.9257042660602,59369.164408054,,
Region_01,2023-04-03,Paid_Search_Brand,923.8798680114415,51246.89162705049,,
Region_01,2023-04-10,Paid_Search_Brand,873.7437741308983,53412.379756179565,,
Region_01,2023-04-17,Paid_Search_Brand,822.0070454401956,44539.30705806986,,
Region_01,2023-04-24,Paid_Search_Brand,875.74946432215,49005.133969443596,,
Region_01,2023-05-01,Paid_Search_Brand,856.610359627257,46785.49113873618,,
Region_01,2023-05-08,Paid_Search_Brand,905.3205300967501,52678.157740339375,,
Region_01,2023-05-15,Paid_Search_Brand,819.1106944825249,49427.70219533324,,
Region_01,2023-05-22,Paid_Search_Brand,946.6041001076774,53864.931955340566,,
Region_01,2023-05-29,Paid_Search_Brand,893.4028832126942,46399.294840907794,,
Region_01,2023-06-05,Paid_Search_Brand,870.902558088443,44753.20026189846,,
Region_01,2023-06-12,Paid_Search_Brand,851.5863365460604,55848.69641025148,,
Region_01,2023-06-19,Paid_Search_Brand,848.8901381483583,45858.21028345477,,
Region_01,2023-06-26,Paid_Search_Brand,835.0843264099052,45062.51448746919,,
Region_01,2023-07-03,Paid_Search_Brand,860.5542359043436,55351.60327831107,,
Region_01,2023-07-10,Paid_Search_Brand,885.2395126791907,54831.925243240294,,
Region_01,2023-07-17,Paid_Search_Brand,877.8268497356049,51442.33132833137,,
Region_01,2023-07-24,Paid_Search_Brand,825.8018399822142,44081.64268450707,,
Region_01,2023-07-31,Paid_Search_Brand,875.2847350240755,61528.300899013106,,
Region_01,2023-08-07,Paid_Search_Brand,848.9013732158792,49051.39530779908,,
Region_01,2023-08-14,Paid_Search_Brand,895.4793869171222,52545.84321571287,,
Region_01,2023-08-21,Paid_Search_Brand,975.9058040098305,53297.194747501024,,
Region_01,2023-08-28,Paid_Search_Brand,917.9742121308976,44272.63635333334,,
Region_01,2023-09-04,Paid_Search_Brand,876.6347708094492,42616.542024481874,,
Region_01,2023-09-11,Paid_Search_Brand,821.7512578406759,47549.14484540834,,
Region_01,2023-09-18,Paid_Search_Brand,831.4117761181285,48035.3105076594,,
Region_01,2023-09-25,Paid_Search_Brand,821.5725142113735,44560.5355326073,,
Region_01,2023-10-02,Paid_Search_Brand,929.4172871163782,45925.36962880745,,
Region_01,2023-10-09,Paid_Search_Brand,866.5570917365097,41678.710154799126,,
Region_01,2023-10-16,Paid_Search_Brand,910.0009788354067,48925.01651428728,,
Region_01,2023-10-23,Paid_Search_Brand,890.0596841099153,42747.21171355655,,
Region_01,2023-10-30,Paid_Search_Brand,939.3352244036521,57093.609498938284,,
Region_01,2023-11-06,Paid_Search_Brand,1028.9222183419915,64146.00823895711,,
Region_01,2023-11-13,Paid_Search_Brand,958.1359443840985,70634.68626266258,,
Region_01,2023-11-20,Paid_Search_Brand,1013.5898705956891,61480.1047663766,,
Region_01,2023-11-27,Paid_Search_Brand,1032.6110987539064,54065.11764368435,,
Region_01,2023-12-04,Paid_Search_Brand,1169.1454320688254,59530.57847526668,,
Region_01,2023-12-11,Paid_Search_Brand,1099.3406211305248,43246.71500832774,,
Region_01,2023-12-18,Paid_Search_Brand,1118.2011424261998,58534.47392369847,,
Region_01,2023-12-25,Paid_Search_Brand,1113.263725356336,60763.06541093956,,
Region_02,2021-01-04,Paid_Search_Brand,1754.2096927736168,107359.46444162745,,
Region_02,2021-01-11,Paid_Search_Brand,1819.6509125456196,107467.4716850957,,
Region_02,2021-01-18,Paid_Search_Brand,1681.6259509602169,99085.15663655972,,
Region_02,2021-01-25,Paid_Search_Brand,1626.4216960031288,92307.796267416,,
Region_02,2021-02-01,Paid_Search_Brand,1759.1712340743545,104409.15180201856,,
Region_02,2021-02-08,Paid_Search_Brand,1730.933144216398,111141.50108835996,,
Region_02,2021-02-15,Paid_Search_Brand,1754.6692307164271,87634.62643948763,,
Region_02,2021-02-22,Paid_Search_Brand,1741.7742441605903,92439.81248234972,,
Region_02,2021-03-01,Paid_Search_Brand,1729.848464964516,83643.53823178887,,
Region_02,2021-03-08,Paid_Search_Brand,1789.3935756591666,116877.49441628548,,
Region_02,2021-03-15,Paid_Search_Brand,1624.9422082761696,102775.05669444405,,
Region_02,2021-03-22,Paid_Search_Brand,1736.94273596928,104036.15229393783,,
Region_02,2021-03-29,Paid_Search_Brand,1467.854596657354,72336.6022192017,,
Region_02,2021-04-05,Paid_Search_Brand,1481.3045766409766,83730.32114128901,,
Region_02,2021-04-12,Paid_Search_Brand,1370.883589102003,74393.98357224833,,
Region_02,2021-04-19,Paid_Search_Brand,1420.7521578309168,79571.23402459826,,
Region_02,2021-04-26,Paid_Search_Brand,1467.1990417649822,79992.0198273402,,
Region_02,2021-05-03,Paid_Search_Brand,1526.8934403253975,89354.71799065227,,
Region_02,2021-05-10,Paid_Search_Brand,1368.6238724062148,73091.00411872134,,
Region_02,2021-05-17,Paid_Search_Brand,1412.7751517368304,85489.75416655216,,
Region_02,2021-05-24,Paid_Search_Brand,1386.6137838793447,78916.28879607203,,
Region_02,2021-05-31,Paid_Search_Brand,1360.8400797409136,73418.65940219202,,
Region_02,2021-06-07,Paid_Search_Brand,1331.2439555855256,73135.36173498165,,
Region_02,2021-06-14,Paid_Search_Brand,1418.1154509078756,75388.41552202827,,
Region_02,2021-06-21,Paid_Search_Brand,1297.5484546941443,78198.35455480768,,
Region_02,2021-06-28,Paid_Search_Brand,1423.9290578061566,76988.57739897045,,
Region_02,2021-07-05,Paid_Search_Brand,1418.7325524138969,81177.36605215794,,
Region_02,2021-07-12,Paid_Search_Brand,1372.5297839673515,73317.45099794572,,
Region_02,2021-07-19,Paid_Search_Brand,1349.6231385788556,64631.294625568305,,
Region_02,2021-07-26,Paid_Search_Brand,1325.7554631820342,80638.51745938972,,
Region_02,2021-08-02,Paid_Search_Brand,1561.412887067118,78035.35381253644,,
Region_02,2021-08-09,Paid_Search_Brand,1330.76361610941,79126.87230858054,,
Region_02,2021-08-16,Paid_Search_Brand,1539.6649366336558,89207.36628203733,,
Region_02,2021-08-23,Paid_Search_Brand,1468.9112128277789,69151.63013960115,,
Region_02,2021-08-30,Paid_Search_Brand,1400.9658438347235,70815.45386106217,,
Region_02,2021-09-06,Paid_Search_Brand,1347.7038688595167,71120.51009979859,,
Region_02,2021-09-13,Paid_Search_Brand,1505.885505218366,77068.35979892864,,
Region_02,2021-09-20,Paid_Search_Brand,1560.4639998508464,77027.2811948255,,
Region_02,2021-09-27,Paid_Search_Brand,1368.2862127028006,81855.22239202679,,
Region_02,2021-10-04,Paid_Search_Brand,1416.3604518421903,76824.49235537762,,
Region_02,2021-10-11,Paid_Search_Brand,1522.259057501187,87895.44935522476,,
Region_02,2021-10-18,Paid_Search_Brand,1479.9405958884236,78754.43745408687,,
Region_02,2021-10-25,Paid_Search_Brand,1627.9940482726977,93248.22191979735,,
Region_02,2021-11-01,Paid_Search_Brand,1458.095037172111,75143.47197502687,,
Region_02,2021-11-08,Paid_Search_Brand,1581.5214198774834,87629.6272443711,,
Region_02,2021-11-15,Paid_Search_Brand,1494.578075861349,88006.62044372963,,
Region_02,2021-11-22,Paid_Search_Brand,1837.3295292868106,102534.97677496962,,
Region_02,2021-11-29,Paid_Search_Brand,1663.5052525186231,88287.58270534057,,
Region_02,2021-12-06,Paid_Search_Brand,1608.409456601695,80155.03099581138,,
Region_02,2021-12-13,Paid_Search_Brand,1845.723841902701,104273.61356772367,,
Region_02,2021-12-20,Paid_Search_Brand,1886.3158108505404,108473.26009610629,,
Region_02,2021-12-27,Paid_Search_Brand,2108.0171180696593,114125.11279646699,,
Region_02,2022-01-03,Paid_Search_Brand,1870.6400055431757,96229.12911202827,,
Region_02,2022-01-10,Paid_Search_Brand,1862.2332642689933,109225.90622284963,,
Region_02,2022-01-17,Paid_Search_Brand,1859.2802226992897,132389.1909857375,,
Region_02,2022-01-24,Paid_Search_Brand,1879.969172334134,101331.0320222238,,
Region_02,2022-01-31,Paid_Search_Brand,1684.0630420564617,96763.20579320255,,
Region_02,2022-02-07,Paid_Search_Brand,1823.1975985299266,105184.36852989416,,
Region_02,2022-02-14,Paid_Search_Brand,1805.6987647104386,77609.09926274963,,
Region_02,2022-02-21,Paid_Search_Brand,1744.5918572846185,98129.73122518181,,
Region_02,2022-02-28,Paid_Search_Brand,1769.213507516837,91584.93129666467,,
Region_02,2022-03-07,Paid_Search_Brand,1738.9467486465471,110955.80096944627,,
Region_02,2022-03-14,Paid_Search_Brand,1621.5970602263696,87829.41279844072,,
Region_02,2022-03-21,Paid_Search_Brand,1755.516107742335,90232.78514018402,,
Region_02,2022-03-28,Paid_Search_Brand,1498.9785399794569,81476.7326289488,,
Region_02,2022-04-04,Paid_Search_Brand,1660.1225547550575,93778.07200079194,,
Region_02,2022-04-11,Paid_Search_Brand,1607.5788516677114,84446.83732750734,,
Region_02,2022-04-18,Paid_Search_Brand,1501.2688504273483,82965.75182045519,,
Region_02,2022-04-25,Paid_Search_Brand,1435.78827189481,69663.85159247468,,
Region_02,2022-05-02,Paid_Search_Brand,1465.0216615956228,79577.24656595489,,
Region_02,2022-05-09,Paid_Search_Brand,1511.4878800646586,90744.26952471134,,
Region_02,2022-05-16,Paid_Search_Brand,1529.4261809324535,103460.8591346366,,
Region_02,2022-05-23,Paid_Search_Brand,1494.191781339664,89087.62661110172,,
Region_02,2022-05-30,Paid_Search_Brand,1548.08515860616,88375.58049595218,,
Region_02,2022-06-06,Paid_Search_Brand,1433.410105954292,89641.32245409774,,
Region_02,2022-06-13,Paid_Search_Brand,1492.3251174653292,91801.60418662318,,
Region_02,2022-06-20,Paid_Search_Brand,1364.7059934244842,89541.91209684052,,
Region_02,2022-06-27,Paid_Search_Brand,1534.671261961097,95008.39945284922,,
Region_02,2022-07-04,Paid_Search_Brand,1489.7120646010171,81792.0474135841,,
Region_02,2022-07-11,Paid_Search_Brand,1449.0930817949625,82612.92805546655,,
Region_02,2022-07-18,Paid_Search_Brand,1569.233077246229,88755.61205398774,,
Region_02,2022-07-25,Paid_Search_Brand,1534.0009486448746,87836.46758830127,,
Region_02,2022-08-01,Paid_Search_Brand,1288.2389065035595,73016.95882852399,,
Region_02,2022-08-08,Paid_Search_Brand,1487.1816166827355,76403.11271065578,,
Region_02,2022-08-15,Paid_Search_Brand,1381.170939830481,62174.912274192386,,
Region_02,2022-08-22,Paid_Search_Brand,1568.022780152124,81453.40263112825,,
Region_02,2022-08-29,Paid_Search_Brand,1684.9772549393977,76441.98884470272,,
Region_02,2022-09-05,Paid_Search_Brand,1450.9682106250386,81159.02461939413,,
Region_02,2022-09-12,Paid_Search_Brand,1496.0872998907125,83153.67428460407,,
Region_02,2022-09-19,Paid_Search_Brand,1473.7101556102011,69242.11025050201,,
Region_02,2022-09-26,Paid_Search_Brand,1521.3550557449187,90540.90699405942,,
Region_02,2022-10-03,Paid_Search_Brand,1548.0904124095746,93793.12029963758,,
Region_02,2022-10-10,Paid_Search_Brand,1605.9369980229267,90078.01116658452,,
Region_02,2022-10-17,Paid_Search_Brand,1444.1799704763887,94792.64456453285,,
Region_02,2022-10-24,Paid_Search_Brand,1661.2973578834765,111291.05798311064,,
Region_02,2022-10-31,Paid_Search_Brand,1492.8626424181787,73514.27718135233,,
Region_02,2022-11-07,Paid_Search_Brand,1626.9824474798263,100261.43007236102,,
Region_02,2022-11-14,Paid_Search_Brand,1757.4884514683401,102038.89688879914,,
Region_02,2022-11-21,Paid_Search_Brand,1787.3103997735025,103536.83246686574,,
Region_02,2022-11-28,Paid_Search_Brand,1716.033478741945,104673.26990164656,,
Region_02,2022-12-05,Paid_Search_Brand,1807.6272800982522,93455.16773336468,,
Region_02,2022-12-12,Paid_Search_Brand,1891.7026200998812,99049.87968976836,,
Region_02,2022-12-19,Paid_Search_Brand,1974.7460183600729,101003.59413077768,,
Region_02,2022-12-26,Paid_Search_Brand,2114.2179942830758,108916.14619702063,,
Region_02,2023-01-02,Paid_Search_Brand,1858.8654092092886,102257.96142323503,,
Region_02,2023-01-09,Paid_Search_Brand,1987.835082241672,95511.55667203238,,
Region_02,2023-01-16,Paid_Search_Brand,1939.2198792722588,97037.40779213923,,
Region_02,2023-01-23,Paid_Search_Brand,1860.9613388917371,109533.40301060487,,
Region_02,2023-01-30,Paid_Search_Brand,1801.9878024150316,99402.53733195484,,
Region_02,2023-02-06,Paid_Search_Brand,1945.862855863277,112323.6579050546,,
Region_02,2023-02-13,Paid_Search_Brand,1878.686510834186,86403.68634904665,,
Region_02,2023-02-20,Paid_Search_Brand,1925.6948728374412,98917.39124929151,,
Region_02,2023-02-27,Paid_Search_Brand,1888.7377368773768,99260.72733206618,,
Region_02,2023-03-06,Paid_Search_Brand,1978.9040373463954,110297.38054620134,,
Region_02,2023-03-13,Paid_Search_Brand,1608.3868830094973,84266.70635795912,,
Region_02,2023-03-20,Paid_Search_Brand,1835.2142008368978,111929.16200905824,,
Region_02,2023-03-27,Paid_Search_Brand,1651.9526776222638,91241.87420087648,,
Region_02,2023-04-03,Paid_Search_Brand,1608.3512280271061,89505.00177210855,,
Region_02,2023-04-10,Paid_Search_Brand,1521.070997173266,84618.42466430701,,
Region_02,2023-04-17,Paid_Search_Brand,1431.0042752920979,85332.7699997933,,
Region_02,2023-04-24,Paid_Search_Brand,1524.5626354195726,80796.12628365353,,
Region_02,2023-05-01,Paid_Search_Brand,1491.2440151041128,92687.49633841132,,
Region_02,2023-05-08,Paid_Search_Brand,1576.041904098755,91680.15662311327,,
Region_02,2023-05-15,Paid_Search_Brand,1425.962115828667,80449.8468395605,,
Region_02,2023-05-22,Paid_Search_Brand,1647.9110754308829,91933.5138995778,,
Region_02,2023-05-29,Paid_Search_Brand,1555.2948755457662,91019.98302617215,,
Region_02,2023-06-05,Paid_Search_Brand,1516.1248202197526,93231.00088894059,,
Region_02,2023-06-12,Paid_Search_Brand,1482.4978631723995,90528.4971382606,,
Region_02,2023-06-19,Paid_Search_Brand,1477.8041425339334,85244.77597597789,,
Region_02,2023-06-26,Paid_Search_Brand,1453.7700716203144,88165.49101559773,,
Region_02,2023-07-03,Paid_Search_Brand,1498.1097759817605,84219.24884798014,,
Region_02,2023-07-10,Paid_Search_Brand,1541.0835397682472,97039.51894001134,,
Region_02,2023-07-17,Paid_Search_Brand,1528.179085454367,84673.25216179549,,
Region_02,2023-07-24,Paid_Search_Brand,1437.6105048172667,64900.281248307256,,
Region_02,2023-07-31,Paid_Search_Brand,1523.7536038959536,96771.11439502865,,
Region_02,2023-08-07,Paid_Search_Brand,1477.8237012831494,82991.58053827628,,
Region_02,2023-08-14,Paid_Search_Brand,1558.9097906431243,77035.19546456552,,
Region_02,2023-08-21,Paid_Search_Brand,1698.92142113281,92532.01954971165,,
Region_02,2023-08-28,Paid_Search_Brand,1598.07027136093,81271.6286358989,,
Region_02,2023-09-04,Paid_Search_Brand,1526.1038355531928,104597.79114334496,,
Region_02,2023-09-11,Paid_Search_Brand,1430.5589833076679,83530.95495264167,,
Region_02,2023-09-18,Paid_Search_Brand,1447.3766529776024,68735.4526695725,,
Region_02,2023-09-25,Paid_Search_Brand,1430.2478145663151,83918.6352865997,,
Region_02,2023-10-02,Paid_Search_Brand,1617.9911337398426,86374.7048028911,,
Region_02,2023-10-09,Paid_Search_Brand,1508.5599447576155,101516.09643685288,,
Region_02,2023-10-16,Paid_Search_Brand,1584.1899390729761,79216.69391084727,,
Region_02,2023-10-23,Paid_Search_Brand,1549.474813253396,68758.24207648748,,
Region_02,2023-10-30,Paid_Search_Brand,1635.256935461247,91447.98842353397,,
Region_02,2023-11-06,Paid_Search_Brand,1791.2159044840473,96108.2779926481,,
Region_02,2023-11-13,Paid_Search_Brand,1667.9864732673138,88884.88823368543,,
Region_02,2023-11-20,Paid_Search_Brand,1764.5243386429363,79133.85316256822,,
Region_02,2023-11-27,Paid_Search_Brand,1797.6377516808245,104223.52785987838,,
Region_02,2023-12-04,Paid_Search_Brand,2035.325756645765,133669.97900662874,,
Region_02,2023-12-11,Paid_Search_Brand,1913.8049212188964,87844.83142354921,,
Region_02,2023-12-18,Paid_Search_Brand,1946.6385651129037,121584.55688505247,,
Region_02,2023-12-25,Paid_Search_Brand,1938.0431826583754,101716.61177853432,,
Region_03,2021-01-04,Paid_Search_Brand,1892.5678137128982,132982.63913061435,,
Region_03,2021-01-11,Paid_Search_Brand,1963.170516879348,113925.54148831088,,
Region_03,2021-01-18,Paid_Search_Brand,1814.2592431236606,98916.52749380689,,
Region_03,2021-01-25,Paid_Search_Brand,1754.700915209856,108877.14335755944,,
Region_03,2021-02-01,Paid_Search_Brand,1897.9206819651176,111134.95516978901,,
Region_03,2021-02-08,Paid_Search_Brand,1867.455395969917,97779.47391796585,,
Region_03,2021-02-15,Paid_Search_Brand,1893.0635963569719,112911.20152970965,,
Region_03,2021-02-22,Paid_Search_Brand,1879.1515557301468,99199.63242424649,,
Region_03,2021-03-01,Paid_Search_Brand,1866.2851658379266,86702.66635441862,,
Region_03,2021-03-08,Paid_Search_Brand,1930.5267216957586,131411.76251345902,,
Region_03,2021-03-15,Paid_Search_Brand,1753.1047372475743,94048.77800224078,,
Region_03,2021-03-22,Paid_Search_Brand,1873.938976565733,97956.62132212431,,
Region_03,2021-03-29,Paid_Search_Brand,1583.6273031030069,91010.39262751566,,
Region_03,2021-04-05,Paid_Search_Brand,1598.1381106290098,75964.00472763299,,
Region_03,2021-04-12,Paid_Search_Brand,1479.0079930407112,71765.0252836443,,
Region_03,2021-04-19,Paid_Search_Brand,1532.8097981960834,81005.84978595575,,
Region_03,2021-04-26,Paid_Search_Brand,1582.9200432500168,83486.30533319242,,
Region_03,2021-05-03,Paid_Search_Brand,1647.3226616141665,92178.21188584513,,
Region_03,2021-05-10,Paid_Search_Brand,1476.5700478485394,91776.94802884692,,
Region_03,2021-05-17,Paid_Search_Brand,1524.203629249662,80757.66555770692,,
Region_03,2021-05-24,Paid_Search_Brand,1495.9788605838955,87308.17640693835,,
Region_03,2021-05-31,Paid_Search_Brand,1468.1723314708174,86622.21756122369,,
Region_03,2021-06-07,Paid_Search_Brand,1436.2419002242682,71593.61496764273,,
Region_03,2021-06-14,Paid_Search_Brand,1529.9651287832426,86962.24308073176,,
Region_03,2021-06-21,Paid_Search_Brand,1399.888765980019,70775.264185801,,
Region_03,2021-06-28,Paid_Search_Brand,1536.2372667964978,94927.12471008606,,
Region_03,2021-07-05,Paid_Search_Brand,1530.6309023523322,88994.31700183901,,
Region_03,2021-07-12,Paid_Search_Brand,1480.784026675739,82401.6637444649,,
Region_03,2021-07-19,Paid_Search_Brand,1456.0706871240363,70750.17805197179,,
Region_03,2021-07-26,Paid_Search_Brand,1430.3205191536665,80389.29982217061,,
Region_03,2021-08-02,Paid_Search_Brand,1684.564728010038,86676.94907700473,,
Region_03,2021-08-09,Paid_Search_Brand,1435.7236753872392,85596.87800944445,,
Region_03,2021-08-16,Paid_Search_Brand,1661.101472063985,91188.77337660157,,
Region_03,2021-08-23,Paid_Search_Brand,1584.767256760675,81173.31987305732,,
Region_03,2021-08-30,Paid_Search_Brand,1511.4628969815517,92112.74341029725,,
Region_03,2021-09-06,Paid_Search_Brand,1454.0000406604934,86821.59967859997,,
Region_03,2021-09-13,Paid_Search_Brand,1624.657787523046,85059.50024643652,,
Region_03,2021-09-20,Paid_Search_Brand,1683.5410001103708,105055.16758651266,,
Region_03,2021-09-27,Paid_Search_Brand,1476.2057562308942,79600.40424329626,,
Region_03,2021-10-04,Paid_Search_Brand,1528.0717093371554,82308.54909321501,,
Region_03,2021-10-11,Paid_Search_Brand,1642.3227554993753,92376.7367385909,,
Region_03,2021-10-18,Paid_Search_Brand,1596.6665499134124,82272.60588983244,,
Region_03,2021-10-25,Paid_Search_Brand,1756.3972821319312,93361.98440957475,,
Region_03,2021-11-01,Paid_Search_Brand,1573.0979871187913,86003.02830647735,,
Region_03,2021-11-08,Paid_Search_Brand,1706.2592620983287,110466.82286662405,,
Region_03,2021-11-15,Paid_Search_Brand,1612.4585179915416,104074.66136978159,,
Region_03,2021-11-22,Paid_Search_Brand,1982.2434824279785,107310.42218907597,,
Region_03,2021-11-29,Paid_Search_Brand,1794.709327983052,117128.35323560667,,
Region_03,2021-12-06,Paid_Search_Brand,1735.2680134966374,95987.37978005808,,
Region_03,2021-12-13,Paid_Search_Brand,1991.2998717185649,114919.19350778172,,
Region_03,2021-12-20,Paid_Search_Brand,2035.093412617571,123505.17095970729,,
Region_03,2021-12-27,Paid_Search_Brand,2274.2807572260513,130093.3351391903,,
Region_03,2022-01-03,Paid_Search_Brand,2018.1812243535558,142750.5160148652,,
Region_03,2022-01-10,Paid_Search_Brand,2009.1114261308733,114366.78550375122,,
Region_03,2022-01-17,Paid_Search_Brand,2005.9254721081588,98862.51354915324,,
Region_03,2022-01-24,Paid_Search_Brand,2028.2462016878276,128393.79931166419,,
Region_03,2022-01-31,Paid_Search_Brand,1816.8885525995115,96863.48570096352,,
Region_03,2022-02-07,Paid_Search_Brand,1966.9969372707628,106002.49910546766,,
Region_03,2022-02-14,Paid_Search_Brand,1948.117934492075,80244.64071749625,,
Region_03,2022-02-21,Paid_Search_Brand,1882.1913997875577,115574.90492515688,,
Region_03,2022-02-28,Paid_Search_Brand,1908.7550101369657,115085.9957593246,,
Region_03,2022-03-07,Paid_Search_Brand,1876.1010498383255,112897.59648844966,,
Region_03,2022-03-14,Paid_Search_Brand,1749.4957505014424,107184.50706902874,,
Region_03,2022-03-21,Paid_Search_Brand,1893.977268313072,124606.71958376592,,
Region_03,2022-03-28,Paid_Search_Brand,1617.206055751501,89432.42744853978,,
Region_03,2022-04-04,Paid_Search_Brand,1791.0598299001172,109284.29516692614,,
Region_03,2022-04-11,Paid_Search_Brand,1734.3718970457685,89446.87456384198,,
Region_03,2022-04-18,Paid_Search_Brand,1619.677007687832,86854.13949365285,,
Region_03,2022-04-25,Paid_Search_Brand,1549.0318414545757,95649.42208368641,,
Region_03,2022-05-02,Paid_Search_Brand,1580.5709286352007,91311.98348936171,,
Region_03,2022-05-09,Paid_Search_Brand,1630.702033178583,79285.29045988736,,
Region_03,2022-05-16,Paid_Search_Brand,1650.0551646741733,95042.59690044429,,
Region_03,2022-05-23,Paid_Search_Brand,1612.0417556276313,87934.64989236448,,
Region_03,2022-05-30,Paid_Search_Brand,1670.1858142353499,85494.4770730501,,
Region_03,2022-06-06,Paid_Search_Brand,1546.4661046824936,89728.15698917408,,
Region_03,2022-06-13,Paid_Search_Brand,1610.0278641401198,85900.05223690679,,
Region_03,2022-06-20,Paid_Search_Brand,1472.343157705707,69908.66950580728,,
Region_03,2022-06-27,Paid_Search_Brand,1655.7139360149197,82310.63241674865,,
Region_03,2022-07-04,Paid_Search_Brand,1607.2087144301968,106569.72708850815,,
Region_03,2022-07-11,Paid_Search_Brand,1563.3860290345021,74645.08117358509,,
Region_03,2022-07-18,Paid_Search_Brand,1693.0017126482303,96174.75051388319,,
Region_03,2022-07-25,Paid_Search_Brand,1654.9907537108816,97727.6506086012,,
Region_03,2022-08-01,Paid_Search_Brand,1389.8449546054208,82310.16595385934,,
Region_03,2022-08-08,Paid_Search_Brand,1604.4786848880362,78856.93427221446,,
Region_03,2022-08-15,Paid_Search_Brand,1490.1067282473953,80164.23367419846,,
Region_03,2022-08-22,Paid_Search_Brand,1691.6959569368298,95316.19603805828,,
Region_03,2022-08-29,Paid_Search_Brand,1817.8748713299656,109406.75269160402,,
Region_03,2022-09-05,Paid_Search_Brand,1565.4090531261977,81535.18163492583,,
Region_03,2022-09-12,Paid_Search_Brand,1614.086777619465,79822.49880171841,,
Region_03,2022-09-19,Paid_Search_Brand,1589.9447020155249,97645.16700121849,,
Region_03,2022-09-26,Paid_Search_Brand,1641.3474532681187,101841.37014167642,,
Region_03,2022-10-03,Paid_Search_Brand,1670.1914824170287,96286.58999089131,,
Region_03,2022-10-10,Paid_Search_Brand,1732.6005470322852,90570.47632992482,,
Region_03,2022-10-17,Paid_Search_Brand,1558.0854105365966,90153.83177661255,,
Region_03,2022-10-24,Paid_Search_Brand,1792.3272921638672,100668.15667504542,,
Region_03,2022-10-31,Paid_Search_Brand,1610.6077847898696,97296.01208094355,,
Region_03,2022-11-07,Paid_Search_Brand,1755.305894307088,86066.07928350887,,
Region_03,2022-11-14,Paid_Search_Brand,1896.1051748391806,106571.00456796799,,
Region_03,2022-11-21,Paid_Search_Brand,1928.2792414499522,105436.10785365941,,
Region_03,2022-11-28,Paid_Search_Brand,1851.3805632813269,92051.36724245663,,
Region_03,2022-12-05,Paid_Search_Brand,1950.1985558489525,110706.16585357461,,
Region_03,2022-12-12,Paid_Search_Brand,2040.905090574836,113780.21921611465,,
Region_03,2022-12-19,Paid_Search_Brand,2130.4982921949245,113602.2766176002,,
Region_03,2022-12-26,Paid_Search_Brand,2280.9707092806284,131839.79326957857,,
Region_03,2023-01-02,Paid_Search_Brand,2005.4779414263342,96678.03464181656,,
Region_03,2023-01-09,Paid_Search_Brand,2144.619717424755,118508.13292725086,,
Region_03,2023-01-16,Paid_Search_Brand,2092.170133560265,121355.80967090564,,
Region_03,2023-01-23,Paid_Search_Brand,2007.739181387069,114754.4479802052,,
Region_03,2023-01-30,Paid_Search_Brand,1944.114280979544,120281.25476557293,,
Region_03,2023-02-06,Paid_Search_Brand,2099.3370553571294,103429.87746058752,,
Region_03,2023-02-13,Paid_Search_Brand,2026.8623740412866,96842.35472609435,,
Region_03,2023-02-20,Paid_Search_Brand,2077.578382092786,118213.61345253776,,
Region_03,2023-02-27,Paid_Search_Brand,2037.7063609238462,118477.56482375275,,
Region_03,2023-03-06,Paid_Search_Brand,2134.9842626776663,146617.20987001082,,
Region_03,2023-03-13,Paid_Search_Brand,1735.2436594788658,102533.81124453207,,
Region_03,2023-03-20,Paid_Search_Brand,1979.9613136791518,100792.70654536597,,
Region_03,2023-03-27,Paid_Search_Brand,1782.2455777800828,107324.89377204893,,
Region_03,2023-04-03,Paid_Search_Brand,1735.205192314792,88583.55041831709,,
Region_03,2023-04-10,Paid_Search_Brand,1641.0409904135731,78581.06108151535,,
Region_03,2023-04-17,Paid_Search_Brand,1543.8705212153236,111339.73446238399,,
Region_03,2023-04-24,Paid_Search_Brand,1644.8080213388446,94404.5935145436,,
Region_03,2023-05-01,Paid_Search_Brand,1608.8614930155072,96005.48890443548,,
Region_03,2023-05-08,Paid_Search_Brand,1700.3475656573196,99940.12202595273,,
Region_03,2023-05-15,Paid_Search_Brand,1538.4306762803606,102447.86693979964,,
Region_03,2023-05-22,Paid_Search_Brand,1777.8852061239752,101617.80280530713,,
Region_03,2023-05-29,Paid_Search_Brand,1677.964176355961,105291.69889831127,,
Region_03,2023-06-05,Paid_Search_Brand,1635.7046983261962,82000.78789786433,,
Region_03,2023-06-12,Paid_Search_Brand,1599.4255141197164,77309.12020129053,,
Region_03,2023-06-19,Paid_Search_Brand,1594.3615900954023,102157.18139397225,,
Region_03,2023-06-26,Paid_Search_Brand,1568.4319026521127,100982.35766972793,,
Region_03,2023-07-03,Paid_Search_Brand,1616.2687705532,94497.78237550694,,
Region_03,2023-07-10,Paid_Search_Brand,1662.631963341066,94480.36529935712,,
Region_03,2023-07-17,Paid_Search_Brand,1648.7097082146772,93129.7952065329,,
Region_03,2023-07-24,Paid_Search_Brand,1550.9977976297903,80436.32217129484,,
Region_03,2023-07-31,Paid_Search_Brand,1643.9351798375192,106520.79013344517,,
Region_03,2023-08-07,Paid_Search_Brand,1594.3826914833348,94609.53242832176,,
Region_03,2023-08-14,Paid_Search_Brand,1681.8642072306893,98285.53757121632,,
Region_03,2023-08-21,Paid_Search_Brand,1832.9188425469922,105731.80432050432,,
Region_03,2023-08-28,Paid_Search_Brand,1724.113355483234,106366.18590381482,,
Region_03,2023-09-04,Paid_Search_Brand,1646.4707790920343,96208.53993668464,,
Region_03,2023-09-11,Paid_Search_Brand,1543.3901081376234,92379.10936189993,,
Region_03,2023-09-18,Paid_Search_Brand,1561.5342219514341,77181.45802617553,,
Region_03,2023-09-25,Paid_Search_Brand,1543.0543968786194,90210.9347604397,,
Region_03,2023-10-02,Paid_Search_Brand,1745.6054171877406,120687.56655114572,,
Region_03,2023-10-09,Paid_Search_Brand,1627.5431656010232,85850.1073648643,,
Region_03,2023-10-16,Paid_Search_Brand,1709.1382528828797,93736.71349191447,,
Region_03,2023-10-23,Paid_Search_Brand,1671.6850737984278,101535.65686034573,,
Region_03,2023-10-30,Paid_Search_Brand,1764.2330081482105,107859.54562839026,,
Region_03,2023-11-06,Paid_Search_Brand,1932.4927813374186,114278.33369478611,,
Region_03,2023-11-13,Paid_Search_Brand,1799.5439918148911,85042.9811858585,,
Region_03,2023-11-20,Paid_Search_Brand,1903.6959968842364,111202.60487500581,,
Region_03,2023-11-27,Paid_Search_Brand,1939.4211328106032,95717.9276806177,,
Region_03,2023-12-04,Paid_Search_Brand,2195.8560788466307,112334.98141078479,,
Region_03,2023-12-11,Paid_Search_Brand,2064.750645572711,121170.46624353524,,
Region_03,2023-12-18,Paid_Search_Brand,2100.1739463882814,113275.31616107715,,
Region_03,2023-12-25,Paid_Search_Brand,2090.900628467964,125957.0162981419,,
Region_04,2021-01-04,Paid_Search_Brand,640.9280218394563,48781.89635373619,,
Region_04,2021-01-11,Paid_Search_Brand,664.837997772216,39920.486799579725,,
Region_04,2021-01-18,Paid_Search_Brand,614.4084134654921,36692.53700195606,,
Region_04,2021-01-25,Paid_Search_Brand,594.2386731701777,30184.74123426434,,
Region_04,2021-02-01,Paid_Search_Brand,642.7407987635928,33484.18860204284,,
Region_04,2021-02-08,Paid_Search_Brand,632.4235697870678,31589.39390913024,,
Region_04,2021-02-15,Paid_Search_Brand,641.095921233616,33769.15281889373,,
Region_04,2021-02-22,Paid_Search_Brand,636.3845356684095,31698.077519615337,,
Region_04,2021-03-01,Paid_Search_Brand,632.0272652117923,32871.031710013616,,
Region_04,2021-03-08,Paid_Search_Brand,653.7830052267682,35571.03057468482,,
Region_04,2021-03-15,Paid_Search_Brand,593.6981191269057,29842.746993612058,,
Region_04,2021-03-22,Paid_Search_Brand,634.6192683800607,30592.16020640012,,
Region_04,2021-03-29,Paid_Search_Brand,536.3036966783885,26002.234809554204,,
Region_04,2021-04-05,Paid_Search_Brand,541.2178577961814,31463.943699405718,,
Region_04,2021-04-12,Paid_Search_Brand,500.87381830965086,27993.073510317914,,
Region_04,2021-04-19,Paid_Search_Brand,519.0940819640214,31954.321092275703,,
Region_04,2021-04-26,Paid_Search_Brand,536.0641794176495,33060.06490279405,,
Region_04,2021-05-03,Paid_Search_Brand,557.874464095606,29955.06160864657,,
Region_04,2021-05-10,Paid_Search_Brand,500.0481953765913,29705.64467282678,,
Region_04,2021-05-17,Paid_Search_Brand,516.1795576872798,24829.460521783236,,
Region_04,2021-05-24,Paid_Search_Brand,506.62109166204584,35363.98630435681,,
Region_04,2021-05-31,Paid_Search_Brand,497.204264656147,31129.92605121842,,
Region_04,2021-06-07,Paid_Search_Brand,486.3908565515347,26446.8599511272,,
Region_04,2021-06-14,Paid_Search_Brand,518.1307197392446,25624.16531425593,,
Region_04,2021-06-21,Paid_Search_Brand,474.0796768675049,27357.986632411572,,
Region_04,2021-06-28,Paid_Search_Brand,520.2548121920552,23973.273466233943,,
Region_04,2021-07-05,Paid_Search_Brand,518.3561874522311,26638.58223939683,,
Region_04,2021-07-12,Paid_Search_Brand,501.4752814203362,30025.839118419328,,
Region_04,2021-07-19,Paid_Search_Brand,493.10597929168733,27602.249173350392,,
Region_04,2021-07-26,Paid_Search_Brand,484.3855497780391,25621.015919964513,,
Region_04,2021-08-02,Paid_Search_Brand,570.4866853176776,34854.840764934495,,
Region_04,2021-08-09,Paid_Search_Brand,486.21535699095966,24347.19111235894,,
Region_04,2021-08-16,Paid_Search_Brand,562.5407305622102,32154.803387096836,,
Region_04,2021-08-23,Paid_Search_Brand,536.6897479667515,28367.94665849805,,
Region_04,2021-08-30,Paid_Search_Brand,511.86484184448733,26126.543916998096,,
Region_04,2021-09-06,Paid_Search_Brand,492.4047440005705,28653.306505266177,,
Region_04,2021-09-13,Paid_Search_Brand,550.198885545021,27677.508659806685,,
Region_04,2021-09-20,Paid_Search_Brand,570.1399944921857,38309.99476343728,,
Region_04,2021-09-27,Paid_Search_Brand,499.9248261085639,26196.198292346642,,
Region_04,2021-10-04,Paid_Search_Brand,517.4895033076325,35078.888485626645,,
Region_04,2021-10-11,Paid_Search_Brand,556.1812196515671,27697.034202024242,,
Region_04,2021-10-18,Paid_Search_Brand,540.7195060374594,31916.52992984356,,
Region_04,2021-10-25,Paid_Search_Brand,594.8131567304504,29309.68498207398,,
Region_04,2021-11-01,Paid_Search_Brand,532.7378885651002,25881.956048028565,,
Region_04,2021-11-08,Paid_Search_Brand,577.8336531342012,32618.669428744255,,
Region_04,2021-11-15,Paid_Search_Brand,546.067538899442,32463.83793214761,,
Region_04,2021-11-22,Paid_Search_Brand,671.2971576454431,32832.33469266963,,
Region_04,2021-11-29,Paid_Search_Brand,607.7877321100285,38010.73595721079,,
Region_04,2021-12-06,Paid_Search_Brand,587.6576190259569,30144.812088839768,,
Region_04,2021-12-13,Paid_Search_Brand,674.3641514043807,37959.53637316431,,
Region_04,2021-12-20,Paid_Search_Brand,689.1950638474491,39770.7004091303,,
Region_04,2021-12-27,Paid_Search_Brand,770.1971132948573,45410.4785567013,,
Region_04,2022-01-03,Paid_Search_Brand,683.467662540879,31722.504991116555,,
Region_04,2022-01-10,Paid_Search_Brand,680.3961277767205,44440.87585516849,,
Region_04,2022-01-17,Paid_Search_Brand,679.3171877278331,39920.72889876783,,
Region_04,2022-01-24,Paid_Search_Brand,686.8762199336301,36569.80848617912,,
Region_04,2022-01-31,Paid_Search_Brand,615.2988429174518,30855.682312760502,,
Region_04,2022-02-07,Paid_Search_Brand,666.1338351178719,31240.386384532347,,
Region_04,2022-02-14,Paid_Search_Brand,659.7403617545541,31987.086895291315,,
Region_04,2022-02-21,Paid_Search_Brand,637.413994810798,37395.1661163612,,
Region_04,2022-02-28,Paid_Search_Brand,646.409900854851,34707.46305932825,,
Region_04,2022-03-07,Paid_Search_Brand,635.3514658398475,31521.03127003529,,
Region_04,2022-03-14,Paid_Search_Brand,592.4759168262624,31225.809206877617,,
Region_04,2022-03-21,Paid_Search_Brand,641.4053410362726,41666.6525790114,,
Region_04,2022-03-28,Paid_Search_Brand,547.6753174757507,29436.734790615905,,
Region_04,2022-04-04,Paid_Search_Brand,606.5518104325836,31784.33529308022,,
Region_04,2022-04-11,Paid_Search_Brand,587.3541444872737,37349.39821554755,,
Region_04,2022-04-18,Paid_Search_Brand,548.5121183159309,31913.42553325787,,
Region_04,2022-04-25,Paid_Search_Brand,524.5877620427616,29273.101710143004,,
Region_04,2022-05-02,Paid_Search_Brand,535.2686394257723,27983.6050120569,,
Region_04,2022-05-09,Paid_Search_Brand,552.2458010549678,26268.7600635174,,
Region_04,2022-05-16,Paid_Search_Brand,558.7998405963742,27615.172006747758,,
Region_04,2022-05-23,Paid_Search_Brand,545.9264001378385,28906.493262252287,,
Region_04,2022-05-30,Paid_Search_Brand,565.6171907109131,30740.566907208104,,
Region_04,2022-06-06,Paid_Search_Brand,523.718861820547,30150.680325273195,,
Region_04,2022-06-13,Paid_Search_Brand,545.2443852171907,32009.69489030205,,
Region_04,2022-06-20,Paid_Search_Brand,498.61673684805214,28325.377556387724,,
Region_04,2022-06-27,Paid_Search_Brand,560.7162132067439,31845.11551846581,,
Region_04,2022-07-04,Paid_Search_Brand,544.2896653737281,27340.178254732265,,
Region_04,2022-07-11,Paid_Search_Brand,529.448882993913,23712.19256115901,,
Region_04,2022-07-18,Paid_Search_Brand,573.3439144406002,30235.79223546291,,
Region_04,2022-07-25,Paid_Search_Brand,560.4713037244004,28303.666748839514,,
Region_04,2022-08-01,Paid_Search_Brand,470.67828743807104,24496.747801758615,,
Region_04,2022-08-08,Paid_Search_Brand,543.3651265427588,29369.43075347945,,
Region_04,2022-08-15,Paid_Search_Brand,504.6324632307987,24756.74317203079,,
Region_04,2022-08-22,Paid_Search_Brand,572.901713416653,28482.542966709778,,
Region_04,2022-08-29,Paid_Search_Brand,615.6328649314756,33860.43836530042,,
Region_04,2022-09-05,Paid_Search_Brand,530.1339907188935,29794.835753770698,,
Region_04,2022-09-12,Paid_Search_Brand,546.6189575671403,28439.53827966275,,
Region_04,2022-09-19,Paid_Search_Brand,538.4431169722525,31441.81225611626,,
Region_04,2022-09-26,Paid_Search_Brand,555.8509284328084,30210.299667829182,,
Region_04,2022-10-03,Paid_Search_Brand,565.619110270384,28376.40060089793,,
Region_04,2022-10-10,Paid_Search_Brand,586.754267509603,32730.501696450727,,
Region_04,2022-10-17,Paid_Search_Brand,527.6538007232687,35385.77802846087,,
Region_04,2022-10-24,Paid_Search_Brand,606.9810431795296,31520.34411540156,,
Region_04,2022-10-31,Paid_Search_Brand,545.440778388508,34050.21859540385,,
Region_04,2022-11-07,Paid_Search_Brand,594.4435525162352,37903.050367263204,,
Region_04,2022-11-14,Paid_Search_Brand,642.125967748064,41439.26652479892,,
Region_04,2022-11-21,Paid_Search_Brand,653.0218842473081,33414.03705409357,,
Region_04,2022-11-28,Paid_Search_Brand,626.9797433403495,42609.61227496655,,
Region_04,2022-12-05,Paid_Search_Brand,660.4449750956446,37120.78296371647,,
Region_04,2022-12-12,Paid_Search_Brand,691.1632190859186,37435.72095623596,,
Region_04,2022-12-19,Paid_Search_Brand,721.5044269774198,39170.81540715595,,
Region_04,2022-12-26,Paid_Search_Brand,772.4627006653459,45575.45571551338,,
Region_04,2023-01-02,Paid_Search_Brand,679.1656291139035,37924.82929596297,,
Region_04,2023-01-09,Paid_Search_Brand,726.2867217372324,39641.773333173354,,
Region_04,2023-01-16,Paid_Search_Brand,708.5243949191405,44753.58816751258,,
Region_04,2023-01-23,Paid_Search_Brand,679.9314098930317,35140.13414765285,,
Region_04,2023-01-30,Paid_Search_Brand,658.3845034823568,32953.680743467856,,
Region_04,2023-02-06,Paid_Search_Brand,710.9515105958731,42757.42996502281,,
Region_04,2023-02-13,Paid_Search_Brand,686.4075794391454,40913.47907955586,,
Region_04,2023-02-20,Paid_Search_Brand,703.5828217107929,43606.73423554899,,
Region_04,2023-02-27,Paid_Search_Brand,690.0799525034726,34439.89842443783,,
Region_04,2023-03-06,Paid_Search_Brand,723.0236244226586,44755.273671534975,,
Region_04,2023-03-13,Paid_Search_Brand,587.6493714100347,34259.39513110748,,
Region_04,2023-03-20,Paid_Search_Brand,670.5242892223987,44431.3683012237,,
Region_04,2023-03-27,Paid_Search_Brand,603.5668176971293,29596.503443304344,,
Region_04,2023-04-03,Paid_Search_Brand,587.636344303055,33366.772566134954,,
Region_04,2023-04-10,Paid_Search_Brand,555.7471431788756,30029.640558463463,,
Region_04,2023-04-17,Paid_Search_Brand,522.8398538584129,24777.273955769935,,
Region_04,2023-04-24,Paid_Search_Brand,557.0228679701609,28810.668221559,,
Region_04,2023-05-01,Paid_Search_Brand,544.8493875150149,33880.65018774086,,
Region_04,2023-05-08,Paid_Search_Brand,575.8316261113396,30525.04445980976,,
Region_04,2023-05-15,Paid_Search_Brand,520.9976218242332,26926.581666785176,,
Region_04,2023-05-22,Paid_Search_Brand,602.0901549536414,36483.550013858905,,
Region_04,2023-05-29,Paid_Search_Brand,568.2513738619696,34850.928858994215,,
Region_04,2023-06-05,Paid_Search_Brand,553.9399798599505,33966.10034899468,,
Region_04,2023-06-12,Paid_Search_Brand,541.6538437442829,27806.951332210563,,
Region_04,2023-06-19,Paid_Search_Brand,539.938919299234,29823.103774232895,,
Region_04,2023-06-26,Paid_Search_Brand,531.1576945740078,32712.363980865983,,
Region_04,2023-07-03,Paid_Search_Brand,547.3579009247063,28477.881992367635,,
Region_04,2023-07-10,Paid_Search_Brand,563.0590394648315,29022.738631260723,,
Region_04,2023-07-17,Paid_Search_Brand,558.3441947057448,33697.61449680691,,
Region_04,2023-07-24,Paid_Search_Brand,525.2535434183475,34115.23973066951,,
Region_04,2023-07-31,Paid_Search_Brand,556.7272756152818,27563.605379713856,,
Region_04,2023-08-07,Paid_Search_Brand,539.9460653949923,23134.86197449575,,
Region_04,2023-08-14,Paid_Search_Brand,569.5721397840892,27370.944865141384,,
Region_04,2023-08-21,Paid_Search_Brand,620.7275847311444,31164.36551060195,,
Region_04,2023-08-28,Paid_Search_Brand,583.8800355528447,31994.247320656777,,
Region_04,2023-09-04,Paid_Search_Brand,557.5859696090181,32944.682263900606,,
Region_04,2023-09-11,Paid_Search_Brand,522.6771594485613,28615.316341377693,,
Region_04,2023-09-18,Paid_Search_Brand,528.8217588074086,27391.85552769994,,
Region_04,2023-09-25,Paid_Search_Brand,522.5634690689703,29479.987964683736,,
Region_04,2023-10-02,Paid_Search_Brand,591.1584350340748,29830.31409130769,,
Region_04,2023-10-09,Paid_Search_Brand,551.1760339728752,30477.55304596931,,
Region_04,2023-10-16,Paid_Search_Brand,578.8086384716174,30157.791530781524,,
Region_04,2023-10-23,Paid_Search_Brand,566.1249228296912,41119.288844676514,,
Region_04,2023-10-30,Paid_Search_Brand,597.4667664658064,36017.523985520755,,
Region_04,2023-11-06,Paid_Search_Brand,654.4488216418089,33445.59829472683,,
Region_04,2023-11-13,Paid_Search_Brand,609.4250163877953,30644.42451637445,,
Region_04,2023-11-20,Paid_Search_Brand,644.6966394683699,34280.966943266576,,
Region_04,2023-11-27,Paid_Search_Brand,656.7951442264697,30954.330087366114,,
Region_04,2023-12-04,Paid_Search_Brand,743.638184408443,38402.91626966,,
Region_04,2023-12-11,Paid_Search_Brand,699.238641421496,36082.12601191602,,
Region_04,2023-12-18,Paid_Search_Brand,711.2349281353689,43164.724776178846,,
Region_04,2023-12-25,Paid_Search_Brand,708.0944703575854,37695.68863069822,,
Region_05,2021-01-04,Paid_Search_Brand,1228.8747844559075,63081.52164593312,,
Region_05,2021-01-11,Paid_Search_Brand,1274.7182575441786,61933.555008898395,,
Region_05,2021-01-18,Paid_Search_Brand,1178.0277674525328,58181.144396960044,,
Region_05,2021-01-25,Paid_Search_Brand,1139.3555852208983,62878.90554671492,,
Region_05,2021-02-01,Paid_Search_Brand,1232.3504880856558,67006.78765256621,,
Region_05,2021-02-08,Paid_Search_Brand,1212.5688868719628,75456.01019183543,,
Region_05,2021-02-15,Paid_Search_Brand,1229.1967041173634,64124.8093233302,,
Region_05,2021-02-22,Paid_Search_Brand,1220.1633919143562,75360.76091739793,,
Region_05,2021-03-01,Paid_Search_Brand,1211.809037586355,69076.21552214921,,
Region_05,2021-03-08,Paid_Search_Brand,1253.5221152028603,69607.84201253824,,
Region_05,2021-03-15,Paid_Search_Brand,1138.3191611439697,51733.5159609278,,
Region_05,2021-03-22,Paid_Search_Brand,1216.778780250396,59417.258150191556,,
Region_05,2021-03-29,Paid_Search_Brand,1028.2747316416196,61522.858374592266,,
Region_05,2021-04-05,Paid_Search_Brand,1037.6968328427465,66298.62652086878,,
Region_05,2021-04-12,Paid_Search_Brand,960.3437274412955,54465.33217663613,,
Region_05,2021-04-19,Paid_Search_Brand,995.2781066664917,59674.403471377875,,
Region_05,2021-04-26,Paid_Search_Brand,1027.8154964199805,54819.55534326635,,
Region_05,2021-05-03,Paid_Search_Brand,1069.6331545177245,57257.81683894699,,
Region_05,2021-05-10,Paid_Search_Brand,958.760730335016,49847.758193409354,,
Region_05,2021-05-17,Paid_Search_Brand,989.689982461697,60611.816398417344,,
Region_05,2021-05-24,Paid_Search_Brand,971.363185261011,55846.58686781325,,
Region_05,2021-05-31,Paid_Search_Brand,953.3079577427624,51735.76425797573,,
Region_05,2021-06-07,Paid_Search_Brand,932.575014103238,50135.96967125233,,
Region_05,2021-06-14,Paid_Search_Brand,993.4310169684508,58349.070330887014,,
Region_05,2021-06-21,Paid_Search_Brand,908.9703381254421,52156.67966526472,,
Region_05,2021-06-28,Paid_Search_Brand,997.5036172701516,50992.56412717702,,
Region_05,2021-07-05,Paid_Search_Brand,993.8633144773079,65550.87223074456,,
Region_05,2021-07-12,Paid_Search_Brand,961.4969347053193,54807.25146073346,,
Region_05,2021-07-19,Paid_Search_Brand,945.4501650230196,52580.07952211105,,
Region_05,2021-07-26,Paid_Search_Brand,928.7301659376437,59810.1303019063,,
Region_05,2021-08-02,Paid_Search_Brand,1093.8150284687215,67319.96385235981,,
Region_05,2021-08-09,Paid_Search_Brand,932.2385223641893,51337.4375833388,,
Region_05,2021-08-16,Paid_Search_Brand,1078.5799582194957,63220.42072261956,,
Region_05,2021-08-23,Paid_Search_Brand,1029.014921924476,51366.5738425617,,
Region_05,2021-08-30,Paid_Search_Brand,981.4172196542872,51138.70358790277,,
Region_05,2021-09-06,Paid_Search_Brand,944.1056609010888,41839.17854052837,,
Region_05,2021-09-13,Paid_Search_Brand,1054.9164864746363,66213.33167738993,,
Region_05,2021-09-20,Paid_Search_Brand,1093.1503054437762,50229.680226659715,,
Region_05,2021-09-27,Paid_Search_Brand,958.5241899162953,57005.6602153695,,
Region_05,2021-10-04,Paid_Search_Brand,992.2015892053682,50728.44784107527,,
Region_05,2021-10-11,Paid_Search_Brand,1066.3866348925915,53718.76228029514,,
Region_05,2021-10-18,Paid_Search_Brand,1036.7413247525787,56484.3091782411,,
Region_05,2021-10-25,Paid_Search_Brand,1140.4570636041926,65069.364958590726,,
Region_05,2021-11-01,Paid_Search_Brand,1021.4378770693196,60328.551770391234,,
Region_05,2021-11-08,Paid_Search_Brand,1107.901639108748,73480.09113402596,,
Region_05,2021-11-15,Paid_Search_Brand,1046.9953041490019,60290.188176638614,,
Region_05,2021-11-22,Paid_Search_Brand,1287.102641478895,78092.71193009331,,
Region_05,2021-11-29,Paid_Search_Brand,1165.3336924606226,60979.76558369426,,
Region_05,2021-12-06,Paid_Search_Brand,1126.7374889333287,67227.46915491455,,
Region_05,2021-12-13,Paid_Search_Brand,1292.9831010094758,72941.84111012923,,
Region_05,2021-12-20,Paid_Search_Brand,1321.418952947192,70089.37576525727,,
Region_05,2021-12-27,Paid_Search_Brand,1476.7271508466815,81256.74588178126,,
Region_05,2022-01-03,Paid_Search_Brand,1310.4375965291904,72351.71343912315,,
Region_05,2022-01-10,Paid_Search_Brand,1304.5484303628846,73873.36894159604,,
Region_05,2022-01-17,Paid_Search_Brand,1302.479739067079,75323.53065466111,,
Region_05,2022-01-24,Paid_Search_Brand,1316.9729485322143,69535.0099723206,,
Region_05,2022-01-31,Paid_Search_Brand,1179.7350204724735,60861.21030454475,,
Region_05,2022-02-07,Paid_Search_Brand,1277.2028139757458,76462.7018694297,,
Region_05,2022-02-14,Paid_Search_Brand,1264.9443731937015,59308.733251851445,,
Region_05,2022-02-21,Paid_Search_Brand,1222.1372116547975,63826.214717358016,,
Region_05,2022-02-28,Paid_Search_Brand,1239.3853919873472,80419.83790100487,,
Region_05,2022-03-07,Paid_Search_Brand,1218.1826492729926,51625.91981152689,,
Region_05,2022-03-14,Paid_Search_Brand,1135.9757878827197,58884.05409109979,,
Region_05,2022-03-21,Paid_Search_Brand,1229.7899660443497,73185.61282254352,,
Region_05,2022-03-28,Paid_Search_Brand,1050.0779569338556,49462.54946479989,,
Region_05,2022-04-04,Paid_Search_Brand,1162.9640145354547,83777.93475048912,,
Region_05,2022-04-11,Paid_Search_Brand,1126.1556260788354,48296.20058288542,,
Region_05,2022-04-18,Paid_Search_Brand,1051.6823858510961,67452.97040698343,,
Region_05,2022-04-25,Paid_Search_Brand,1005.8113408091591,65294.7854474649,,
Region_05,2022-05-02,Paid_Search_Brand,1026.2901784392839,62487.67200886516,,
Region_05,2022-05-09,Paid_Search_Brand,1058.84111259547,57535.37545389003,,
Region_05,2022-05-16,Paid_Search_Brand,1071.4074127950557,61687.07728103972,,
Region_05,2022-05-23,Paid_Search_Brand,1046.7246936290464,53160.970057092854,,
Region_05,2022-05-30,Paid_Search_Brand,1084.4785680060897,65327.64340261214,,
Region_05,2022-06-06,Paid_Search_Brand,1004.1453665703932,49875.695904415246,,
Region_05,2022-06-13,Paid_Search_Brand,1045.4170414277878,56509.68369174066,,
Region_05,2022-06-20,Paid_Search_Brand,956.0161424393772,58675.83475400247,,
Region_05,2022-06-27,Paid_Search_Brand,1075.0817442305051,53428.80020629231,,
Region_05,2022-07-04,Paid_Search_Brand,1043.586522084159,55903.1106228496,,
Region_05,2022-07-11,Paid_Search_Brand,1015.1317461550134,57330.2499568945,,
Region_05,2022-07-18,Paid_Search_Brand,1099.2932985753953,53403.28199188368,,
Region_05,2022-07-25,Paid_Search_Brand,1074.6121703047743,67072.93406540103,,
Region_05,2022-08-01,Paid_Search_Brand,902.4487295211718,51873.99113514554,,
Region_05,2022-08-08,Paid_Search_Brand,1041.8138699018316,49738.92487722369,,
Region_05,2022-08-15,Paid_Search_Brand,967.5503150922235,53500.91499748471,,
Region_05,2022-08-22,Paid_Search_Brand,1098.4454503467755,56472.05744011108,,
Region_05,2022-08-29,Paid_Search_Brand,1180.375453120915,61403.09818452411,,
Region_05,2022-09-05,Paid_Search_Brand,1016.4453283033616,56904.22373094785,,
Region_05,2022-09-12,Paid_Search_Brand,1048.0525593685004,54236.17741093648,,
Region_05,2022-09-19,Paid_Search_Brand,1032.3767205746938,63161.71377241133,,
Region_05,2022-09-26,Paid_Search_Brand,1065.7533554346346,55179.946208151225,,
Region_05,2022-10-03,Paid_Search_Brand,1084.4822484478093,66463.78340229925,,
Region_05,2022-10-10,Paid_Search_Brand,1125.0054599657678,62227.40293864514,,
Region_05,2022-10-17,Paid_Search_Brand,1011.6899691328639,61226.65042969117,,
Region_05,2022-10-24,Paid_Search_Brand,1163.7869982113293,61247.88980233523,,
Region_05,2022-10-31,Paid_Search_Brand,1045.7935932524038,55236.89639578465,,
Region_05,2022-11-07,Paid_Search_Brand,1139.7484078993377,56426.817638900415,,
Region_05,2022-11-14,Paid_Search_Brand,1231.1716500477803,72468.18807467876,,
Region_05,2022-11-21,Paid_Search_Brand,1252.0627900560291,76397.91992286302,,
Region_05,2022-11-28,Paid_Search_Brand,1202.1312389249642,82549.52294044879,,
Region_05,2022-12-05,Paid_Search_Brand,1266.2953541746429,80040.42876203112,,
Region_05,2022-12-12,Paid_Search_Brand,1325.192569113183,75483.89883745598,,
Region_05,2022-12-19,Paid_Search_Brand,1383.3668789222493,75249.31225147114,,
Region_05,2022-12-26,Paid_Search_Brand,1481.0710445394313,85543.01736518824,,
Region_05,2023-01-02,Paid_Search_Brand,1302.189150182401,72143.45446582662,,
Region_05,2023-01-09,Paid_Search_Brand,1392.5361479226945,89555.4353133376,,
Region_05,2023-01-16,Paid_Search_Brand,1358.4797877757737,82942.21743823065,,
Region_05,2023-01-23,Paid_Search_Brand,1303.657409733904,66611.75837785254,,
Region_05,2023-01-30,Paid_Search_Brand,1262.3447364400809,65469.95671005281,,
Region_05,2023-02-06,Paid_Search_Brand,1363.133385609637,86825.27111338764,,
Region_05,2023-02-13,Paid_Search_Brand,1316.0744069378018,75402.83743681904,,
Region_05,2023-02-20,Paid_Search_Brand,1349.0051283688515,73227.78916621675,,
Region_05,2023-02-27,Paid_Search_Brand,1323.1155823960303,82765.09234685914,,
Region_05,2023-03-06,Paid_Search_Brand,1386.279691858257,74087.5711640581,,
Region_05,2023-03-13,Paid_Search_Brand,1126.7216754770693,60868.64696955379,,
Region_05,2023-03-20,Paid_Search_Brand,1285.6207925279698,68204.33157598683,,
Region_05,2023-03-27,Paid_Search_Brand,1157.240778572302,52839.27732673171,,
Region_05,2023-04-03,Paid_Search_Brand,1126.696698127451,68244.66726668547,,
Region_05,2023-04-10,Paid_Search_Brand,1065.554364163836,52455.76635027492,,
Region_05,2023-04-17,Paid_Search_Brand,1002.4600123914599,52613.42107202157,,
Region_05,2023-04-24,Paid_Search_Brand,1068.000358057841,55079.875230179554,,
Region_05,2023-05-01,Paid_Search_Brand,1044.6596978578673,62413.011151420564,,
Region_05,2023-05-08,Paid_Search_Brand,1104.0630793292378,60917.61186492056,,
Region_05,2023-05-15,Paid_Search_Brand,998.9278333997801,55581.61240063485,,
Region_05,2023-05-22,Paid_Search_Brand,1154.4095189787367,54218.73516477512,,
Region_05,2023-05-29,Paid_Search_Brand,1089.529183896906,60002.454985558456,,
Region_05,2023-06-05,Paid_Search_Brand,1062.0894237050823,50906.38376564045,,
Region_05,2023-06-12,Paid_Search_Brand,1038.5327646786823,59496.18152800359,,
Region_05,2023-06-19,Paid_Search_Brand,1035.2446771931027,59661.899796322316,,
Region_05,2023-06-26,Paid_Search_Brand,1018.4081132205974,56479.88221059227,,
Region_05,2023-07-03,Paid_Search_Brand,1049.4693625481273,71520.38808516903,,
Region_05,2023-07-10,Paid_Search_Brand,1079.5737308730338,63226.447207761885,,
Region_05,2023-07-17,Paid_Search_Brand,1070.5337862308302,63125.40657124359,,
Region_05,2023-07-24,Paid_Search_Brand,1007.0878678395575,56751.24096578521,,
Region_05,2023-07-31,Paid_Search_Brand,1067.4336080032144,58169.72228475095,,
Region_05,2023-08-07,Paid_Search_Brand,1035.2583786643838,63346.92615318335,,
Region_05,2023-08-14,Paid_Search_Brand,1092.0615368016881,67734.5035271791,,
Region_05,2023-08-21,Paid_Search_Brand,1190.1437460997627,58052.14043925246,,
Region_05,2023-08-28,Paid_Search_Brand,1119.4945897026753,69110.71651724278,,
Region_05,2023-09-04,Paid_Search_Brand,1069.0800134660897,62524.865106170975,,
Region_05,2023-09-11,Paid_Search_Brand,1002.1480724371656,61288.93353185943,,
Region_05,2023-09-18,Paid_Search_Brand,1013.9293379699166,59017.53572838604,,
Region_05,2023-09-25,Paid_Search_Brand,1001.9300897059478,49150.38984321715,,
Region_05,2023-10-02,Paid_Search_Brand,1133.4497317606103,56000.33753779631,,
Region_05,2023-10-09,Paid_Search_Brand,1056.7900089650627,70462.3548987589,,
Region_05,2023-10-16,Paid_Search_Brand,1109.771014226607,63230.046564702665,,
Region_05,2023-10-23,Paid_Search_Brand,1085.452061404356,52334.432432004774,,
Region_05,2023-10-30,Paid_Search_Brand,1145.5449267970155,65895.96190228565,,
Region_05,2023-11-06,Paid_Search_Brand,1254.7987094156892,67231.79863453784,,
Region_05,2023-11-13,Paid_Search_Brand,1168.4729176081814,53986.81354733924,,
Region_05,2023-11-20,Paid_Search_Brand,1236.1004931449056,54615.97185434949,,
Region_05,2023-11-27,Paid_Search_Brand,1259.297399693287,59600.90734176735,,
Region_05,2023-12-04,Paid_Search_Brand,1425.8047431838013,81393.8047774623,,
Region_05,2023-12-11,Paid_Search_Brand,1340.6758722983711,74124.80068361122,,
Region_05,2023-12-18,Paid_Search_Brand,1363.6767924445564,73895.51808069072,,
Region_05,2023-12-25,Paid_Search_Brand,1357.6554776583955,77603.35300462888,,
Region_06,2021-01-04,Paid_Search_Brand,774.0070654728194,45664.55005161064,,
Region_06,2021-01-11,Paid_Search_Brand,802.881587535574,36146.66676300717,,
Region_06,2021-01-18,Paid_Search_Brand,741.9810601249646,39998.29552347448,,
Region_06,2021-01-25,Paid_Search_Brand,717.623377256738,36700.18016896278,,
Region_06,2021-02-01,Paid_Search_Brand,776.1962382029816,38119.0484617509,,
Region_06,2021-02-08,Paid_Search_Brand,763.736792131311,40170.43716517481,,
Region_06,2021-02-15,Paid_Search_Brand,774.2098266455874,42486.39737913037,,
Region_06,2021-02-22,Paid_Search_Brand,768.5201928780225,41573.35406609537,,
Region_06,2021-03-01,Paid_Search_Brand,763.2582008841033,36662.626584951446,,
Region_06,2021-03-08,Paid_Search_Brand,789.5311924095059,41793.99348286598,,
Region_06,2021-03-15,Paid_Search_Brand,716.9705853136403,48727.63614221782,,
Region_06,2021-03-22,Paid_Search_Brand,766.3883944434515,38315.78074769997,,
Region_06,2021-03-29,Paid_Search_Brand,647.659076095509,30395.15999425705,,
Region_06,2021-04-05,Paid_Search_Brand,653.5935887029111,37324.05904530378,,
Region_06,2021-04-12,Paid_Search_Brand,604.8727174845343,35669.96826756812,,
Region_06,2021-04-19,Paid_Search_Brand,626.8761442699417,36480.6373541264,,
Region_06,2021-04-26,Paid_Search_Brand,647.3698266855947,32155.201368971375,,
Region_06,2021-05-03,Paid_Search_Brand,673.7086882511455,41356.74545306794,,
Region_06,2021-05-10,Paid_Search_Brand,603.8756663932584,31014.764014915065,,
Region_06,2021-05-17,Paid_Search_Brand,623.3564629550013,30915.544742750415,,
Region_06,2021-05-24,Paid_Search_Brand,611.8133255253413,31983.102041321046,,
Region_06,2021-05-31,Paid_Search_Brand,600.4412363225905,32997.20860789886,,
Region_06,2021-06-07,Paid_Search_Brand,587.3825870053237,35047.83206924608,,
Region_06,2021-06-14,Paid_Search_Brand,625.7127543990373,36999.442008434264,,
Region_06,2021-06-21,Paid_Search_Brand,572.515176414667,31734.91705553982,,
Region_06,2021-06-28,Paid_Search_Brand,628.2778826352384,38317.29475870863,,
Region_06,2021-07-05,Paid_Search_Brand,625.9850370843639,35061.50019143222,,
Region_06,2021-07-12,Paid_Search_Brand,605.5990653448692,36798.04766742829,,
Region_06,2021-07-19,Paid_Search_Brand,595.4920037717781,28749.75724549966,,
Region_06,2021-07-26,Paid_Search_Brand,584.960908504403,27764.43443460529,,
Region_06,2021-08-02,Paid_Search_Brand,688.9396471179042,41361.64321779996,,
Region_06,2021-08-09,Paid_Search_Brand,587.170647606134,28387.119015727243,,
Region_06,2021-08-16,Paid_Search_Brand,679.3438346193212,36620.33566147509,,
Region_06,2021-08-23,Paid_Search_Brand,648.1252851153148,35655.44912439117,,
Region_06,2021-08-30,Paid_Search_Brand,618.145861399082,32705.969322391717,,
Region_06,2021-09-06,Paid_Search_Brand,594.6451675415167,31571.163777835918,,
Region_06,2021-09-13,Paid_Search_Brand,664.4393915012641,42429.10483076386,,
Region_06,2021-09-20,Paid_Search_Brand,688.5209711678416,29701.984690479338,,
Region_06,2021-09-27,Paid_Search_Brand,603.7266813561532,36639.87714549824,,
Region_06,2021-10-04,Paid_Search_Brand,624.9383990398494,43675.99159560394,,
Region_06,2021-10-11,Paid_Search_Brand,671.6638671189734,37402.76812815424,,
Region_06,2021-10-18,Paid_Search_Brand,652.9917617126749,36208.54988787834,,
Region_06,2021-10-25,Paid_Search_Brand,718.3171436696543,42913.072400061166,,
Region_06,2021-11-01,Paid_Search_Brand,643.3528816715481,42914.3845937674,,
Region_06,2021-11-08,Paid_Search_Brand,697.8121020676349,34424.661753821296,,
Region_06,2021-11-15,Paid_Search_Brand,659.4502329926095,36958.79646418091,,
Region_06,2021-11-22,Paid_Search_Brand,810.6818946036719,44206.96378275368,,
Region_06,2021-11-29,Paid_Search_Brand,733.9856940733043,43122.9745740206,,
Region_06,2021-12-06,Paid_Search_Brand,709.6758664094717,40059.075470768956,,
Region_06,2021-12-13,Paid_Search_Brand,814.3857033907582,48328.799434327586,,
Region_06,2021-12-20,Paid_Search_Brand,832.29603127032,44329.623618042344,,
Region_06,2021-12-27,Paid_Search_Brand,930.1169354182389,51926.99412187647,,
Region_06,2022-01-03,Paid_Search_Brand,825.379421406141,42881.35814457692,,
Region_06,2022-01-10,Paid_Search_Brand,821.670128742542,42714.4898326946,,
Region_06,2022-01-17,Paid_Search_Brand,820.3671630543456,44935.41595589005,,
Region_06,2022-01-24,Paid_Search_Brand,829.4957143675366,45433.29447211646,,
Region_06,2022-01-31,Paid_Search_Brand,743.0563738320232,36713.76610580391,,
Region_06,2022-02-07,Paid_Search_Brand,804.4464859751253,52289.130826601446,,
Region_06,2022-02-14,Paid_Search_Brand,796.7255042306887,43668.63200616857,,
Region_06,2022-02-21,Paid_Search_Brand,769.7634036952644,37238.43271707303,,
Region_06,2022-02-28,Paid_Search_Brand,780.6271740425856,48418.37387717012,,
Region_06,2022-03-07,Paid_Search_Brand,767.2726216700435,39553.023436479736,,
Region_06,2022-03-14,Paid_Search_Brand,715.4946111263672,41822.33148509972,,
Region_06,2022-03-21,Paid_Search_Brand,774.583492806674,42959.250375697906,,
Region_06,2022-03-28,Paid_Search_Brand,661.3918425577635,37676.491476114286,,
Region_06,2022-04-04,Paid_Search_Brand,732.4931518874159,41396.0035105638,,
Region_06,2022-04-11,Paid_Search_Brand,709.3093799568155,37203.515397570154,,
Region_06,2022-04-18,Paid_Search_Brand,662.4023924800999,36951.124713309575,,
Region_06,2022-04-25,Paid_Search_Brand,633.5105042159907,43129.793739047745,,
Region_06,2022-05-02,Paid_Search_Brand,646.4091048048258,28711.572087763772,,
Region_06,2022-05-09,Paid_Search_Brand,666.911318165631,37295.811703468,,
Region_06,2022-05-16,Paid_Search_Brand,674.826205234974,39157.0927010324,,
Region_06,2022-05-23,Paid_Search_Brand,659.27978889441,32968.3859466348,,
Region_06,2022-05-30,Paid_Search_Brand,683.0590753493295,33088.13594084379,,
Region_06,2022-06-06,Paid_Search_Brand,632.4611899587442,43603.55537409375,,
Region_06,2022-06-13,Paid_Search_Brand,658.4561638548553,35246.837818421984,,
Region_06,2022-06-20,Paid_Search_Brand,602.1469870762878,41183.1560222361,,
Region_06,2022-06-27,Paid_Search_Brand,677.1404837342159,39689.36762158054,,
Region_06,2022-07-04,Paid_Search_Brand,657.3032108254864,36795.94939278124,,
Region_06,2022-07-11,Paid_Search_Brand,639.3809636655726,37252.74961641959,,
Region_06,2022-07-18,Paid_Search_Brand,692.3901368038908,40987.95999462753,,
Region_06,2022-07-25,Paid_Search_Brand,676.8447224891527,42310.515556684586,,
Region_06,2022-08-01,Paid_Search_Brand,568.4075397361356,32984.85404023227,,
Region_06,2022-08-08,Paid_Search_Brand,656.1867054409653,36985.82256336945,,
Region_06,2022-08-15,Paid_Search_Brand,609.4117883730603,34458.34503934209,,
Region_06,2022-08-22,Paid_Search_Brand,691.8561194021985,44000.34999735812,,
Region_06,2022-08-29,Paid_Search_Brand,743.4597504828613,44819.33788739288,,
Region_06,2022-09-05,Paid_Search_Brand,640.2083236836647,32175.964055734832,,
Region_06,2022-09-12,Paid_Search_Brand,660.1161454356435,34414.6091854289,,
Region_06,2022-09-19,Paid_Search_Brand,650.2427147679361,37339.390874702935,,
Region_06,2022-09-26,Paid_Search_Brand,671.2649959068063,35040.34442211878,,
Region_06,2022-10-03,Paid_Search_Brand,683.0613934763928,36545.72746186443,,
Region_06,2022-10-10,Paid_Search_Brand,708.5849475661096,35777.0359486939,,
Region_06,2022-10-17,Paid_Search_Brand,637.2131596170054,34486.50838434224,,
Region_06,2022-10-24,Paid_Search_Brand,733.0115083448461,42485.05674985564,,
Region_06,2022-10-31,Paid_Search_Brand,658.693335108148,40423.14354972896,,
Region_06,2022-11-07,Paid_Search_Brand,717.8707967110519,39918.542526449775,,
Region_06,2022-11-14,Paid_Search_Brand,775.4537467938443,53014.29439880235,,
Region_06,2022-11-21,Paid_Search_Brand,788.6120361303173,43478.27496933979,,
Region_06,2022-11-28,Paid_Search_Brand,757.1626371725764,57890.23007597486,,
Region_06,2022-12-05,Paid_Search_Brand,797.5764199120865,48977.99450104015,,
Region_06,2022-12-12,Paid_Search_Brand,834.6728442799161,48732.215961806156,,
Region_06,2022-12-19,Paid_Search_Brand,871.3139466857712,46049.97563315792,,
Region_06,2022-12-26,Paid_Search_Brand,932.8529378591547,39072.793470586985,,
Region_06,2023-01-02,Paid_Search_Brand,820.1841355785331,44864.37058085732,,
Region_06,2023-01-09,Paid_Search_Brand,877.089212873455,49603.37043763468,,
Region_06,2023-01-16,Paid_Search_Brand,855.6388066063311,57611.482384840405,,
Region_06,2023-01-23,Paid_Search_Brand,821.1089191945582,39738.045516768754,,
Region_06,2023-01-30,Paid_Search_Brand,795.0881224238383,53445.894946019274,,
Region_06,2023-02-06,Paid_Search_Brand,858.5698762717192,46514.86188758274,,
Region_06,2023-02-13,Paid_Search_Brand,828.9297677377468,49509.73724482146,,
Region_06,2023-02-20,Paid_Search_Brand,849.6711902009273,36616.28329125919,,
Region_06,2023-02-27,Paid_Search_Brand,833.3646537186773,46946.21506915098,,
Region_06,2023-03-06,Paid_Search_Brand,873.1485825830882,46869.2015212047,,
Region_06,2023-03-13,Paid_Search_Brand,709.6659063004118,42210.35153091475,,
Region_06,2023-03-20,Paid_Search_Brand,809.7485517012966,45398.29459496631,,
Region_06,2023-03-27,Paid_Search_Brand,728.8883704004154,36122.82269593459,,
Region_06,2023-04-03,Paid_Search_Brand,709.6501743110131,43341.00316355397,,
Region_06,2023-04-10,Paid_Search_Brand,671.1396612091514,39967.5697993699,,
Region_06,2023-04-17,Paid_Search_Brand,631.3996692417281,37234.811398831465,,
Region_06,2023-04-24,Paid_Search_Brand,672.6802710255546,41338.32000223255,,
Region_06,2023-05-01,Paid_Search_Brand,657.9791508332492,40808.81987229111,,
Region_06,2023-05-08,Paid_Search_Brand,695.3943843081349,38548.84811470739,,
Region_06,2023-05-15,Paid_Search_Brand,629.1749254918715,30516.63100347914,,
Region_06,2023-05-22,Paid_Search_Brand,727.1051008945826,35170.33775427833,,
Region_06,2023-05-29,Paid_Search_Brand,686.2402069291528,43633.75673421551,,
Region_06,2023-06-05,Paid_Search_Brand,668.9572676647142,39900.67213199905,,
Region_06,2023-06-12,Paid_Search_Brand,654.1201005619322,36712.67823718936,,
Region_06,2023-06-19,Paid_Search_Brand,652.0490979033023,34684.1662648507,,
Region_06,2023-06-26,Paid_Search_Brand,641.444584214974,35748.44413602078,,
Region_06,2023-07-03,Paid_Search_Brand,661.0085192440141,36813.85950646803,,
Region_06,2023-07-10,Paid_Search_Brand,679.9697625535922,36525.1367567889,,
Region_06,2023-07-17,Paid_Search_Brand,674.2759513426746,34930.66860425996,,
Region_06,2023-07-24,Paid_Search_Brand,634.3145250595245,43754.95463026258,,
Region_06,2023-07-31,Paid_Search_Brand,672.3233033733685,38214.82643868841,,
Region_06,2023-08-07,Paid_Search_Brand,652.0577277781384,34096.02739681511,,
Region_06,2023-08-14,Paid_Search_Brand,687.8352099883456,33547.80268032503,,
Region_06,2023-08-21,Paid_Search_Brand,749.6123120610405,38730.02080725175,,
Region_06,2023-08-28,Paid_Search_Brand,705.1139246641089,42096.317864294586,,
Region_06,2023-09-04,Paid_Search_Brand,673.3602922326221,40356.28533021384,,
Region_06,2023-09-11,Paid_Search_Brand,631.2031937898099,34309.44624478433,,
Region_06,2023-09-18,Paid_Search_Brand,638.62362659379,35663.03037789418,,
Region_06,2023-09-25,Paid_Search_Brand,631.0658973164444,34005.87437154001,,
Region_06,2023-10-02,Paid_Search_Brand,713.9035740971883,35502.1236236128,,
Region_06,2023-10-09,Paid_Search_Brand,665.6194300725286,42119.67397912496,,
Region_06,2023-10-16,Paid_Search_Brand,698.9895284153343,40307.09606410608,,
Region_06,2023-10-23,Paid_Search_Brand,683.672230390006,48654.40624565787,,
Region_06,2023-10-30,Paid_Search_Brand,721.5217354712084,37165.232592150955,,
Region_06,2023-11-06,Paid_Search_Brand,790.3352555679089,43307.773040486114,,
Region_06,2023-11-13,Paid_Search_Brand,735.9629357541127,44661.195830754514,,
Region_06,2023-11-20,Paid_Search_Brand,778.5581797515694,42206.004218126414,,
Region_06,2023-11-27,Paid_Search_Brand,793.1687566733744,38355.37775290477,,
Region_06,2023-12-04,Paid_Search_Brand,898.0434452461643,45374.92896402871,,
Region_06,2023-12-11,Paid_Search_Brand,844.4250063502767,47387.53306241236,,
Region_06,2023-12-18,Paid_Search_Brand,858.912141191607,49384.25315886024,,
Region_06,2023-12-25,Paid_Search_Brand,855.1196146894151,47059.326365347566,,
Region_01,2021-01-04,Paid_Search_NonBrand,2402.479397159537,167731.58728901405,,
Region_01,2021-01-11,Paid_Search_NonBrand,2358.3059991252017,157075.6946629039,,
Region_01,2021-01-18,Paid_Search_NonBrand,2413.3188441133407,165145.37186484254,,
Region_01,2021-01-25,Paid_Search_NonBrand,2392.822682748542,180244.90827454385,,
Region_01,2021-02-01,Paid_Search_NonBrand,2218.298070137031,188417.5726068234,,
Region_01,2021-02-08,Paid_Search_NonBrand,2210.658902933857,132163.41850566943,,
Region_01,2021-02-15,Paid_Search_NonBrand,2175.970084361379,155143.1276717747,,
Region_01,2021-02-22,Paid_Search_NonBrand,2094.0991445068194,150199.62759575358,,
Region_01,2021-03-01,Paid_Search_NonBrand,2152.614558349929,152473.05860904616,,
Region_01,2021-03-08,Paid_Search_NonBrand,2345.075588404451,164400.32986355698,,
Region_01,2021-03-15,Paid_Search_NonBrand,2281.1899775439497,157489.39624415198,,
Region_01,2021-03-22,Paid_Search_NonBrand,2370.940577431363,187242.3890304761,,
Region_01,2021-03-29,Paid_Search_NonBrand,2147.062883166449,146391.56648409116,,
Region_01,2021-04-05,Paid_Search_NonBrand,2184.4431389264373,154057.71360468608,,
Region_01,2021-04-12,Paid_Search_NonBrand,2188.419106394915,156313.87369048165,,
Region_01,2021-04-19,Paid_Search_NonBrand,2116.0924874412644,152783.01758564686,,
Region_01,2021-04-26,Paid_Search_NonBrand,1928.7700194774318,135435.3054623551,,
Region_01,2021-05-03,Paid_Search_NonBrand,1954.1799079995974,154252.85353127526,,
Region_01,2021-05-10,Paid_Search_NonBrand,1976.2782162850021,141040.27061431014,,
Region_01,2021-05-17,Paid_Search_NonBrand,1865.661775604643,135601.42272387873,,
Region_01,2021-05-24,Paid_Search_NonBrand,2006.8265681124794,142609.09512213976,,
Region_01,2021-05-31,Paid_Search_NonBrand,2064.7744395448103,133408.5864264489,,
Region_01,2021-06-07,Paid_Search_NonBrand,1918.108037952974,126095.62265395472,,
Region_01,2021-06-14,Paid_Search_NonBrand,2172.4685838508244,139708.9534395671,,
Region_01,2021-06-21,Paid_Search_NonBrand,1943.8907683094196,141550.185589224,,
Region_01,2021-06-28,Paid_Search_NonBrand,1956.4448716668423,130122.66664585134,,
Region_01,2021-07-05,Paid_Search_NonBrand,1957.0402819842202,125711.85614086458,,
Region_01,2021-07-12,Paid_Search_NonBrand,1915.558364565521,140122.59156582836,,
Region_01,2021-07-19,Paid_Search_NonBrand,2030.7207257840057,152870.61176121334,,
Region_01,2021-07-26,Paid_Search_NonBrand,1994.8541147400206,119484.65504063974,,
Region_01,2021-08-02,Paid_Search_NonBrand,2169.9543015022673,183528.75165614273,,
Region_01,2021-08-09,Paid_Search_NonBrand,2062.8053850905435,147819.6510260448,,
Region_01,2021-08-16,Paid_Search_NonBrand,2059.8765903136414,145594.78064873297,,
Region_01,2021-08-23,Paid_Search_NonBrand,1987.2314139063055,157924.6292717819,,
Region_01,2021-08-30,Paid_Search_NonBrand,1876.0460456014127,134942.07103820608,,
Region_01,2021-09-06,Paid_Search_NonBrand,2008.6683853106974,135068.770661322,,
Region_01,2021-09-13,Paid_Search_NonBrand,1937.7661088550053,172378.25254284483,,
Region_01,2021-09-20,Paid_Search_NonBrand,2125.1343158176705,136332.03959635604,,
Region_01,2021-09-27,Paid_Search_NonBrand,2028.143720057135,143460.0806760546,,
Region_01,2021-10-04,Paid_Search_NonBrand,2213.939626856071,172119.84199912104,,
Region_01,2021-10-11,Paid_Search_NonBrand,2121.165104371807,136142.062332156,,
Region_01,2021-10-18,Paid_Search_NonBrand,2143.1241098174687,151526.38690997683,,
Region_01,2021-10-25,Paid_Search_NonBrand,2095.7693802014664,155597.9088223868,,
Region_01,2021-11-01,Paid_Search_NonBrand,2118.4153292290866,192391.23971377403,,
Region_01,2021-11-08,Paid_Search_NonBrand,2203.6442274823817,143959.3097239909,,
Region_01,2021-11-15,Paid_Search_NonBrand,2287.0120046113943,162581.26200077165,,
Region_01,2021-11-22,Paid_Search_NonBrand,2172.4951121300533,165744.09304656176,,
Region_01,2021-11-29,Paid_Search_NonBrand,2391.012744001314,172176.3949377313,,
Region_01,2021-12-06,Paid_Search_NonBrand,2763.458004416695,175019.25848524962,,
Region_01,2021-12-13,Paid_Search_NonBrand,2504.030392952197,186310.09019843672,,
Region_01,2021-12-20,Paid_Search_NonBrand,2561.887454278376,184970.65993753937,,
Region_01,2021-12-27,Paid_Search_NonBrand,2560.522783971951,191229.1639592937,,
Region_01,2022-01-03,Paid_Search_NonBrand,2487.1889420890225,198938.89064294336,,
Region_01,2022-01-10,Paid_Search_NonBrand,2824.217488886743,223240.33304238788,,
Region_01,2022-01-17,Paid_Search_NonBrand,2623.407045899945,195185.04536211185,,
Region_01,2022-01-24,Paid_Search_NonBrand,2583.70337070181,190372.05701940856,,
Region_01,2022-01-31,Paid_Search_NonBrand,2700.612795540457,172833.63534185768,,
Region_01,2022-02-07,Paid_Search_NonBrand,2727.9626143797286,192254.78593967145,,
Region_01,2022-02-14,Paid_Search_NonBrand,2354.542937893019,171928.16361324198,,
Region_01,2022-02-21,Paid_Search_NonBrand,2636.078172323033,180889.9248367483,,
Region_01,2022-02-28,Paid_Search_NonBrand,2597.5461386464494,187358.8999017873,,
Region_01,2022-03-07,Paid_Search_NonBrand,2561.094034775088,168443.516852018,,
Region_01,2022-03-14,Paid_Search_NonBrand,2540.990609421862,211597.227649714,,
Region_01,2022-03-21,Paid_Search_NonBrand,2431.942883516615,215421.45141459256,,
Region_01,2022-03-28,Paid_Search_NonBrand,2577.024785566493,177040.5642317975,,
Region_01,2022-04-04,Paid_Search_NonBrand,2397.7127288479096,178261.050870736,,
Region_01,2022-04-11,Paid_Search_NonBrand,2315.733734073551,161581.32983558622,,
Region_01,2022-04-18,Paid_Search_NonBrand,2380.839762081024,192951.20268760662,,
Region_01,2022-04-25,Paid_Search_NonBrand,2309.855161950567,172325.03995080298,,
Region_01,2022-05-02,Paid_Search_NonBrand,2241.282232369331,161334.43191511984,,
Region_01,2022-05-09,Paid_Search_NonBrand,2215.9992718801427,154784.69540218433,,
Region_01,2022-05-16,Paid_Search_NonBrand,2375.2937763997347,171817.31826725195,,
Region_01,2022-05-23,Paid_Search_NonBrand,2231.191158493585,144199.31716416398,,
Region_01,2022-05-30,Paid_Search_NonBrand,2166.9974596560905,165603.06475984654,,
Region_01,2022-06-06,Paid_Search_NonBrand,2088.2564990816336,138882.46023328963,,
Region_01,2022-06-13,Paid_Search_NonBrand,2146.0622635213476,161712.61765981367,,
Region_01,2022-06-20,Paid_Search_NonBrand,2075.361819346878,150174.35300453054,,
Region_01,2022-06-27,Paid_Search_NonBrand,2203.0611292008934,175570.39570147675,,
Region_01,2022-07-04,Paid_Search_NonBrand,2223.7236482919484,158567.72298324868,,
Region_01,2022-07-11,Paid_Search_NonBrand,1985.097679701276,157067.11056285413,,
Region_01,2022-07-18,Paid_Search_NonBrand,2205.5836672764035,143660.78368561965,,
Region_01,2022-07-25,Paid_Search_NonBrand,2280.5166612693793,173130.29202879392,,
Region_01,2022-08-01,Paid_Search_NonBrand,2230.304309075668,155777.13042986815,,
Region_01,2022-08-08,Paid_Search_NonBrand,2112.6437958127894,153862.58311014166,,
Region_01,2022-08-15,Paid_Search_NonBrand,2365.453556583712,170177.6148141792,,
Region_01,2022-08-22,Paid_Search_NonBrand,2148.072477966885,168493.6358582625,,
Region_01,2022-08-29,Paid_Search_NonBrand,2095.5822424243697,122311.14097173998,,
Region_01,2022-09-05,Paid_Search_NonBrand,2115.0584088028836,156036.2812176641,,
Region_01,2022-09-12,Paid_Search_NonBrand,2235.1286307350406,137489.405688043,,
Region_01,2022-09-19,Paid_Search_NonBrand,2354.114183272468,189719.02209794818,,
Region_01,2022-09-26,Paid_Search_NonBrand,2380.950526634031,139619.85650690953,,
Region_01,2022-10-03,Paid_Search_NonBrand,2275.8500307915747,147035.40285132636,,
Region_01,2022-10-10,Paid_Search_NonBrand,2129.1028155053436,128639.08731193646,,
Region_01,2022-10-17,Paid_Search_NonBrand,2198.1852349847914,184981.1052427989,,
Region_01,2022-10-24,Paid_Search_NonBrand,2188.652633842543,137425.8111048348,,
Region_01,2022-10-31,Paid_Search_NonBrand,2295.3930392911616,165835.0280995408,,
Region_01,2022-11-07,Paid_Search_NonBrand,2155.7440258576166,145948.61439380472,,
Region_01,2022-11-14,Paid_Search_NonBrand,2425.0849639974663,144689.23989619507,,
Region_01,2022-11-21,Paid_Search_NonBrand,2566.799202589721,177261.99326194674,,
Region_01,2022-11-28,Paid_Search_NonBrand,2556.0402011303836,195084.09831185013,,
Region_01,2022-12-05,Paid_Search_NonBrand,2737.514503931681,191966.6215486976,,
Region_01,2022-12-12,Paid_Search_NonBrand,2648.1982003888484,207822.7250883725,,
Region_01,2022-12-19,Paid_Search_NonBrand,2661.8419698196285,183373.27430861694,,
Region_01,2022-12-26,Paid_Search_NonBrand,2832.129329988648,202433.74293003394,,
Region_01,2023-01-02,Paid_Search_NonBrand,3124.5632551183685,214758.16670257357,,
Region_01,2023-01-09,Paid_Search_NonBrand,3089.343785250206,228380.5876362694,,
Region_01,2023-01-16,Paid_Search_NonBrand,2818.1224914028153,243388.76219814556,,
Region_01,2023-01-23,Paid_Search_NonBrand,2979.438103762501,220667.43194524286,,
Region_01,2023-01-30,Paid_Search_NonBrand,2670.089463291655,194465.36096565065,,
Region_01,2023-02-06,Paid_Search_NonBrand,2859.444353144679,191997.77955873526,,
Region_01,2023-02-13,Paid_Search_NonBrand,2777.8012469103824,183976.78987973172,,
Region_01,2023-02-20,Paid_Search_NonBrand,2692.6871528556317,222659.68199980163,,
Region_01,2023-02-27,Paid_Search_NonBrand,2885.0180596895807,184381.1834618962,,
Region_01,2023-03-06,Paid_Search_NonBrand,2658.9505581435574,173350.4525210989,,
Region_01,2023-03-13,Paid_Search_NonBrand,2605.945630733796,184333.83767971452,,
Region_01,2023-03-20,Paid_Search_NonBrand,2491.9501170944995,170567.73484579442,,
Region_01,2023-03-27,Paid_Search_NonBrand,2652.891608844006,230434.59578478496,,
Region_01,2023-04-03,Paid_Search_NonBrand,2551.033885841635,143821.5764838391,,
Region_01,2023-04-10,Paid_Search_NonBrand,2493.826227961872,184685.12182611186,,
Region_01,2023-04-17,Paid_Search_NonBrand,2409.968610225157,184857.03033214723,,
Region_01,2023-04-24,Paid_Search_NonBrand,2609.2832126777953,166621.39512302837,,
Region_01,2023-05-01,Paid_Search_NonBrand,2357.2729569716525,157865.8561738198,,
Region_01,2023-05-08,Paid_Search_NonBrand,2310.95246666195,172365.75621372196,,
Region_01,2023-05-15,Paid_Search_NonBrand,2544.506734151403,213916.5686680888,,
Region_01,2023-05-22,Paid_Search_NonBrand,2565.7378899463374,167150.18601573375,,
Region_01,2023-05-29,Paid_Search_NonBrand,2432.032736000495,148339.43802674484,,
Region_01,2023-06-05,Paid_Search_NonBrand,2194.5263758353553,172761.3489848189,,
Region_01,2023-06-12,Paid_Search_NonBrand,2326.7223444428782,193549.410893941,,
Region_01,2023-06-19,Paid_Search_NonBrand,2476.1578733113515,171040.93339837197,,
Region_01,2023-06-26,Paid_Search_NonBrand,2407.587647776477,137819.45645196544,,
Region_01,2023-07-03,Paid_Search_NonBrand,2604.2418229620707,215083.42632362762,,
Region_01,2023-07-10,Paid_Search_NonBrand,2254.205569854315,157849.5752518044,,
Region_01,2023-07-17,Paid_Search_NonBrand,2501.1946585618275,199907.79959781325,,
Region_01,2023-07-24,Paid_Search_NonBrand,2347.150688936702,166926.21398719784,,
Region_01,2023-07-31,Paid_Search_NonBrand,2591.9427889191284,178313.10124227992,,
Region_01,2023-08-07,Paid_Search_NonBrand,2421.0443832617516,165290.69159660334,,
Region_01,2023-08-14,Paid_Search_NonBrand,2563.0143845986154,212135.77354627082,,
Region_01,2023-08-21,Paid_Search_NonBrand,2360.7304876215653,194632.69694993156,,
Region_01,2023-08-28,Paid_Search_NonBrand,2276.34424329757,131299.86348211882,,
Region_01,2023-09-04,Paid_Search_NonBrand,2314.5990030465923,150552.0553274789,,
Region_01,2023-09-11,Paid_Search_NonBrand,2377.776964808653,202871.30955970866,,
Region_01,2023-09-18,Paid_Search_NonBrand,2332.8626935640355,160623.76088000095,,
Region_01,2023-09-25,Paid_Search_NonBrand,2612.7541536768717,162886.8039498628,,
Region_01,2023-10-02,Paid_Search_NonBrand,2637.461110856649,188474.2281956309,,
Region_01,2023-10-09,Paid_Search_NonBrand,2509.0006218705307,177282.72682261735,,
Region_01,2023-10-16,Paid_Search_NonBrand,2361.8824564533907,167071.58912567134,,
Region_01,2023-10-23,Paid_Search_NonBrand,2491.2888563667525,169616.81281580025,,
Region_01,2023-10-30,Paid_Search_NonBrand,2449.583603517578,169628.08450637507,,
Region_01,2023-11-06,Paid_Search_NonBrand,2772.6046819411467,189216.97464287147,,
Region_01,2023-11-13,Paid_Search_NonBrand,2681.0228303329054,198003.95175140147,,
Region_01,2023-11-20,Paid_Search_NonBrand,2786.594456628622,183505.4170967269,,
Region_01,2023-11-27,Paid_Search_NonBrand,2761.3473344286526,191608.1200303382,,
Region_01,2023-12-04,Paid_Search_NonBrand,2646.1872807240347,186309.71099129977,,
Region_01,2023-12-11,Paid_Search_NonBrand,2920.473318193341,237701.9881434762,,
Region_01,2023-12-18,Paid_Search_NonBrand,2960.2278238860868,219489.69760625277,,
Region_01,2023-12-25,Paid_Search_NonBrand,3256.2798364981873,230053.8266993144,,
Region_02,2021-01-04,Paid_Search_NonBrand,2399.7798451389904,180854.66417956102,,
Region_02,2021-01-11,Paid_Search_NonBrand,2355.6560826545206,175235.19763788045,,
Region_02,2021-01-18,Paid_Search_NonBrand,2410.6071123209467,191974.02273705445,,
Region_02,2021-01-25,Paid_Search_NonBrand,2390.133981519445,179593.99038414707,,
Region_02,2021-02-01,Paid_Search_NonBrand,2215.805473928093,189370.42194631376,,
Region_02,2021-02-08,Paid_Search_NonBrand,2208.1748904943706,180426.95003877365,,
Region_02,2021-02-15,Paid_Search_NonBrand,2173.525050100178,154616.53827864368,,
Region_02,2021-02-22,Paid_Search_NonBrand,2091.7461047332167,143343.83132886773,,
Region_02,2021-03-01,Paid_Search_NonBrand,2150.1957675843055,167756.3144875631,,
Region_02,2021-03-08,Paid_Search_NonBrand,2342.4405383180715,176188.45752599975,,
Region_02,2021-03-15,Paid_Search_NonBrand,2278.626712684984,161227.11051007014,,
Region_02,2021-03-22,Paid_Search_NonBrand,2368.2764640849728,145935.57489153752,,
Region_02,2021-03-29,Paid_Search_NonBrand,2144.650330554616,127540.8988130896,,
Region_02,2021-04-05,Paid_Search_NonBrand,2181.988583896151,161379.77850098448,,
Region_02,2021-04-12,Paid_Search_NonBrand,2185.9600837587773,168651.98064522253,,
Region_02,2021-04-19,Paid_Search_NonBrand,2113.7147347925265,163610.47249904345,,
Region_02,2021-04-26,Paid_Search_NonBrand,1926.6027521912254,120993.76228245368,,
Region_02,2021-05-03,Paid_Search_NonBrand,1951.984088828208,154667.65758757156,,
Region_02,2021-05-10,Paid_Search_NonBrand,1974.0575662938966,133669.8990349472,,
Region_02,2021-05-17,Paid_Search_NonBrand,1863.5654200554782,138383.89168885245,,
Region_02,2021-05-24,Paid_Search_NonBrand,2004.5715923889668,149276.07667924874,,
Region_02,2021-05-31,Paid_Search_NonBrand,2062.454350549735,135957.99962122593,,
Region_02,2021-06-07,Paid_Search_NonBrand,1915.9527510291384,128995.87969447898,,
Region_02,2021-06-14,Paid_Search_NonBrand,2170.0274840594834,125981.177135925,,
Region_02,2021-06-21,Paid_Search_NonBrand,1941.7065105557363,126544.13313020693,,
Region_02,2021-06-28,Paid_Search_NonBrand,1954.2465074633283,116564.92855611144,,
Region_02,2021-07-05,Paid_Search_NonBrand,1954.8412487464045,145873.9146006633,,
Region_02,2021-07-12,Paid_Search_NonBrand,1913.4059425886037,137513.83235666848,,
Region_02,2021-07-19,Paid_Search_NonBrand,2028.4389013300952,158756.1916229771,,
Region_02,2021-07-26,Paid_Search_NonBrand,1992.612591893869,147495.6686734438,,
Region_02,2021-08-02,Paid_Search_NonBrand,2167.5160268906143,145300.49848981923,,
Region_02,2021-08-09,Paid_Search_NonBrand,2060.487508628461,152362.2128635342,,
Region_02,2021-08-16,Paid_Search_NonBrand,2057.56200479918,141341.25677741505,,
Region_02,2021-08-23,Paid_Search_NonBrand,1984.9984563271287,150689.62455184083,,
Region_02,2021-08-30,Paid_Search_NonBrand,1873.9380217411335,138141.338975978,,
Region_02,2021-09-06,Paid_Search_NonBrand,2006.4113400246551,129825.12465288269,,
Region_02,2021-09-13,Paid_Search_NonBrand,1935.5887330903304,138286.74509126766,,
Region_02,2021-09-20,Paid_Search_NonBrand,2122.746403295723,152466.06970847026,,
Region_02,2021-09-27,Paid_Search_NonBrand,2025.864791262194,140319.71828349985,,
Region_02,2021-10-04,Paid_Search_NonBrand,2211.4519280228933,172748.69144734374,,
Region_02,2021-10-11,Paid_Search_NonBrand,2118.7816518642894,179620.1368996715,,
Region_02,2021-10-18,Paid_Search_NonBrand,2140.715983018222,147387.46311483177,,
Region_02,2021-10-25,Paid_Search_NonBrand,2093.4144636633223,144376.51123476698,,
Region_02,2021-11-01,Paid_Search_NonBrand,2116.0349665133285,120715.39531953364,,
Region_02,2021-11-08,Paid_Search_NonBrand,2201.1680971006194,155212.35031726054,,
Region_02,2021-11-15,Paid_Search_NonBrand,2284.442197817063,156210.04738020708,,
Region_02,2021-11-22,Paid_Search_NonBrand,2170.0539825301444,124877.35287049817,,
Region_02,2021-11-29,Paid_Search_NonBrand,2388.3260765144446,175587.94885378025,,
Region_02,2021-12-06,Paid_Search_NonBrand,2760.3528378756882,209172.18850441198,,
Region_02,2021-12-13,Paid_Search_NonBrand,2501.2167328996716,166012.74828166107,,
Region_02,2021-12-20,Paid_Search_NonBrand,2559.008782993292,176100.82596516365,,
Region_02,2021-12-27,Paid_Search_NonBrand,2557.645646102091,165858.78506523065,,
Region_02,2022-01-03,Paid_Search_NonBrand,2484.394205975141,191517.8491676586,,
Region_02,2022-01-10,Paid_Search_NonBrand,2821.044049798108,173133.0886125015,,
Region_02,2022-01-17,Paid_Search_NonBrand,2620.459247970919,181403.06034166267,,
Region_02,2022-01-24,Paid_Search_NonBrand,2580.800185907336,224057.93718734934,,
Region_02,2022-01-31,Paid_Search_NonBrand,2697.5782451765563,193680.7465256346,,
Region_02,2022-02-07,Paid_Search_NonBrand,2724.8973323230625,203959.58994591504,,
Region_02,2022-02-14,Paid_Search_NonBrand,2351.8972497955615,165546.95646574406,,
Region_02,2022-02-21,Paid_Search_NonBrand,2633.1161364509144,167238.90354129564,,
Region_02,2022-02-28,Paid_Search_NonBrand,2594.627399390939,184726.01787988326,,
Region_02,2022-03-07,Paid_Search_NonBrand,2558.216255017826,190310.23516734442,,
Region_02,2022-03-14,Paid_Search_NonBrand,2538.1354189290882,163671.85018359698,,
Region_02,2022-03-21,Paid_Search_NonBrand,2429.210224775478,179544.93935631658,,
Region_02,2022-03-28,Paid_Search_NonBrand,2574.1291051810135,208241.8651953052,,
Region_02,2022-04-04,Paid_Search_NonBrand,2395.0185329062074,190386.81261243028,,
Region_02,2022-04-11,Paid_Search_NonBrand,2313.13165403563,141037.4872647217,,
Region_02,2022-04-18,Paid_Search_NonBrand,2378.164525490891,154084.1640350364,,
Region_02,2022-04-25,Paid_Search_NonBrand,2307.2596873850057,140244.952573098,,
Region_02,2022-05-02,Paid_Search_NonBrand,2238.76380994866,177991.76994558124,,
Region_02,2022-05-09,Paid_Search_NonBrand,2213.509258721651,168058.14831976293,,
Region_02,2022-05-16,Paid_Search_NonBrand,2372.624771570369,181818.48355772026,,
Region_02,2022-05-23,Paid_Search_NonBrand,2228.684074933469,145805.60022750587,,
Region_02,2022-05-30,Paid_Search_NonBrand,2164.562507507219,137586.06098501696,,
Region_02,2022-06-06,Paid_Search_NonBrand,2085.910024411266,150143.86660442944,,
Region_02,2022-06-13,Paid_Search_NonBrand,2143.650835258297,154671.99108954277,,
Region_02,2022-06-20,Paid_Search_NonBrand,2073.0298338158445,135949.54622043142,,
Region_02,2022-06-27,Paid_Search_NonBrand,2200.585654018982,159435.439014396,,
Region_02,2022-07-04,Paid_Search_NonBrand,2221.2249556184624,169222.3583443624,,
Region_02,2022-07-11,Paid_Search_NonBrand,1982.8671196979085,144899.92978986225,,
Region_02,2022-07-18,Paid_Search_NonBrand,2203.105357638236,141829.81983189302,,
Region_02,2022-07-25,Paid_Search_NonBrand,2277.95415298394,131724.08529791294,,
Region_02,2022-08-01,Paid_Search_NonBrand,2227.798222026132,155061.79393269983,,
Region_02,2022-08-08,Paid_Search_NonBrand,2110.2699182950787,153231.41624168737,,
Region_02,2022-08-15,Paid_Search_NonBrand,2362.7956087421057,164438.2413676485,,
Region_02,2022-08-22,Paid_Search_NonBrand,2145.658790921314,146835.00913169165,,
Region_02,2022-08-29,Paid_Search_NonBrand,2093.2275361640595,139527.3417429837,,
Region_02,2022-09-05,Paid_Search_NonBrand,2112.68181809921,162101.04815414458,,
Region_02,2022-09-12,Paid_Search_NonBrand,2232.6171228243315,158639.6021881667,,
Region_02,2022-09-19,Paid_Search_NonBrand,2351.468976946219,170044.51170589458,,
Region_02,2022-09-26,Paid_Search_NonBrand,2378.2751655830293,154149.21964216733,,
Region_02,2022-10-03,Paid_Search_NonBrand,2273.292766177215,152609.91953903149,,
Region_02,2022-10-10,Paid_Search_NonBrand,2126.7104437687353,154416.5980524499,,
Region_02,2022-10-17,Paid_Search_NonBrand,2195.7152386136863,141834.94299232803,,
Region_02,2022-10-24,Paid_Search_NonBrand,2186.1933488027007,137679.68807714124,,
Region_02,2022-10-31,Paid_Search_NonBrand,2292.813815126121,158469.58033318038,,
Region_02,2022-11-07,Paid_Search_NonBrand,2153.3217186579523,173435.65428433655,,
Region_02,2022-11-14,Paid_Search_NonBrand,2422.3600111748547,176361.41845006074,,
Region_02,2022-11-21,Paid_Search_NonBrand,2563.915012206286,211916.70406978912,,
Region_02,2022-11-28,Paid_Search_NonBrand,2553.1681001260135,179986.28692409198,,
Region_02,2022-12-05,Paid_Search_NonBrand,2734.438488870282,189353.85672280187,,
Region_02,2022-12-12,Paid_Search_NonBrand,2645.2225458166927,164387.98745992218,,
Region_02,2022-12-19,Paid_Search_NonBrand,2658.8509843916177,179283.71722192425,,
Region_02,2022-12-26,Paid_Search_NonBrand,2828.9470007398486,233252.34212778183,,
Region_02,2023-01-02,Paid_Search_NonBrand,3121.0523317536763,230355.3709048048,,
Region_02,2023-01-09,Paid_Search_NonBrand,3085.8724363314627,237185.9603823108,,
Region_02,2023-01-16,Paid_Search_NonBrand,2814.9559009734417,215757.3352705944,,
Region_02,2023-01-23,Paid_Search_NonBrand,2976.0902506393427,212375.05692597295,,
Region_02,2023-01-30,Paid_Search_NonBrand,2667.0892105468492,186644.37067688326,,
Region_02,2023-02-06,Paid_Search_NonBrand,2856.231331301371,206462.6132219668,,
Region_02,2023-02-13,Paid_Search_NonBrand,2774.679963548853,211952.79197673392,,
Region_02,2023-02-20,Paid_Search_NonBrand,2689.661508160079,201119.63359469819,,
Region_02,2023-02-27,Paid_Search_NonBrand,2881.776301886556,216221.21909284088,,
Region_02,2023-03-06,Paid_Search_NonBrand,2655.9628216575525,192658.5787959119,,
Region_02,2023-03-13,Paid_Search_NonBrand,2603.0174533678637,172151.66965657935,,
Region_02,2023-03-20,Paid_Search_NonBrand,2489.150031074342,173205.6655304665,,
Region_02,2023-03-27,Paid_Search_NonBrand,2649.910680511629,172272.68093003915,,
Region_02,2023-04-03,Paid_Search_NonBrand,2548.1674101960384,201248.03938469442,,
Region_02,2023-04-10,Paid_Search_NonBrand,2491.024033845017,144198.0125431889,,
Region_02,2023-04-17,Paid_Search_NonBrand,2407.2606429315024,168241.5923587424,,
Region_02,2023-04-24,Paid_Search_NonBrand,2606.3512850295124,236363.38105577874,,
Region_02,2023-05-01,Paid_Search_NonBrand,2354.6242012813873,162540.24526094823,,
Region_02,2023-05-08,Paid_Search_NonBrand,2308.3557591071885,147194.51828373264,,
Region_02,2023-05-15,Paid_Search_NonBrand,2541.647592756229,181220.58441907304,,
Region_02,2023-05-22,Paid_Search_NonBrand,2562.8548921095253,208253.77645875383,,
Region_02,2023-05-29,Paid_Search_NonBrand,2429.2999762963877,170759.4853222287,,
Region_02,2023-06-05,Paid_Search_NonBrand,2192.0604907505417,166479.93543934159,,
Region_02,2023-06-12,Paid_Search_NonBrand,2324.1079170252624,167675.32530399392,,
Region_02,2023-06-19,Paid_Search_NonBrand,2473.375532285663,170203.44777192478,,
Region_02,2023-06-26,Paid_Search_NonBrand,2404.8823558572703,235386.23575833003,,
Region_02,2023-07-03,Paid_Search_NonBrand,2601.3155600840296,187135.0062340541,,
Region_02,2023-07-10,Paid_Search_NonBrand,2251.6726260929568,152422.38335130806,,
Region_02,2023-07-17,Paid_Search_NonBrand,2498.384184889386,169922.73152113552,,
Region_02,2023-07-24,Paid_Search_NonBrand,2344.5133071583873,173961.36505508245,,
Region_02,2023-07-31,Paid_Search_NonBrand,2589.0303458816397,192655.4020079899,,
Region_02,2023-08-07,Paid_Search_NonBrand,2418.323970647852,186601.22193128153,,
Region_02,2023-08-14,Paid_Search_NonBrand,2560.134447035441,185466.10225038315,,
Region_02,2023-08-21,Paid_Search_NonBrand,2358.077846868284,145967.34727310293,,
Region_02,2023-08-28,Paid_Search_NonBrand,2273.7864233600844,171286.33245402764,,
Region_02,2023-09-04,Paid_Search_NonBrand,2311.998198052045,160118.43928117136,,
Region_02,2023-09-11,Paid_Search_NonBrand,2375.105169738382,164865.4441984318,,
Region_02,2023-09-18,Paid_Search_NonBrand,2330.2413665276777,143506.27429441505,,
Region_02,2023-09-25,Paid_Search_NonBrand,2609.8183258970007,176025.01000930424,,
Region_02,2023-10-02,Paid_Search_NonBrand,2634.4975210421667,174986.10970247106,,
Region_02,2023-10-09,Paid_Search_NonBrand,2506.1813770077733,178361.39411270787,,
Region_02,2023-10-16,Paid_Search_NonBrand,2359.228521287433,145720.54505850334,,
Region_02,2023-10-23,Paid_Search_NonBrand,2488.489513373876,178651.947194099,,
Region_02,2023-10-30,Paid_Search_NonBrand,2446.8311227370177,176960.28281559134,,
Region_02,2023-11-06,Paid_Search_NonBrand,2769.4892377129217,176864.5307741802,,
Region_02,2023-11-13,Paid_Search_NonBrand,2678.010292282709,179703.16445164406,,
Region_02,2023-11-20,Paid_Search_NonBrand,2783.463292754864,182479.62703844576,,
Region_02,2023-11-27,Paid_Search_NonBrand,2758.244539547289,215735.6551772687,,
Region_02,2023-12-04,Paid_Search_NonBrand,2643.213885726821,146623.35930727923,,
Region_02,2023-12-11,Paid_Search_NonBrand,2917.191720999874,201338.36008057685,,
Region_02,2023-12-18,Paid_Search_NonBrand,2956.9015564422543,178892.88568989048,,
Region_02,2023-12-25,Paid_Search_NonBrand,3252.6209094653577,222514.41690699087,,
Region_03,2021-01-04,Paid_Search_NonBrand,1848.2710718265496,143684.89595134466,,
Region_03,2021-01-11,Paid_Search_NonBrand,1814.287673747186,121672.10296907634,,
Region_03,2021-01-18,Paid_Search_NonBrand,1856.6100554045152,134463.00215005514,,
Region_03,2021-01-25,Paid_Search_NonBrand,1840.8419858931447,120837.121602009,,
Region_03,2021-02-01,Paid_Search_NonBrand,1706.5770289520094,147988.68779079535,,
Region_03,2021-02-08,Paid_Search_NonBrand,1700.7000787599845,133094.25475614614,,
Region_03,2021-02-15,Paid_Search_NonBrand,1674.0133400686336,133839.46094041356,,
Region_03,2021-02-22,Paid_Search_NonBrand,1611.0285378117069,100761.12577081785,,
Region_03,2021-03-01,Paid_Search_NonBrand,1656.0455093578719,105955.8607501533,,
Region_03,2021-03-08,Paid_Search_NonBrand,1804.1092782810447,143558.22463261103,,
Region_03,2021-03-15,Paid_Search_NonBrand,1754.960916551476,122941.38759560614,,
Region_03,2021-03-22,Paid_Search_NonBrand,1824.0076845059114,126968.85864627027,,
Region_03,2021-03-29,Paid_Search_NonBrand,1651.7745047224378,121988.45974769925,,
Region_03,2021-04-05,Paid_Search_NonBrand,1680.531814966325,105878.32393947597,,
Region_03,2021-04-12,Paid_Search_NonBrand,1683.5905990138385,129919.28967997941,,
Region_03,2021-04-19,Paid_Search_NonBrand,1627.9484163199497,116495.29983248211,,
Region_03,2021-04-26,Paid_Search_NonBrand,1483.837836620474,111191.48756171913,,
Region_03,2021-05-03,Paid_Search_NonBrand,1503.3861257543508,100419.51177035915,,
Region_03,2021-05-10,Paid_Search_NonBrand,1520.3867560151173,114318.18794777186,,
Region_03,2021-05-17,Paid_Search_NonBrand,1435.2875174453104,95542.86320390002,,
Region_03,2021-05-24,Paid_Search_NonBrand,1543.888158375304,121321.01168326424,,
Region_03,2021-05-31,Paid_Search_NonBrand,1588.4685092282318,127031.22449303382,,
Region_03,2021-06-07,Paid_Search_NonBrand,1475.6353804232208,115465.89149539384,,
Region_03,2021-06-14,Paid_Search_NonBrand,1671.3195720765768,125707.50170985861,,
Region_03,2021-06-21,Paid_Search_NonBrand,1495.4705035576226,113808.8686160051,,
Region_03,2021-06-28,Paid_Search_NonBrand,1505.1286034754319,82021.67611704308,,
Region_03,2021-07-05,Paid_Search_NonBrand,1505.586663455791,116905.86073148456,,
Region_03,2021-07-12,Paid_Search_NonBrand,1473.6738703390108,102416.97575796013,,
Region_03,2021-07-19,Paid_Search_NonBrand,1562.270368213257,112655.2844548761,,
Region_03,2021-07-26,Paid_Search_NonBrand,1534.6775323639968,106553.5437973331,,
Region_03,2021-08-02,Paid_Search_NonBrand,1669.3852889619177,103755.76421139413,,
Region_03,2021-08-09,Paid_Search_NonBrand,1586.9536798436486,107409.73995337254,,
Region_03,2021-08-16,Paid_Search_NonBrand,1584.7005047829737,120897.95770557059,,
Region_03,2021-08-23,Paid_Search_NonBrand,1528.8132500493177,125829.35824282205,,
Region_03,2021-08-30,Paid_Search_NonBrand,1443.2763251161514,96865.31208341835,,
Region_03,2021-09-06,Paid_Search_NonBrand,1545.305101825926,100838.69577821023,,
Region_03,2021-09-13,Paid_Search_NonBrand,1490.7586917070125,123119.98373791494,,
Region_03,2021-09-20,Paid_Search_NonBrand,1634.9044592497205,106914.06573986044,,
Region_03,2021-09-27,Paid_Search_NonBrand,1560.2878308634931,137130.33948866415,,
Region_03,2021-10-04,Paid_Search_NonBrand,1703.2239993094158,122276.605779068,,
Region_03,2021-10-11,Paid_Search_NonBrand,1631.8508727332132,106705.41654259758,,
Region_03,2021-10-18,Paid_Search_NonBrand,1648.7443347871579,129949.47213970356,,
Region_03,2021-10-25,Paid_Search_NonBrand,1612.3134804926715,136415.16614578365,,
Region_03,2021-11-01,Paid_Search_NonBrand,1629.7354207312833,100850.6664697392,,
Region_03,2021-11-08,Paid_Search_NonBrand,1695.3035614243759,141522.11226642915,,
Region_03,2021-11-15,Paid_Search_NonBrand,1759.4399078056247,122187.03621602367,,
Region_03,2021-11-22,Paid_Search_NonBrand,1671.3399807640112,138511.94869080654,,
Region_03,2021-11-29,Paid_Search_NonBrand,1839.449567114347,126484.26140780594,,
Region_03,2021-12-06,Paid_Search_NonBrand,2125.9784761566184,129698.27473726256,,
Region_03,2021-12-13,Paid_Search_NonBrand,1926.396098855154,144683.06789783077,,
Region_03,2021-12-20,Paid_Search_NonBrand,1970.906587842698,154446.7525076434,,
Region_03,2021-12-27,Paid_Search_NonBrand,1969.856722169374,173513.43741281563,,
Region_03,2022-01-03,Paid_Search_NonBrand,1913.4396645669779,162383.40171317066,,
Region_03,2022-01-10,Paid_Search_NonBrand,2172.7218520281685,166368.10720174783,,
Region_03,2022-01-17,Paid_Search_NonBrand,2018.2347279629266,140773.25167801205,,
Region_03,2022-01-24,Paid_Search_NonBrand,1987.6899689108109,134774.89349841632,,
Region_03,2022-01-31,Paid_Search_NonBrand,2077.630514585677,144090.08921296094,,
Region_03,2022-02-07,Paid_Search_NonBrand,2098.6712273760086,137952.4585135696,,
Region_03,2022-02-14,Paid_Search_NonBrand,1811.392682337404,125881.2161675345,,
Region_03,2022-02-21,Paid_Search_NonBrand,2027.9828558523648,112312.68805699157,,
Region_03,2022-02-28,Paid_Search_NonBrand,1998.3394619205467,145314.64000927986,,
Region_03,2022-03-07,Paid_Search_NonBrand,1970.2961957962632,140328.81173397144,,
Region_03,2022-03-14,Paid_Search_NonBrand,1954.8302652376399,180474.36708349388,,
Region_03,2022-03-21,Paid_Search_NonBrand,1870.9378674599807,144172.70006531064,,
Region_03,2022-03-28,Paid_Search_NonBrand,1982.552011964778,134971.1207975916,,
Region_03,2022-04-04,Paid_Search_NonBrand,1844.6039872472652,139412.33793804902,,
Region_03,2022-04-11,Paid_Search_NonBrand,1781.5360563763454,112572.48022204876,,
Region_03,2022-04-18,Paid_Search_NonBrand,1831.623307201477,123178.11353142007,,
Region_03,2022-04-25,Paid_Search_NonBrand,1777.0135639831103,105306.2382761654,,
Region_03,2022-05-02,Paid_Search_NonBrand,1724.2591627569252,142183.9140590136,,
Region_03,2022-05-09,Paid_Search_NonBrand,1704.80852166608,129215.91266527686,,
Region_03,2022-05-16,Paid_Search_NonBrand,1827.3566796035004,116048.70885877723,,
Region_03,2022-05-23,Paid_Search_NonBrand,1716.495916191624,121867.47039868981,,
Region_03,2022-05-30,Paid_Search_NonBrand,1667.1105367810183,130943.59782690571,,
Region_03,2022-06-06,Paid_Search_NonBrand,1606.5336844801536,120576.89407205043,,
Region_03,2022-06-13,Paid_Search_NonBrand,1651.00470984048,122524.33590540818,,
Region_03,2022-06-20,Paid_Search_NonBrand,1596.6135729643609,104668.54053570399,,
Region_03,2022-06-27,Paid_Search_NonBrand,1694.854973317031,113587.17624020917,,
Region_03,2022-07-04,Paid_Search_NonBrand,1710.7510248512142,123364.77959592766,,
Region_03,2022-07-11,Paid_Search_NonBrand,1527.171729538971,119598.58168106819,,
Region_03,2022-07-18,Paid_Search_NonBrand,1696.7956077125057,111558.9104629071,,
Region_03,2022-07-25,Paid_Search_NonBrand,1754.4429221020962,112023.57376824784,,
Region_03,2022-08-01,Paid_Search_NonBrand,1715.8136468135222,137412.63579704255,,
Region_03,2022-08-08,Paid_Search_NonBrand,1625.2952751608218,105779.4454552029,,
Region_03,2022-08-15,Paid_Search_NonBrand,1819.7864196262985,144768.11595400464,,
Region_03,2022-08-22,Paid_Search_NonBrand,1652.5512043545423,120943.52653798119,,
Region_03,2022-08-29,Paid_Search_NonBrand,1612.1695119990134,125761.02468871625,,
Region_03,2022-09-05,Paid_Search_NonBrand,1627.1528808262542,138375.0506960955,,
Region_03,2022-09-12,Paid_Search_NonBrand,1719.5250851612338,131579.65937714904,,
Region_03,2022-09-19,Paid_Search_NonBrand,1811.062833614034,139800.30515555068,,
Region_03,2022-09-26,Paid_Search_NonBrand,1831.7085203855524,119362.32150513025,,
Region_03,2022-10-03,Paid_Search_NonBrand,1750.8527984468305,116662.17486043058,,
Region_03,2022-10-10,Paid_Search_NonBrand,1637.9574981977137,124778.80869771543,,
Region_03,2022-10-17,Paid_Search_NonBrand,1691.1038592639563,140823.24448592126,,
Region_03,2022-10-24,Paid_Search_NonBrand,1683.7702559242946,138233.410322692,,
Region_03,2022-10-31,Paid_Search_NonBrand,1765.88759013285,159018.0855963686,,
Region_03,2022-11-07,Paid_Search_NonBrand,1658.453065598112,122201.62033262645,,
Region_03,2022-11-14,Paid_Search_NonBrand,1865.661945312576,135991.4812284336,,
Region_03,2022-11-21,Paid_Search_NonBrand,1974.6852851029887,155979.90286422407,,
Region_03,2022-11-28,Paid_Search_NonBrand,1966.4081897062315,140723.63684391032,,
Region_03,2022-12-05,Paid_Search_NonBrand,2106.0196696398743,149493.19397788966,,
Region_03,2022-12-12,Paid_Search_NonBrand,2037.3070137578422,131051.49055467192,,
Region_03,2022-12-19,Paid_Search_NonBrand,2047.8034135935275,161513.3298114242,,
Region_03,2022-12-26,Paid_Search_NonBrand,2178.8085752070765,139808.88383059137,,
Region_03,2023-01-02,Paid_Search_NonBrand,2403.7833095906412,180723.4267650384,,
Region_03,2023-01-09,Paid_Search_NonBrand,2376.688331211491,147302.54283768748,,
Region_03,2023-01-16,Paid_Search_NonBrand,2168.032859670641,172802.93666433368,,
Region_03,2023-01-23,Paid_Search_NonBrand,2292.1358926085727,147717.43916592989,,
Region_03,2023-01-30,Paid_Search_NonBrand,2054.1483602421636,159637.80111590732,,
Region_03,2023-02-06,Paid_Search_NonBrand,2199.8225190457847,134040.37847163723,,
Region_03,2023-02-13,Paid_Search_NonBrand,2137.012993334422,146075.76152159652,,
Region_03,2023-02-20,Paid_Search_NonBrand,2071.533173598147,166471.06098106742,,
Region_03,2023-02-27,Paid_Search_NonBrand,2219.49683636239,146268.49026947308,,
Region_03,2023-03-06,Paid_Search_NonBrand,2045.5789980318611,147097.83777745522,,
Region_03,2023-03-13,Paid_Search_NonBrand,2004.8013438669363,136510.2666335104,,
Region_03,2023-03-20,Paid_Search_NonBrand,1917.1025230459857,108697.6161468426,,
Region_03,2023-03-27,Paid_Search_NonBrand,2040.9177381978477,150340.6073544052,,
Region_03,2023-04-03,Paid_Search_NonBrand,1962.5567403512125,146375.00877405851,,
Region_03,2023-04-10,Paid_Search_NonBrand,1918.5458492396685,122668.82617222992,,
Region_03,2023-04-17,Paid_Search_NonBrand,1854.0326595747304,140250.43721009023,,
Region_03,2023-04-24,Paid_Search_NonBrand,2007.369006326077,132416.64478931157,,
Region_03,2023-05-01,Paid_Search_NonBrand,1813.4929356401124,117168.49728806462,,
Region_03,2023-05-08,Paid_Search_NonBrand,1777.8577404440723,127076.90155613632,,
Region_03,2023-05-15,Paid_Search_NonBrand,1957.5352839071982,130613.50628223905,,
Region_03,2023-05-22,Paid_Search_NonBrand,1973.8687979941922,177316.59083150935,,
Region_03,2023-05-29,Paid_Search_NonBrand,1871.0069926091426,114397.88269415451,,
Region_03,2023-06-05,Paid_Search_NonBrand,1688.2890324105874,129834.11015376254,,
Region_03,2023-06-12,Paid_Search_NonBrand,1789.9897940813232,141146.53390473654,,
Region_03,2023-06-19,Paid_Search_NonBrand,1904.9532628366644,111634.29562307539,,
Region_03,2023-06-26,Paid_Search_NonBrand,1852.2009418824985,111254.9224201444,,
Region_03,2023-07-03,Paid_Search_NonBrand,2003.4905735768123,151385.26098673878,,
Region_03,2023-07-10,Paid_Search_NonBrand,1734.201321200901,118048.28626612332,,
Region_03,2023-07-17,Paid_Search_NonBrand,1924.2145168414638,142818.14046243252,,
Region_03,2023-07-24,Paid_Search_NonBrand,1805.7056908410966,144545.47097812273,,
Region_03,2023-07-31,Paid_Search_NonBrand,1994.0287031192104,137227.5085751373,,
Region_03,2023-08-07,Paid_Search_NonBrand,1862.5534531040557,119611.59091095177,,
Region_03,2023-08-14,Paid_Search_NonBrand,1971.773555823079,107199.03707852938,,
Region_03,2023-08-21,Paid_Search_NonBrand,1816.1528768191058,132406.71759825537,,
Region_03,2023-08-28,Paid_Search_NonBrand,1751.2330051113481,113995.21793929955,,
Region_03,2023-09-04,Paid_Search_NonBrand,1780.6630871704858,131239.28949207134,,
Region_03,2023-09-11,Paid_Search_NonBrand,1829.2670415851783,133723.67576075136,,
Region_03,2023-09-18,Paid_Search_NonBrand,1794.7136762777611,111619.60059822659,,
Region_03,2023-09-25,Paid_Search_NonBrand,2010.0392643304513,170586.03852335672,,
Region_03,2023-10-02,Paid_Search_NonBrand,2029.0467756049409,161513.68776233908,,
Region_03,2023-10-09,Paid_Search_NonBrand,1930.219786309445,150078.57087214466,,
Region_03,2023-10-16,Paid_Search_NonBrand,1817.039107381593,115290.95423131331,,
Region_03,2023-10-23,Paid_Search_NonBrand,1916.5938031479193,131433.9534983076,,
Region_03,2023-10-30,Paid_Search_NonBrand,1884.5091940247457,127443.40829072993,,
Region_03,2023-11-06,Paid_Search_NonBrand,2133.0151814418987,146168.26494613485,,
Region_03,2023-11-13,Paid_Search_NonBrand,2062.5595982506547,131661.5889631371,,
Region_03,2023-11-20,Paid_Search_NonBrand,2143.777769411145,159929.36286516214,,
Region_03,2023-11-27,Paid_Search_NonBrand,2124.3546993676546,155258.1767059949,,
Region_03,2023-12-04,Paid_Search_NonBrand,2035.759976705771,150822.6087786855,,
Region_03,2023-12-11,Paid_Search_NonBrand,2246.7732112250046,152566.11301211652,,
Region_03,2023-12-18,Paid_Search_NonBrand,2277.357075100607,185085.03505187455,,
Region_03,2023-12-25,Paid_Search_NonBrand,2505.1152699529384,182327.92387338646,,
Region_04,2021-01-04,Paid_Search_NonBrand,1887.7683915934845,102545.98435892964,,
Region_04,2021-01-11,Paid_Search_NonBrand,1853.058772581939,124154.18644278808,,
Region_04,2021-01-18,Paid_Search_NonBrand,1896.2855781990957,134679.0808628125,,
Region_04,2021-01-25,Paid_Search_NonBrand,1880.1805470303739,147909.16648082715,,
Region_04,2021-02-01,Paid_Search_NonBrand,1743.0463648881123,120814.99667167204,,
Region_04,2021-02-08,Paid_Search_NonBrand,1737.0438250114746,121010.11167117166,,
Region_04,2021-02-15,Paid_Search_NonBrand,1709.7867940790693,114295.24902499035,,
Region_04,2021-02-22,Paid_Search_NonBrand,1645.4560145393077,125621.17628069749,,
Region_04,2021-03-01,Paid_Search_NonBrand,1691.43499309148,115528.41372514919,,
Region_04,2021-03-08,Paid_Search_NonBrand,1842.662866088022,123911.13562490196,,
Region_04,2021-03-15,Paid_Search_NonBrand,1792.46421006513,118875.13824903853,,
Region_04,2021-03-22,Paid_Search_NonBrand,1862.986498745037,140686.9123068403,,
Region_04,2021-03-29,Paid_Search_NonBrand,1687.0727176254934,114250.72674271205,,
Region_04,2021-04-05,Paid_Search_NonBrand,1716.4445679634468,103685.60013186492,,
Region_04,2021-04-12,Paid_Search_NonBrand,1719.5687178403907,130717.32130208598,,
Region_04,2021-04-19,Paid_Search_NonBrand,1662.7374687179404,110722.78594000298,,
Region_04,2021-04-26,Paid_Search_NonBrand,1515.5472641003712,112187.86435478898,,
Region_04,2021-05-03,Paid_Search_NonBrand,1535.513297708306,113856.76213129476,,
Region_04,2021-05-10,Paid_Search_NonBrand,1552.8772292942322,125106.84523077073,,
Region_04,2021-05-17,Paid_Search_NonBrand,1465.959430725868,116240.45352990663,,
Region_04,2021-05-24,Paid_Search_NonBrand,1576.8808536596982,106340.23754267176,,
Region_04,2021-05-31,Paid_Search_NonBrand,1622.4138809894694,113974.48198170043,,
Region_04,2021-06-07,Paid_Search_NonBrand,1507.1695224483835,94622.06984130997,,
Region_04,2021-06-14,Paid_Search_NonBrand,1707.0354606046642,144198.2995267739,,
Region_04,2021-06-21,Paid_Search_NonBrand,1527.4285196632695,114028.25700863419,,
Region_04,2021-06-28,Paid_Search_NonBrand,1537.2930119585874,126237.2290324704,,
Region_04,2021-07-05,Paid_Search_NonBrand,1537.760860622973,106391.5017346816,,
Region_04,2021-07-12,Paid_Search_NonBrand,1505.1660951409897,87591.74523297559,,
Region_04,2021-07-19,Paid_Search_NonBrand,1595.6558890041795,132841.15385132315,,
Region_04,2021-07-26,Paid_Search_NonBrand,1567.4733977318444,113009.82168266409,,
Region_04,2021-08-02,Paid_Search_NonBrand,1705.0598421037275,123422.89978164145,,
Region_04,2021-08-09,Paid_Search_NonBrand,1620.8666798919344,116420.10685033111,,
Region_04,2021-08-16,Paid_Search_NonBrand,1618.5653547643026,123310.49635298084,,
Region_04,2021-08-23,Paid_Search_NonBrand,1561.4837964434948,117642.19811080914,,
Region_04,2021-08-30,Paid_Search_NonBrand,1474.1189582093718,89810.75992392335,,
Region_04,2021-09-06,Paid_Search_NonBrand,1578.3280770132055,125681.81088580251,,
Region_04,2021-09-13,Paid_Search_NonBrand,1522.6160169874977,103154.97762468942,,
Region_04,2021-09-20,Paid_Search_NonBrand,1669.8421614080726,113831.83782800665,,
Region_04,2021-09-27,Paid_Search_NonBrand,1593.6309850812183,135294.76935001672,,
Region_04,2021-10-04,Paid_Search_NonBrand,1739.6216814248207,136240.46851903957,,
Region_04,2021-10-11,Paid_Search_NonBrand,1666.723320132717,115092.82875822595,,
Region_04,2021-10-18,Paid_Search_NonBrand,1683.9777933407538,99904.773188098,,
Region_04,2021-10-25,Paid_Search_NonBrand,1646.7684162833532,119543.0441150938,,
Region_04,2021-11-01,Paid_Search_NonBrand,1664.5626611882308,125477.43662118631,,
Region_04,2021-11-08,Paid_Search_NonBrand,1731.5319847808207,122688.7861927414,,
Region_04,2021-11-15,Paid_Search_NonBrand,1797.038916797649,113322.11146172922,,
Region_04,2021-11-22,Paid_Search_NonBrand,1707.056305423176,112662.83316985912,,
Region_04,2021-11-29,Paid_Search_NonBrand,1878.7583724378353,118366.64369744757,,
Region_04,2021-12-06,Paid_Search_NonBrand,2171.4103681395377,158477.79649736057,,
Region_04,2021-12-13,Paid_Search_NonBrand,1967.562940599349,152541.2933751968,,
Region_04,2021-12-20,Paid_Search_NonBrand,2013.0246131244824,159313.86032875898,,
Region_04,2021-12-27,Paid_Search_NonBrand,2011.952311954091,133563.99289790483,,
Region_04,2022-01-03,Paid_Search_NonBrand,1954.3296289440382,142914.6660921253,,
Region_04,2022-01-10,Paid_Search_NonBrand,2219.152644059857,167541.37905712932,,
Region_04,2022-01-17,Paid_Search_NonBrand,2061.364149631744,139903.23537284837,,
Region_04,2022-01-24,Paid_Search_NonBrand,2030.1666529298998,142874.2818378058,,
Region_04,2022-01-31,Paid_Search_NonBrand,2122.029216725745,187439.73794469875,,
Region_04,2022-02-07,Paid_Search_NonBrand,2143.519566895502,156281.5809398531,,
Region_04,2022-02-14,Paid_Search_NonBrand,1850.1019155707424,144349.0852178873,,
Region_04,2022-02-21,Paid_Search_NonBrand,2071.320593785093,141655.9021671073,,
Region_04,2022-02-28,Paid_Search_NonBrand,2041.0437242625196,146398.88715035422,,
Region_04,2022-03-07,Paid_Search_NonBrand,2012.401177076976,121097.21866223628,,
Region_04,2022-03-14,Paid_Search_NonBrand,1996.6047415323264,142257.53992246956,,
Region_04,2022-03-21,Paid_Search_NonBrand,1910.9195737916743,153778.0492838267,,
Region_04,2022-03-28,Paid_Search_NonBrand,2024.918898491746,178415.92053669103,,
Region_04,2022-04-04,Paid_Search_NonBrand,1884.0229418791023,151679.7522966128,,
Region_04,2022-04-11,Paid_Search_NonBrand,1819.6072572773483,139212.87401277118,,
Region_04,2022-04-18,Paid_Search_NonBrand,1870.7648663373964,134335.68099221674,,
Region_04,2022-04-25,Paid_Search_NonBrand,1814.988119791885,122092.62265275596,,
Region_04,2022-05-02,Paid_Search_NonBrand,1761.1063636629992,123793.27339487684,,
Region_04,2022-05-09,Paid_Search_NonBrand,1741.2400648244634,132234.79500982846,,
Region_04,2022-05-16,Paid_Search_NonBrand,1866.4070614456057,123248.03644449443,,
Region_04,2022-05-23,Paid_Search_NonBrand,1753.1772174974215,137474.7337095,,
Region_04,2022-05-30,Paid_Search_NonBrand,1702.7364787555327,110224.91908702953,,
Region_04,2022-06-06,Paid_Search_NonBrand,1640.8651067587898,98100.9612827005,,
Region_04,2022-06-13,Paid_Search_NonBrand,1686.2864723239672,108855.00905021885,,
Region_04,2022-06-20,Paid_Search_NonBrand,1630.7330037106751,98611.65853674134,,
Region_04,2022-06-27,Paid_Search_NonBrand,1731.0738104021816,107792.30663737791,,
Region_04,2022-07-04,Paid_Search_NonBrand,1747.3095585534072,139768.64223227743,,
Region_04,2022-07-11,Paid_Search_NonBrand,1559.807196846812,109206.98023504035,,
Region_04,2022-07-18,Paid_Search_NonBrand,1733.0559159100042,126525.29539327718,,
Region_04,2022-07-25,Paid_Search_NonBrand,1791.9351461396777,143711.15664748938,,
Region_04,2022-08-01,Paid_Search_NonBrand,1752.4803681087328,141973.47653659462,,
Region_04,2022-08-08,Paid_Search_NonBrand,1660.0276302667617,112738.68629983853,,
Region_04,2022-08-15,Paid_Search_NonBrand,1858.675025967182,151626.20217764465,,
Region_04,2022-08-22,Paid_Search_NonBrand,1687.8660152308062,125288.95923841279,,
Region_04,2022-08-29,Paid_Search_NonBrand,1646.621371201138,117654.94454942795,,
Region_04,2022-09-05,Paid_Search_NonBrand,1661.924932731049,124074.77027814685,,
Region_04,2022-09-12,Paid_Search_NonBrand,1756.271119425981,108780.07318383876,,
Region_04,2022-09-19,Paid_Search_NonBrand,1849.7650180217427,122137.37644065275,,
Region_04,2022-09-26,Paid_Search_NonBrand,1870.8519005164712,132194.93237964046,,
Region_04,2022-10-03,Paid_Search_NonBrand,1788.2683019945573,135763.77609546305,,
Region_04,2022-10-10,Paid_Search_NonBrand,1672.9604434134435,115133.18883835702,,
Region_04,2022-10-17,Paid_Search_NonBrand,1727.2425355147493,121813.6356718007,,
Region_04,2022-10-24,Paid_Search_NonBrand,1719.7522139963712,135344.26284101157,,
Region_04,2022-10-31,Paid_Search_NonBrand,1803.6243852832556,148363.64182516473,,
Region_04,2022-11-07,Paid_Search_NonBrand,1693.893998505019,130639.45458439855,,
Region_04,2022-11-14,Paid_Search_NonBrand,1905.5309058531907,154516.48920681357,,
Region_04,2022-11-21,Paid_Search_NonBrand,2016.8840606687913,138354.01711594837,,
Region_04,2022-11-28,Paid_Search_NonBrand,2008.430084787017,139129.86895486937,,
Region_04,2022-12-05,Paid_Search_NonBrand,2151.025044444024,158614.67080011332,,
Region_04,2022-12-12,Paid_Search_NonBrand,2080.8440077693804,144223.51834548527,,
Region_04,2022-12-19,Paid_Search_NonBrand,2091.5647143461233,142009.99466840067,,
Region_04,2022-12-26,Paid_Search_NonBrand,2225.3694397456575,187510.59020423834,,
Region_04,2023-01-02,Paid_Search_NonBrand,2455.1518558372127,171875.1724845081,,
Region_04,2023-01-09,Paid_Search_NonBrand,2427.477861186352,157425.02884938117,,
Region_04,2023-01-16,Paid_Search_NonBrand,2214.3634485268567,166068.88706732195,,
Region_04,2023-01-23,Paid_Search_NonBrand,2341.118547631226,200919.88817918926,,
Region_04,2023-01-30,Paid_Search_NonBrand,2098.0452517046424,151076.29022125923,,
Region_04,2023-02-06,Paid_Search_NonBrand,2246.8324489146703,181518.33511408427,,
Region_04,2023-02-13,Paid_Search_NonBrand,2182.6806915581515,149226.7524693248,,
Region_04,2023-02-20,Paid_Search_NonBrand,2115.8015763300914,143882.97218029507,,
Region_04,2023-02-27,Paid_Search_NonBrand,2266.927203911708,151130.10734543603,,
Region_04,2023-03-06,Paid_Search_NonBrand,2089.2927633043682,147110.28176644034,,
Region_04,2023-03-13,Paid_Search_NonBrand,2047.6436958113616,175742.9410489359,,
Region_04,2023-03-20,Paid_Search_NonBrand,1958.070762246913,124599.93879713488,,
Region_04,2023-03-27,Paid_Search_NonBrand,2084.5318929354135,175381.94713146563,,
Region_04,2023-04-03,Paid_Search_NonBrand,2004.4963304448886,129443.69687875066,,
Region_04,2023-04-10,Paid_Search_NonBrand,1959.5449321393744,136732.85720833583,,
Region_04,2023-04-17,Paid_Search_NonBrand,1893.653103745398,147051.8015264026,,
Region_04,2023-04-24,Paid_Search_NonBrand,2050.266228893512,155974.75701521212,,
Region_04,2023-05-01,Paid_Search_NonBrand,1852.2470510217208,136087.8304757143,,
Region_04,2023-05-08,Paid_Search_NonBrand,1815.8503361973803,109981.83413107149,,
Region_04,2023-05-15,Paid_Search_NonBrand,1999.3675661097927,148079.94183768422,,
Region_04,2023-05-22,Paid_Search_NonBrand,2016.050125333426,130008.74179874461,,
Region_04,2023-05-29,Paid_Search_NonBrand,1910.9901761365584,176480.49962947523,,
Region_04,2023-06-05,Paid_Search_NonBrand,1724.3675561664295,120568.18518649173,,
Region_04,2023-06-12,Paid_Search_NonBrand,1828.2416502911979,133076.55899165457,,
Region_04,2023-06-19,Paid_Search_NonBrand,1945.66187387875,123919.23522329477,,
Region_04,2023-06-26,Paid_Search_NonBrand,1891.7822424770338,128808.82237783226,,
Region_04,2023-07-03,Paid_Search_NonBrand,2046.3049145254051,128461.52192994035,,
Region_04,2023-07-10,Paid_Search_NonBrand,1771.2609847793724,139566.7437288355,,
Region_04,2023-07-17,Paid_Search_NonBrand,1965.3347384530898,136751.20970447603,,
Region_04,2023-07-24,Paid_Search_NonBrand,1844.2933937831992,139359.96333784665,,
Region_04,2023-07-31,Paid_Search_NonBrand,2036.6408450891179,135848.60026217756,,
Region_04,2023-08-07,Paid_Search_NonBrand,1902.3559855581068,129240.73301496496,,
Region_04,2023-08-14,Paid_Search_NonBrand,2013.9101081012932,163627.7734048677,,
Region_04,2023-08-21,Paid_Search_NonBrand,1854.9638348083322,120228.46664638304,,
Region_04,2023-08-28,Paid_Search_NonBrand,1788.6566336275578,106699.70585078723,,
Region_04,2023-09-04,Paid_Search_NonBrand,1818.715632829627,135294.3156125563,,
Region_04,2023-09-11,Paid_Search_NonBrand,1868.3582476219653,119059.662287881,,
Region_04,2023-09-18,Paid_Search_NonBrand,1833.066481254566,125303.84492473879,,
Region_04,2023-09-25,Paid_Search_NonBrand,2052.993549974762,160638.30482850238,,
Region_04,2023-10-02,Paid_Search_NonBrand,2072.407249368639,136394.19159559332,,
Region_04,2023-10-09,Paid_Search_NonBrand,1971.4683397724314,153749.02605083448,,
Region_04,2023-10-16,Paid_Search_NonBrand,1855.8690040062002,123832.32805021724,,
Region_04,2023-10-23,Paid_Search_NonBrand,1957.5511710687667,162302.21468608812,,
Region_04,2023-10-30,Paid_Search_NonBrand,1924.780917893997,156964.61560909558,,
Region_04,2023-11-06,Paid_Search_NonBrand,2178.5974469295465,148448.7387553639,,
Region_04,2023-11-13,Paid_Search_NonBrand,2106.6362368088494,147299.4527648612,,
Region_04,2023-11-20,Paid_Search_NonBrand,2189.5900300467024,143914.40623161758,,
Region_04,2023-11-27,Paid_Search_NonBrand,2169.7518914453267,158113.15900429484,,
Region_04,2023-12-04,Paid_Search_NonBrand,2079.263910730564,166605.5330279268,,
Region_04,2023-12-11,Paid_Search_NonBrand,2294.7864714660136,141834.66750640012,,
Region_04,2023-12-18,Paid_Search_NonBrand,2326.023908656492,182108.58440180254,,
Region_04,2023-12-25,Paid_Search_NonBrand,2558.649267416081,160097.6228923873,,
Region_05,2021-01-04,Paid_Search_NonBrand,1479.6181623777256,96980.50169423169,,
Region_05,2021-01-11,Paid_Search_NonBrand,1452.4130333336147,86760.71329937094,,
Region_05,2021-01-18,Paid_Search_NonBrand,1486.293866902784,131036.79856363444,,
Region_05,2021-01-25,Paid_Search_NonBrand,1473.6708689073648,105881.92917063906,,
Region_05,2021-02-01,Paid_Search_NonBrand,1366.1861650188594,100002.60668726265,,
Region_05,2021-02-08,Paid_Search_NonBrand,1361.4814210145528,90890.89040573034,,
Region_05,2021-02-15,Paid_Search_NonBrand,1340.1175724621169,106500.74355087483,,
Region_05,2021-02-22,Paid_Search_NonBrand,1289.6956085014838,74648.20680856323,,
Region_05,2021-03-01,Paid_Search_NonBrand,1325.7335737817186,94948.10120876045,,
Region_05,2021-03-08,Paid_Search_NonBrand,1444.2648027925811,128633.95709911578,,
Region_05,2021-03-15,Paid_Search_NonBrand,1404.9194871759091,96589.74196408705,,
Region_05,2021-03-22,Paid_Search_NonBrand,1460.1943077777921,104478.59502815358,,
Region_05,2021-03-29,Paid_Search_NonBrand,1322.3144562472203,101018.6169278367,,
Region_05,2021-04-05,Paid_Search_NonBrand,1345.3358837783762,88605.73560980543,,
Region_05,2021-04-12,Paid_Search_NonBrand,1347.7845681193692,96490.50883055317,,
Region_05,2021-04-19,Paid_Search_NonBrand,1303.2406776894575,102478.3400887584,,
Region_05,2021-04-26,Paid_Search_NonBrand,1187.8741417065057,86513.66485024024,,
Region_05,2021-05-03,Paid_Search_NonBrand,1203.523363342221,89215.07666349052,,
Region_05,2021-05-10,Paid_Search_NonBrand,1217.1330776796528,83952.62614897024,,
Region_05,2021-05-17,Paid_Search_NonBrand,1149.0075841242262,84703.47726720783,,
Region_05,2021-05-24,Paid_Search_NonBrand,1235.9469315041977,88775.60889932627,,
Region_05,2021-05-31,Paid_Search_NonBrand,1271.6353636896217,105057.5398737726,,
Region_05,2021-06-07,Paid_Search_NonBrand,1181.3077330500253,90718.33380486406,,
Region_05,2021-06-14,Paid_Search_NonBrand,1337.9610987137396,93267.96130045723,,
Region_05,2021-06-21,Paid_Search_NonBrand,1197.1865772791111,66953.00716019246,,
Region_05,2021-06-28,Paid_Search_NonBrand,1204.918289510222,92451.29081168951,,
Region_05,2021-07-05,Paid_Search_NonBrand,1205.2849856495106,92845.84702390044,,
Region_05,2021-07-12,Paid_Search_NonBrand,1179.737462330257,76884.09866421459,,
Region_05,2021-07-19,Paid_Search_NonBrand,1250.6626579771519,73151.64713282252,,
Region_05,2021-07-26,Paid_Search_NonBrand,1228.573440818261,78286.16818376591,,
Region_05,2021-08-02,Paid_Search_NonBrand,1336.4126243198825,104721.63173864763,,
Region_05,2021-08-09,Paid_Search_NonBrand,1270.422679519806,81578.80322050942,,
Region_05,2021-08-16,Paid_Search_NonBrand,1268.6189188087233,86545.84537217802,,
Region_05,2021-08-23,Paid_Search_NonBrand,1223.8788379786813,89367.98835007602,,
Region_05,2021-08-30,Paid_Search_NonBrand,1155.4029582150176,93277.96555166181,,
Region_05,2021-09-06,Paid_Search_NonBrand,1237.0812538969246,88202.65001494813,,
Region_05,2021-09-13,Paid_Search_NonBrand,1193.4145751641945,84392.43845890599,,
Region_05,2021-09-20,Paid_Search_NonBrand,1308.8092804848238,88493.64891661917,,
Region_05,2021-09-27,Paid_Search_NonBrand,1249.075554053373,105021.69513671187,,
Region_05,2021-10-04,Paid_Search_NonBrand,1363.5019247936043,108348.11401354469,,
Region_05,2021-10-11,Paid_Search_NonBrand,1306.3647569844097,92428.3633317847,,
Region_05,2021-10-18,Paid_Search_NonBrand,1319.8886786977725,81989.19246401095,,
Region_05,2021-10-25,Paid_Search_NonBrand,1290.724258766778,85189.01552242112,,
Region_05,2021-11-01,Paid_Search_NonBrand,1304.6712493320929,98750.57298065476,,
Region_05,2021-11-08,Paid_Search_NonBrand,1357.1612835709354,90192.42189685671,,
Region_05,2021-11-15,Paid_Search_NonBrand,1408.5051066825868,109997.11944604432,,
Region_05,2021-11-22,Paid_Search_NonBrand,1337.9774367201383,99087.46064068597,,
Region_05,2021-11-29,Paid_Search_NonBrand,1472.5561795383921,108306.25156815263,,
Region_05,2021-12-06,Paid_Search_NonBrand,1701.934534438601,129775.7540964927,,
Region_05,2021-12-13,Paid_Search_NonBrand,1542.1605084057553,115785.70303176105,,
Region_05,2021-12-20,Paid_Search_NonBrand,1577.7930132510535,103462.29417820682,,
Region_05,2021-12-27,Paid_Search_NonBrand,1576.9525519453575,109028.48368917358,,
Region_05,2022-01-03,Paid_Search_NonBrand,1531.788341798455,138257.1644787676,,
Region_05,2022-01-10,Paid_Search_NonBrand,1739.3545584624824,110104.11225210532,,
Region_05,2022-01-17,Paid_Search_NonBrand,1615.6811654711948,110057.18512129522,,
Region_05,2022-01-24,Paid_Search_NonBrand,1591.2288105391347,126440.80995414285,,
Region_05,2022-01-31,Paid_Search_NonBrand,1663.2299725673763,116925.07844770567,,
Region_05,2022-02-07,Paid_Search_NonBrand,1680.0739416520526,110644.63165333626,,
Region_05,2022-02-14,Paid_Search_NonBrand,1450.0954718378284,90741.06108134889,,
Region_05,2022-02-21,Paid_Search_NonBrand,1623.48494885246,122348.77572431076,,
Region_05,2022-02-28,Paid_Search_NonBrand,1599.7541743331742,126537.30582587764,,
Region_05,2022-03-07,Paid_Search_NonBrand,1577.3043689326726,129593.75554466965,,
Region_05,2022-03-14,Paid_Search_NonBrand,1564.9232457838928,112383.1009734562,,
Region_05,2022-03-21,Paid_Search_NonBrand,1497.7638786708367,118767.7588613724,,
Region_05,2022-03-28,Paid_Search_NonBrand,1587.1156614828376,102239.91563996645,,
Region_05,2022-04-04,Paid_Search_NonBrand,1476.6825080631652,107264.5389028761,,
Region_05,2022-04-11,Paid_Search_NonBrand,1426.1939961762287,95198.92084038326,,
Region_05,2022-04-18,Paid_Search_NonBrand,1466.2909317145827,106571.68628197194,,
Region_05,2022-04-25,Paid_Search_NonBrand,1422.573552191444,109534.20877226513,,
Region_05,2022-05-02,Paid_Search_NonBrand,1380.341451397654,109727.65843944885,,
Region_05,2022-05-09,Paid_Search_NonBrand,1364.7704010974057,88295.88799519559,,
Region_05,2022-05-16,Paid_Search_NonBrand,1462.8753181813202,118611.15814350294,,
Region_05,2022-05-23,Paid_Search_NonBrand,1374.1266483895195,93604.4280456279,,
Region_05,2022-05-30,Paid_Search_NonBrand,1334.591590223168,86034.63869761028,,
Region_05,2022-06-06,Paid_Search_NonBrand,1286.0972907395674,90310.14517807738,,
Region_05,2022-06-13,Paid_Search_NonBrand,1321.6982033035845,81561.7256776322,,
Region_05,2022-06-20,Paid_Search_NonBrand,1278.1558272847108,91338.65186694739,,
Region_05,2022-06-27,Paid_Search_NonBrand,1356.802170061466,99763.15719203599,,
Region_05,2022-07-04,Paid_Search_NonBrand,1369.5276230096779,95882.8199770133,,
Region_05,2022-07-11,Paid_Search_NonBrand,1222.564732273059,92135.9598062346,,
Region_05,2022-07-18,Paid_Search_NonBrand,1358.355728920796,94019.74273098189,,
Region_05,2022-07-25,Paid_Search_NonBrand,1404.5048109917734,100362.42108313234,,
Region_05,2022-08-01,Paid_Search_NonBrand,1373.5804632661025,84949.10734229648,,
Region_05,2022-08-08,Paid_Search_NonBrand,1301.1167274170996,93334.33839073475,,
Region_05,2022-08-15,Paid_Search_NonBrand,1456.8150089945732,95568.84336809357,,
Region_05,2022-08-22,Paid_Search_NonBrand,1322.936236731637,90339.40799158359,,
Region_05,2022-08-29,Paid_Search_NonBrand,1290.6090059766034,91326.79685163265,,
Region_05,2022-09-05,Paid_Search_NonBrand,1302.6038183113985,94837.12163552904,,
Region_05,2022-09-12,Paid_Search_NonBrand,1376.5516246241557,83397.04988127114,,
Region_05,2022-09-19,Paid_Search_NonBrand,1449.831414162861,88570.83365438503,,
Region_05,2022-09-26,Paid_Search_NonBrand,1466.3591484262727,101624.33283594513,,
Region_05,2022-10-03,Paid_Search_NonBrand,1401.630767110178,104980.32331615122,,
Region_05,2022-10-10,Paid_Search_NonBrand,1311.2533656337803,97096.52031773352,,
Region_05,2022-10-17,Paid_Search_NonBrand,1353.7992466447215,105730.23416718908,,
Region_05,2022-10-24,Paid_Search_NonBrand,1347.9283909772603,109658.88306719904,,
Region_05,2022-10-31,Paid_Search_NonBrand,1413.6667455904426,106115.50172534419,,
Region_05,2022-11-07,Paid_Search_NonBrand,1327.6609230727965,94644.7503039685,,
Region_05,2022-11-14,Paid_Search_NonBrand,1493.5402827104906,96226.18360803957,,
Region_05,2022-11-21,Paid_Search_NonBrand,1580.8180181768344,102722.75062698597,,
Region_05,2022-11-28,Paid_Search_NonBrand,1574.1918577248002,107310.11746775413,,
Region_05,2022-12-05,Paid_Search_NonBrand,1685.9566764978972,123690.16548076489,,
Region_05,2022-12-12,Paid_Search_NonBrand,1630.949326559886,119096.46046509265,,
Region_05,2022-12-19,Paid_Search_NonBrand,1639.352132876121,117146.28439650944,,
Region_05,2022-12-26,Paid_Search_NonBrand,1744.2272345012725,122699.37961391185,,
Region_05,2023-01-02,Paid_Search_NonBrand,1924.328902565071,146397.40262101925,,
Region_05,2023-01-09,Paid_Search_NonBrand,1902.638241097647,138763.72455617515,,
Region_05,2023-01-16,Paid_Search_NonBrand,1735.6008243045421,127719.47782899629,,
Region_05,2023-01-23,Paid_Search_NonBrand,1834.9504837458157,135173.5026495392,,
Region_05,2023-01-30,Paid_Search_NonBrand,1644.431527583826,111214.79286110049,,
Region_05,2023-02-06,Paid_Search_NonBrand,1761.0497739225118,113468.38943701434,,
Region_05,2023-02-13,Paid_Search_NonBrand,1710.7681261547837,128349.01011662158,,
Region_05,2023-02-20,Paid_Search_NonBrand,1658.348796529468,123494.06431860264,,
Region_05,2023-02-27,Paid_Search_NonBrand,1776.7998863804548,124152.32919645944,,
Region_05,2023-03-06,Paid_Search_NonBrand,1637.5713953447673,112206.18808824214,,
Region_05,2023-03-13,Paid_Search_NonBrand,1604.9271806290362,143971.98609197972,,
Region_05,2023-03-20,Paid_Search_NonBrand,1534.7206129432946,101608.31764145207,,
Region_05,2023-03-27,Paid_Search_NonBrand,1633.8398622297939,114191.46160774487,,
Region_05,2023-04-03,Paid_Search_NonBrand,1571.10861170963,115241.55220591712,,
Region_05,2023-04-10,Paid_Search_NonBrand,1535.8760558233796,97746.34729858197,,
Region_05,2023-04-17,Paid_Search_NonBrand,1484.2305539290994,107266.67660091407,,
Region_05,2023-04-24,Paid_Search_NonBrand,1606.9827016331305,137391.04235840903,,
Region_05,2023-05-01,Paid_Search_NonBrand,1451.7768122968391,113848.99479444408,,
Region_05,2023-05-08,Paid_Search_NonBrand,1423.2493506946673,108295.1657646016,,
Region_05,2023-05-15,Paid_Search_NonBrand,1567.0887261693506,118766.61224382867,,
Region_05,2023-05-22,Paid_Search_NonBrand,1580.1643861561108,114139.71344171246,,
Region_05,2023-05-29,Paid_Search_NonBrand,1497.8192162388677,117748.08149370931,,
Region_05,2023-06-05,Paid_Search_NonBrand,1351.5458602233903,95045.98163422599,,
Region_05,2023-06-12,Paid_Search_NonBrand,1432.9615661711978,98116.99789347556,,
Region_05,2023-06-19,Paid_Search_NonBrand,1524.9946228874098,110045.41022900074,,
Region_05,2023-06-26,Paid_Search_NonBrand,1482.764187438227,115951.92317321678,,
Region_05,2023-07-03,Paid_Search_NonBrand,1603.8778542842506,118411.38374122353,,
Region_05,2023-07-10,Paid_Search_NonBrand,1388.300564339029,106084.1055017278,,
Region_05,2023-07-17,Paid_Search_NonBrand,1540.4140609179512,89867.58227042003,,
Region_05,2023-07-24,Paid_Search_NonBrand,1445.5427977006366,116336.70064657397,,
Region_05,2023-07-31,Paid_Search_NonBrand,1596.3032319290471,144091.51199841412,,
Region_05,2023-08-07,Paid_Search_NonBrand,1491.0518049111868,121713.5258429238,,
Region_05,2023-08-14,Paid_Search_NonBrand,1578.4870573171677,109224.21474143208,,
Region_05,2023-08-21,Paid_Search_NonBrand,1453.906206269015,95402.7582759206,,
Region_05,2023-08-28,Paid_Search_NonBrand,1401.9351384195884,102955.60712676085,,
Region_05,2023-09-04,Paid_Search_NonBrand,1425.4951478785547,92251.59647008075,,
Region_05,2023-09-11,Paid_Search_NonBrand,1464.4046427094659,112473.07685855217,,
Region_05,2023-09-18,Paid_Search_NonBrand,1436.7432311019134,97371.71914838569,,
Region_05,2023-09-25,Paid_Search_NonBrand,1609.1203546547745,126526.52669435716,,
Region_05,2023-10-02,Paid_Search_NonBrand,1624.3366610353862,132955.04781071644,,
Region_05,2023-10-09,Paid_Search_NonBrand,1545.2215298602728,90074.76457926018,,
Region_05,2023-10-16,Paid_Search_NonBrand,1454.6156708363606,106988.08492581481,,
Region_05,2023-10-23,Paid_Search_NonBrand,1534.3133614247183,102202.15748563092,,
Region_05,2023-10-30,Paid_Search_NonBrand,1508.6282922186508,93589.74144804206,,
Region_05,2023-11-06,Paid_Search_NonBrand,1707.5677108173836,114667.15465806233,,
Region_05,2023-11-13,Paid_Search_NonBrand,1651.1650747973013,115386.30883276592,,
Region_05,2023-11-20,Paid_Search_NonBrand,1716.1836118484741,135934.02649569456,,
Region_05,2023-11-27,Paid_Search_NonBrand,1700.6346333227848,104329.97552130591,,
Region_05,2023-12-04,Paid_Search_NonBrand,1629.7108588075052,129306.01700609013,,
Region_05,2023-12-11,Paid_Search_NonBrand,1798.6357633065943,157202.17390704597,,
Region_05,2023-12-18,Paid_Search_NonBrand,1823.1194232825674,138239.96594592626,,
Region_05,2023-12-25,Paid_Search_NonBrand,2005.449367667208,151284.20702826887,,
Region_06,2021-01-04,Paid_Search_NonBrand,1080.98900270773,77109.92899434245,,
Region_06,2021-01-11,Paid_Search_NonBrand,1061.1133036512454,67391.07354787577,,
Region_06,2021-01-18,Paid_Search_NonBrand,1085.8661820776545,81823.02433491116,,
Region_06,2021-01-25,Paid_Search_NonBrand,1076.6439905952777,79913.87440064928,,
Region_06,2021-02-01,Paid_Search_NonBrand,998.1171207466028,76705.43652492977,,
Region_06,2021-02-08,Paid_Search_NonBrand,994.679898456064,91858.34668891491,,
Region_06,2021-02-15,Paid_Search_NonBrand,979.0717598646961,75213.12147082794,,
Region_06,2021-02-22,Paid_Search_NonBrand,942.23415545953,70229.44409888137,,
Region_06,2021-03-01,Paid_Search_NonBrand,968.5630051171293,80878.60587286724,,
Region_06,2021-03-08,Paid_Search_NonBrand,1055.160316704782,65882.25000352404,,
Region_06,2021-03-15,Paid_Search_NonBrand,1026.4151616565775,65398.543950916755,,
Region_06,2021-03-22,Paid_Search_NonBrand,1066.7981974401193,73393.77506666104,,
Region_06,2021-03-29,Paid_Search_NonBrand,966.0650441243971,64630.142811805905,,
Region_06,2021-04-05,Paid_Search_NonBrand,982.8841874821815,75250.85790937424,,
Region_06,2021-04-12,Paid_Search_NonBrand,984.6731631186135,68136.1780308666,,
Region_06,2021-04-19,Paid_Search_NonBrand,952.1299996748952,80934.29350910214,,
Region_06,2021-04-26,Paid_Search_NonBrand,867.8447699791137,72168.25549460133,,
Region_06,2021-05-03,Paid_Search_NonBrand,879.2778794929624,67833.13241018336,,
Region_06,2021-05-10,Paid_Search_NonBrand,889.2209525795456,61110.8383359254,,
Region_06,2021-05-17,Paid_Search_NonBrand,839.4493890708161,63776.44452963086,,
Region_06,2021-05-24,Paid_Search_NonBrand,902.9660995370562,69946.70643416943,,
Region_06,2021-05-31,Paid_Search_NonBrand,929.0395850465396,59646.582485870094,,
Region_06,2021-06-07,Paid_Search_NonBrand,863.0474406914458,63834.27711817813,,
Region_06,2021-06-14,Paid_Search_NonBrand,977.4962693321404,74929.56390363605,,
Region_06,2021-06-21,Paid_Search_NonBrand,874.6483093640547,63841.97659832638,,
Region_06,2021-06-28,Paid_Search_NonBrand,880.2969936708901,73575.56894685338,,
Region_06,2021-07-05,Paid_Search_NonBrand,880.5648969069989,71017.23544480758,,
Region_06,2021-07-12,Paid_Search_NonBrand,861.9002221572966,56685.81171995294,,
Region_06,2021-07-19,Paid_Search_NonBrand,913.7172101199077,66083.0331753904,,
Region_06,2021-07-26,Paid_Search_NonBrand,897.5791270425738,58973.68631987969,,
Region_06,2021-08-02,Paid_Search_NonBrand,976.3649748986873,73901.61867668066,,
Region_06,2021-08-09,Paid_Search_NonBrand,928.153614405829,60789.987844861964,,
Region_06,2021-08-16,Paid_Search_NonBrand,926.8358112443275,72606.19356575859,,
Region_06,2021-08-23,Paid_Search_NonBrand,894.1493137497233,66395.5449911857,,
Region_06,2021-08-30,Paid_Search_NonBrand,844.1217628197554,66441.56781390369,,
Region_06,2021-09-06,Paid_Search_NonBrand,903.7948201240572,63626.91511382628,,
Region_06,2021-09-13,Paid_Search_NonBrand,871.8925356731838,53837.99949559519,,
Region_06,2021-09-20,Paid_Search_NonBrand,956.1983455057986,81490.91604577779,,
Region_06,2021-09-27,Paid_Search_NonBrand,912.557693474747,64067.49446763824,,
Region_06,2021-10-04,Paid_Search_NonBrand,996.1560511693929,81656.0243872256,,
Region_06,2021-10-11,Paid_Search_NonBrand,954.4124097231763,71168.96064962418,,
Region_06,2021-10-18,Paid_Search_NonBrand,964.292803879823,73679.81557396954,,
Region_06,2021-10-25,Paid_Search_NonBrand,942.9856734205073,80880.16961094881,,
Region_06,2021-11-01,Paid_Search_NonBrand,953.1751559541268,70440.25344293528,,
Region_06,2021-11-08,Paid_Search_NonBrand,991.5236645130908,81467.86240668395,,
Region_06,2021-11-15,Paid_Search_NonBrand,1029.0347667365693,63363.41453403101,,
Region_06,2021-11-22,Paid_Search_NonBrand,977.5082056584795,76176.98414332651,,
Region_06,2021-11-29,Paid_Search_NonBrand,1075.8296136296974,75008.4923983098,,
Region_06,2021-12-06,Paid_Search_NonBrand,1243.4103350692446,87632.25062563714,,
Region_06,2021-12-13,Paid_Search_NonBrand,1126.681594201198,80547.43420663722,,
Region_06,2021-12-20,Paid_Search_NonBrand,1152.7142199529658,85239.93236828799,,
Region_06,2021-12-27,Paid_Search_NonBrand,1152.1001902987211,97125.16683145004,,
Region_06,2022-01-03,Paid_Search_NonBrand,1119.1038296658357,66410.47837399664,,
Region_06,2022-01-10,Paid_Search_NonBrand,1270.7488981386998,91168.40288411596,,
Region_06,2022-01-17,Paid_Search_NonBrand,1180.3947911464636,78484.26765667144,,
Region_06,2022-01-24,Paid_Search_NonBrand,1162.5302315972715,93305.42142857218,,
Region_06,2022-01-31,Paid_Search_NonBrand,1215.1333060348213,83199.60178494002,,
Region_06,2022-02-07,Paid_Search_NonBrand,1227.4392818638987,91771.80072750815,,
Region_06,2022-02-14,Paid_Search_NonBrand,1059.4201245907652,72723.84177019862,,
Region_06,2022-02-21,Paid_Search_NonBrand,1186.0961296601142,90574.35951783179,,
Region_06,2022-02-28,Paid_Search_NonBrand,1168.7587469938583,92399.40763307111,,
Region_06,2022-03-07,Paid_Search_NonBrand,1152.3572230277882,79104.32531013503,,
Region_06,2022-03-14,Paid_Search_NonBrand,1143.3117420345748,82066.8852861789,,
Region_06,2022-03-21,Paid_Search_NonBrand,1094.2460174280586,67811.207786572,,
Region_06,2022-03-28,Paid_Search_NonBrand,1159.5252205684735,85391.67014784456,,
Region_06,2022-04-04,Paid_Search_NonBrand,1078.844253399779,83949.47041988705,,
Region_06,2022-04-11,Paid_Search_NonBrand,1041.9580299803856,70404.63582819737,,
Region_06,2022-04-18,Paid_Search_NonBrand,1071.2523083701478,85589.49610152327,,
Region_06,2022-04-25,Paid_Search_NonBrand,1039.3129826080403,60335.871795163934,,
Region_06,2022-05-02,Paid_Search_NonBrand,1008.4587813822535,59858.749461039646,,
Region_06,2022-05-09,Paid_Search_NonBrand,997.0827827880431,61988.707397584854,,
Region_06,2022-05-16,Paid_Search_NonBrand,1068.7569073532916,72727.14331392285,,
Region_06,2022-05-23,Paid_Search_NonBrand,1003.9183304222621,71842.08726157733,,
Region_06,2022-05-30,Paid_Search_NonBrand,975.0345520354393,69098.23058142763,,
Region_06,2022-06-06,Paid_Search_NonBrand,939.6052732061321,66665.88418256263,,
Region_06,2022-06-13,Paid_Search_NonBrand,965.6148180647994,74148.16255177696,,
Region_06,2022-06-20,Paid_Search_NonBrand,933.8033474942243,63624.368748054,,
Region_06,2022-06-27,Paid_Search_NonBrand,991.2613010436968,62399.87604266024,,
Region_06,2022-07-04,Paid_Search_NonBrand,1000.5583447278494,63109.88600963877,,
Region_06,2022-07-11,Paid_Search_NonBrand,893.1892459076995,78807.45921101229,,
Region_06,2022-07-18,Paid_Search_NonBrand,992.3963101188058,56028.11271269955,,
Region_06,2022-07-25,Paid_Search_NonBrand,1026.1122048491163,72012.6784069469,,
Region_06,2022-08-01,Paid_Search_NonBrand,1003.519294963744,82930.4047381344,,
Region_06,2022-08-08,Paid_Search_NonBrand,950.5782703537116,71261.03880565768,,
Region_06,2022-08-15,Paid_Search_NonBrand,1064.3293274881225,69971.44219438307,,
Region_06,2022-08-22,Paid_Search_NonBrand,966.5193085304737,69052.18647251082,,
Region_06,2022-08-29,Paid_Search_NonBrand,942.9014712919598,73427.33977039401,,
Region_06,2022-09-05,Paid_Search_NonBrand,951.6647188332171,76705.26387501352,,
Region_06,2022-09-12,Paid_Search_NonBrand,1005.6899852370808,65656.57092132277,,
Region_06,2022-09-19,Paid_Search_NonBrand,1059.2272076274714,81637.06274856528,,
Region_06,2022-09-26,Paid_Search_NonBrand,1071.3021465763911,78478.35663746807,,
Region_06,2022-10-03,Paid_Search_NonBrand,1024.0124672895884,81684.73418983592,,
Region_06,2022-10-10,Paid_Search_NonBrand,957.9839610347789,78634.87044036356,,
Region_06,2022-10-17,Paid_Search_NonBrand,989.0674058401816,68263.45852085155,,
Region_06,2022-10-24,Paid_Search_NonBrand,984.7782381519372,60849.27329927804,,
Region_06,2022-10-31,Paid_Search_NonBrand,1032.8057902595397,76750.56654498474,,
Region_06,2022-11-07,Paid_Search_NonBrand,969.9711004223965,82753.89575759137,,
Region_06,2022-11-14,Paid_Search_NonBrand,1091.1603153860685,83470.8776055497,,
Region_06,2022-11-21,Paid_Search_NonBrand,1154.9242476081079,84415.32726220036,,
Region_06,2022-11-28,Paid_Search_NonBrand,1150.0832644673528,104442.51730755936,,
Region_06,2022-12-05,Paid_Search_NonBrand,1231.7371283190846,79290.69905294798,,
Region_06,2022-12-12,Paid_Search_NonBrand,1191.549502982335,93153.7665575405,,
Region_06,2022-12-19,Paid_Search_NonBrand,1197.6884795444612,80805.70871062246,,
Region_06,2022-12-26,Paid_Search_NonBrand,1274.3088093006613,91474.96277200585,,
Region_06,2023-01-02,Paid_Search_NonBrand,1405.888650300601,101324.87149477545,,
Region_06,2023-01-09,Paid_Search_NonBrand,1390.0417466169768,115525.97462621561,,
Region_06,2023-01-16,Paid_Search_NonBrand,1268.006470769938,82478.90205402311,,
Region_06,2023-01-23,Paid_Search_NonBrand,1340.5899872538064,90767.29055372374,,
Region_06,2023-01-30,Paid_Search_NonBrand,1201.3994165679817,73177.63232399644,,
Region_06,2023-02-06,Paid_Search_NonBrand,1286.5991289076835,96488.15634950246,,
Region_06,2023-02-13,Paid_Search_NonBrand,1249.864037613865,85277.40611623782,,
Region_06,2023-02-20,Paid_Search_NonBrand,1211.5671848885522,90270.37823337004,,
Region_06,2023-02-27,Paid_Search_NonBrand,1298.1059478906884,83285.76196208349,,
Region_06,2023-03-06,Paid_Search_NonBrand,1196.3874968064495,82439.62311564232,,
Region_06,2023-03-13,Paid_Search_NonBrand,1172.5380753766476,92922.10386668156,,
Region_06,2023-03-20,Paid_Search_NonBrand,1121.24610727578,78705.00037489938,,
Region_06,2023-03-27,Paid_Search_NonBrand,1193.6612892191868,90766.21722414866,,
Region_06,2023-04-03,Paid_Search_NonBrand,1147.8306866605992,86436.01304917964,,
Region_06,2023-04-10,Paid_Search_NonBrand,1122.0902582049778,77368.05186403105,,
Region_06,2023-04-17,Paid_Search_NonBrand,1084.358753546152,66268.3334408985,,
Region_06,2023-04-24,Paid_Search_NonBrand,1174.0398112006321,92544.40517777491,,
Region_06,2023-05-01,Paid_Search_NonBrand,1060.648489173069,77064.99755703779,,
Region_06,2023-05-08,Paid_Search_NonBrand,1039.8067118475199,81946.02511534338,,
Region_06,2023-05-15,Paid_Search_NonBrand,1144.8938126942762,66869.36891526301,,
Region_06,2023-05-22,Paid_Search_NonBrand,1154.4467129007182,69885.50155050313,,
Region_06,2023-05-29,Paid_Search_NonBrand,1094.2864463062647,63087.81878580814,,
Region_06,2023-06-05,Paid_Search_NonBrand,987.4211122204848,64609.11574938616,,
Region_06,2023-06-12,Paid_Search_NonBrand,1046.902325019222,82990.70194553732,,
Region_06,2023-06-19,Paid_Search_NonBrand,1114.1404305828414,84215.6138154929,,
Region_06,2023-06-26,Paid_Search_NonBrand,1083.287446035284,77113.85012045495,,
Region_06,2023-07-03,Paid_Search_NonBrand,1171.7714517518457,84803.65506022908,,
Region_06,2023-07-10,Paid_Search_NonBrand,1014.2736015701248,78174.9656102625,,
Region_06,2023-07-17,Paid_Search_NonBrand,1125.4056633048858,77993.57659923477,,
Region_06,2023-07-24,Paid_Search_NonBrand,1056.0940024868655,78483.00018829934,,
Region_06,2023-07-31,Paid_Search_NonBrand,1166.2375351821267,84476.73675672537,,
Region_06,2023-08-07,Paid_Search_NonBrand,1089.3422671876015,62525.08115489104,,
Region_06,2023-08-14,Paid_Search_NonBrand,1153.2212791537384,79263.21947501037,,
Region_06,2023-08-21,Paid_Search_NonBrand,1062.2041955876587,86914.05498508728,,
Region_06,2023-08-28,Paid_Search_NonBrand,1024.2348368485589,70320.10324863775,,
Region_06,2023-09-04,Paid_Search_NonBrand,1041.447460873061,73332.2545977478,,
Region_06,2023-09-11,Paid_Search_NonBrand,1069.8742111540505,71919.8580126707,,
Region_06,2023-09-18,Paid_Search_NonBrand,1049.6651582325287,71429.1429195772,,
Region_06,2023-09-25,Paid_Search_NonBrand,1175.6015515649763,93960.9380941126,,
Region_06,2023-10-02,Paid_Search_NonBrand,1186.7183790529818,82523.34181202848,,
Region_06,2023-10-09,Paid_Search_NonBrand,1128.9179350447496,72803.39838827719,,
Region_06,2023-10-16,Paid_Search_NonBrand,1062.7225207979134,55611.81323327935,,
Region_06,2023-10-23,Paid_Search_NonBrand,1120.9485748284835,75611.08299555314,,
Region_06,2023-10-30,Paid_Search_NonBrand,1102.183410915567,64670.77504916532,,
Region_06,2023-11-06,Paid_Search_NonBrand,1247.5258574861846,74253.52682534624,,
Region_06,2023-11-13,Paid_Search_NonBrand,1206.3188550231594,93297.11736401159,,
Region_06,2023-11-20,Paid_Search_NonBrand,1253.8205181627338,96135.70725065841,,
Region_06,2023-11-27,Paid_Search_NonBrand,1242.460644908273,73264.08289300525,,
Region_06,2023-12-04,Paid_Search_NonBrand,1190.6446952051851,92604.78531657864,,
Region_06,2023-12-11,Paid_Search_NonBrand,1314.0589440229498,98273.5163639105,,
Region_06,2023-12-18,Paid_Search_NonBrand,1331.946374613509,87968.81596704015,,
Region_06,2023-12-25,Paid_Search_NonBrand,1465.1541641335953,112628.69344212371,,
Region_01,2021-01-04,Programmatic_Display,2457.449654722179,716376.6662911192,,
Region_01,2021-01-11,Programmatic_Display,2440.9095836506353,852525.4045661401,,
Region_01,2021-01-18,Programmatic_Display,2599.7530493472314,807440.6416352338,,
Region_01,2021-01-25,Programmatic_Display,2225.6752189356307,752227.4675988263,,
Region_01,2021-02-01,Programmatic_Display,2175.744238423103,750979.255531206,,
Region_01,2021-02-08,Programmatic_Display,2265.952043754877,804405.1050761268,,
Region_01,2021-02-15,Programmatic_Display,2450.979729782339,766846.8598498539,,
Region_01,2021-02-22,Programmatic_Display,2407.704469647766,812895.1033204806,,
Region_01,2021-03-01,Programmatic_Display,2546.134405476543,750889.2962514594,,
Region_01,2021-03-08,Programmatic_Display,2315.212039786072,666437.3241535258,,
Region_01,2021-03-15,Programmatic_Display,2191.746084969022,767874.7270939949,,
Region_01,2021-03-22,Programmatic_Display,2208.804074483728,728096.818854552,,
Region_01,2021-03-29,Programmatic_Display,2195.9254635903985,619062.6207425054,,
Region_01,2021-04-05,Programmatic_Display,2029.796556101837,617924.7817171679,,
Region_01,2021-04-12,Programmatic_Display,2103.013823383215,698306.8166821619,,
Region_01,2021-04-19,Programmatic_Display,2229.293080370191,863081.544150107,,
Region_01,2021-04-26,Programmatic_Display,1953.023959767364,718516.7312874185,,
Region_01,2021-05-03,Programmatic_Display,2000.611899516724,718092.4886411438,,
Region_01,2021-05-10,Programmatic_Display,2128.5778225510803,590134.6457670929,,
Region_01,2021-05-17,Programmatic_Display,1924.3025856295567,631556.0912921096,,
Region_01,2021-05-24,Programmatic_Display,1906.4260101918812,662659.0910429045,,
Region_01,2021-05-31,Programmatic_Display,1885.834724178245,650062.932169248,,
Region_01,2021-06-07,Programmatic_Display,2035.7300792929432,703286.9803074286,,
Region_01,2021-06-14,Programmatic_Display,2051.909435700192,664333.1546685481,,
Region_01,2021-06-21,Programmatic_Display,1989.3257711432514,785901.8239379188,,
Region_01,2021-06-28,Programmatic_Display,2012.8273899200503,773120.0588114967,,
Region_01,2021-07-05,Programmatic_Display,2145.411221028544,704346.8719018742,,
Region_01,2021-07-12,Programmatic_Display,2106.912956725681,633078.9760514502,,
Region_01,2021-07-19,Programmatic_Display,1885.1198464177673,767083.3783872211,,
Region_01,2021-07-26,Programmatic_Display,2025.4364998324802,635143.6003185305,,
Region_01,2021-08-02,Programmatic_Display,2041.5737217929045,762543.2631632561,,
Region_01,2021-08-09,Programmatic_Display,2109.9372971049747,846257.6848040207,,
Region_01,2021-08-16,Programmatic_Display,2017.1451381927345,608304.0933683637,,
Region_01,2021-08-23,Programmatic_Display,1979.3812531276176,675280.5644383822,,
Region_01,2021-08-30,Programmatic_Display,2002.442402841937,640927.2287321804,,
Region_01,2021-09-06,Programmatic_Display,1878.8140356580013,655507.8348864354,,
Region_01,2021-09-13,Programmatic_Display,2055.8098178344862,703449.4876775467,,
Region_01,2021-09-20,Programmatic_Display,2003.3517730536457,806432.6400211771,,
Region_01,2021-09-27,Programmatic_Display,2119.808100240794,745176.0156499291,,
Region_01,2021-10-04,Programmatic_Display,1976.4215613540628,654393.60645581,,
Region_01,2021-10-11,Programmatic_Display,2049.6483508960428,760154.1089739952,,
Region_01,2021-10-18,Programmatic_Display,2016.0766270713777,650185.1110647911,,
Region_01,2021-10-25,Programmatic_Display,2040.1515158768957,651835.7946173811,,
Region_01,2021-11-01,Programmatic_Display,2282.170434964055,945979.3037653379,,
Region_01,2021-11-08,Programmatic_Display,2224.8041963403534,679171.5401695579,,
Region_01,2021-11-15,Programmatic_Display,2427.537180453126,766075.6097095291,,
Region_01,2021-11-22,Programmatic_Display,2357.164955978866,784574.2497339564,,
Region_01,2021-11-29,Programmatic_Display,2637.9678352471187,786521.4111542283,,
Region_01,2021-12-06,Programmatic_Display,2534.431104550849,680188.504636473,,
Region_01,2021-12-13,Programmatic_Display,2805.260118363689,1033104.7421344199,,
Region_01,2021-12-20,Programmatic_Display,2880.5041534509196,882519.9577138046,,
Region_01,2021-12-27,Programmatic_Display,3074.8433247847342,965279.9456725991,,
Region_01,2022-01-03,Programmatic_Display,2993.115928756257,955615.9282322479,,
Region_01,2022-01-10,Programmatic_Display,2872.2752322199826,862843.533187946,,
Region_01,2022-01-17,Programmatic_Display,2912.3639698815205,866826.0919705487,,
Region_01,2022-01-24,Programmatic_Display,2695.591567695795,907744.1370085769,,
Region_01,2022-01-31,Programmatic_Display,2656.059444172156,1118640.177564162,,
Region_01,2022-02-07,Programmatic_Display,2769.3983208795976,987849.7411385912,,
Region_01,2022-02-14,Programmatic_Display,2712.4606836600833,968553.3041660953,,
Region_01,2022-02-21,Programmatic_Display,2705.180669446007,771157.9127375628,,
Region_01,2022-02-28,Programmatic_Display,2777.9250417132916,918324.6389457012,,
Region_01,2022-03-07,Programmatic_Display,2632.318711985947,774948.4428174469,,
Region_01,2022-03-14,Programmatic_Display,2669.4913355242143,955619.8732910958,,
Region_01,2022-03-21,Programmatic_Display,2680.727398014128,868303.3212263278,,
Region_01,2022-03-28,Programmatic_Display,2560.8872704748555,851864.5070105828,,
Region_01,2022-04-04,Programmatic_Display,2335.2859674318934,767038.6562776671,,
Region_01,2022-04-11,Programmatic_Display,2176.6330692262663,680398.980386139,,
Region_01,2022-04-18,Programmatic_Display,2271.289178282514,646429.0667699486,,
Region_01,2022-04-25,Programmatic_Display,2235.070221429845,784843.735866302,,
Region_01,2022-05-02,Programmatic_Display,2359.275190679501,680826.3000976043,,
Region_01,2022-05-09,Programmatic_Display,2182.378669822147,642647.7662618009,,
Region_01,2022-05-16,Programmatic_Display,2198.989605056829,707319.7061689824,,
Region_01,2022-05-23,Programmatic_Display,2306.1225198088923,712091.0837041584,,
Region_01,2022-05-30,Programmatic_Display,2173.388553360649,739300.0277640667,,
Region_01,2022-06-06,Programmatic_Display,2211.912801626572,810902.8779097259,,
Region_01,2022-06-13,Programmatic_Display,2433.3094667544283,826651.597937944,,
Region_01,2022-06-20,Programmatic_Display,2410.9895274324076,814840.1204207689,,
Region_01,2022-06-27,Programmatic_Display,2314.312529876427,768690.5884292535,,
Region_01,2022-07-04,Programmatic_Display,2277.5686843604626,822341.4758159261,,
Region_01,2022-07-11,Programmatic_Display,2145.491511746329,591126.0241914554,,
Region_01,2022-07-18,Programmatic_Display,2320.1174652347936,797574.3849036717,,
Region_01,2022-07-25,Programmatic_Display,2267.4670783020288,684455.7191913826,,
Region_01,2022-08-01,Programmatic_Display,2290.5591656509423,670985.6821868911,,
Region_01,2022-08-08,Programmatic_Display,2212.050047530377,733366.7137166617,,
Region_01,2022-08-15,Programmatic_Display,2273.2380505636006,724671.515395405,,
Region_01,2022-08-22,Programmatic_Display,2258.3258078440126,793293.8972678776,,
Region_01,2022-08-29,Programmatic_Display,2320.063800659376,858264.840377117,,
Region_01,2022-09-05,Programmatic_Display,2457.614127749314,645398.6991321438,,
Region_01,2022-09-12,Programmatic_Display,2335.412799259599,768313.538794718,,
Region_01,2022-09-19,Programmatic_Display,2116.828146558628,853202.2353167393,,
Region_01,2022-09-26,Programmatic_Display,2197.665412284298,794248.8273850447,,
Region_01,2022-10-03,Programmatic_Display,2140.8207471005453,819808.878958791,,
Region_01,2022-10-10,Programmatic_Display,2241.8812449636594,750498.6315477279,,
Region_01,2022-10-17,Programmatic_Display,2423.533041311702,695715.6298248402,,
Region_01,2022-10-24,Programmatic_Display,2443.413667345377,723532.197256657,,
Region_01,2022-10-31,Programmatic_Display,2380.0760109961498,846870.9690307747,,
Region_01,2022-11-07,Programmatic_Display,2567.456788363746,936405.685368472,,
Region_01,2022-11-14,Programmatic_Display,2543.17381821626,783293.3680295821,,
Region_01,2022-11-21,Programmatic_Display,2582.783844081932,833209.881704948,,
Region_01,2022-11-28,Programmatic_Display,2721.3676918106125,925687.4827998471,,
Region_01,2022-12-05,Programmatic_Display,2937.376130066642,817090.3089695078,,
Region_01,2022-12-12,Programmatic_Display,3428.315459194758,1096981.8512276094,,
Region_01,2022-12-19,Programmatic_Display,3070.320804205063,1196137.0649767523,,
Region_01,2022-12-26,Programmatic_Display,3530.9518039778877,1455901.0149314788,,
Region_01,2023-01-02,Programmatic_Display,3521.158274173816,1154265.7251255184,,
Region_01,2023-01-09,Programmatic_Display,3189.275371981502,1269279.5564433236,,
Region_01,2023-01-16,Programmatic_Display,3094.032307738853,972849.3334424332,,
Region_01,2023-01-23,Programmatic_Display,2875.1443192717575,878604.4993705504,,
Region_01,2023-01-30,Programmatic_Display,2866.714783517058,759457.0736315148,,
Region_01,2023-02-06,Programmatic_Display,3056.9053061647537,1114721.8064041846,,
Region_01,2023-02-13,Programmatic_Display,3021.215647878705,964411.2070624004,,
Region_01,2023-02-20,Programmatic_Display,3200.8604012815717,1340326.581448919,,
Region_01,2023-02-27,Programmatic_Display,3216.183637532803,1101723.4831336958,,
Region_01,2023-03-06,Programmatic_Display,3032.1155598822847,1023928.5971683506,,
Region_01,2023-03-13,Programmatic_Display,2950.7925571315477,816277.418103212,,
Region_01,2023-03-20,Programmatic_Display,2803.0220986737277,1079249.2240464606,,
Region_01,2023-03-27,Programmatic_Display,2767.0492131604574,884318.8612962981,,
Region_01,2023-04-03,Programmatic_Display,2494.8093953144253,813573.437397624,,
Region_01,2023-04-10,Programmatic_Display,2623.78418578059,697366.837650741,,
Region_01,2023-04-17,Programmatic_Display,2548.771730399738,926665.5719994814,,
Region_01,2023-04-24,Programmatic_Display,2385.858243929574,872877.0945877773,,
Region_01,2023-05-01,Programmatic_Display,2752.085566179919,858463.9706029062,,
Region_01,2023-05-08,Programmatic_Display,2345.91776187651,784745.7264728108,,
Region_01,2023-05-15,Programmatic_Display,2354.974199589223,811747.8287630087,,
Region_01,2023-05-22,Programmatic_Display,2494.2940972548918,910252.0578635389,,
Region_01,2023-05-29,Programmatic_Display,2235.6058318181977,748744.5003406291,,
Region_01,2023-06-05,Programmatic_Display,2370.687257069897,933463.4928652752,,
Region_01,2023-06-12,Programmatic_Display,2289.3983405058425,740633.0673488103,,
Region_01,2023-06-19,Programmatic_Display,2358.248264115776,735650.5831097653,,
Region_01,2023-06-26,Programmatic_Display,2462.892850967763,779103.0507221794,,
Region_01,2023-07-03,Programmatic_Display,2523.6842885982696,649007.1175372226,,
Region_01,2023-07-10,Programmatic_Display,2629.2257294006845,803925.6047332187,,
Region_01,2023-07-17,Programmatic_Display,2595.183090310871,951343.613769619,,
Region_01,2023-07-24,Programmatic_Display,2649.4906096753994,901800.4368931568,,
Region_01,2023-07-31,Programmatic_Display,2576.508659000923,786917.7389584134,,
Region_01,2023-08-07,Programmatic_Display,2448.5901575446023,840565.2636942504,,
Region_01,2023-08-14,Programmatic_Display,2654.7834960541813,719177.097426001,,
Region_01,2023-08-21,Programmatic_Display,2455.07266855687,791000.7270364764,,
Region_01,2023-08-28,Programmatic_Display,2444.1678580006596,853922.4254478989,,
Region_01,2023-09-04,Programmatic_Display,2725.303634151586,968776.0831951606,,
Region_01,2023-09-11,Programmatic_Display,2631.6378867680783,807392.3675307918,,
Region_01,2023-09-18,Programmatic_Display,2563.934860251247,931231.5290995293,,
Region_01,2023-09-25,Programmatic_Display,2640.8732685738905,1055497.2082397873,,
Region_01,2023-10-02,Programmatic_Display,2668.867604986057,847825.9710831216,,
Region_01,2023-10-09,Programmatic_Display,2401.8547372808425,857529.1831980029,,
Region_01,2023-10-16,Programmatic_Display,2585.271941434901,733481.3945251682,,
Region_01,2023-10-23,Programmatic_Display,2488.088479868794,677930.2769531357,,
Region_01,2023-10-30,Programmatic_Display,2718.1263234439884,958112.7482356455,,
Region_01,2023-11-06,Programmatic_Display,2698.635992241918,898598.3317149341,,
Region_01,2023-11-13,Programmatic_Display,3112.6718227889037,1052864.5122454865,,
Region_01,2023-11-20,Programmatic_Display,3132.781025263428,979885.2311433753,,
Region_01,2023-11-27,Programmatic_Display,3085.9254567286807,993580.3348280556,,
Region_01,2023-12-04,Programmatic_Display,3371.5490474639914,1212362.2503429528,,
Region_01,2023-12-11,Programmatic_Display,3308.247719382785,1302618.473685144,,
Region_01,2023-12-18,Programmatic_Display,3619.2934107086576,1174400.3216623657,,
Region_01,2023-12-25,Programmatic_Display,3751.850489394544,1054760.530394983,,
Region_02,2021-01-04,Programmatic_Display,1895.464523075794,713980.3905046036,,
Region_02,2021-01-11,Programmatic_Display,1882.7069400811558,663101.9141087857,,
Region_02,2021-01-18,Programmatic_Display,2005.2250772774773,711890.7143810506,,
Region_02,2021-01-25,Programmatic_Display,1716.6937313547419,579743.7794723348,,
Region_02,2021-02-01,Programmatic_Display,1678.1812833043723,702100.00514829,,
Region_02,2021-02-08,Programmatic_Display,1747.759797103157,583991.7146677452,,
Region_02,2021-02-15,Programmatic_Display,1890.4741814967244,660017.5169998073,,
Region_02,2021-02-22,Programmatic_Display,1857.0953815875023,511644.4758394629,,
Region_02,2021-03-01,Programmatic_Display,1963.8682840520166,614615.3532591116,,
Region_02,2021-03-08,Programmatic_Display,1785.754705647699,552880.5093096924,,
Region_02,2021-03-15,Programmatic_Display,1690.5237263624465,558952.8340194318,,
Region_02,2021-03-22,Programmatic_Display,1703.6807869345703,585015.2522120435,,
Region_02,2021-03-29,Programmatic_Display,1693.7473382440162,521120.83158058894,,
Region_02,2021-04-05,Programmatic_Display,1565.6098401687977,617371.3188956765,,
Region_02,2021-04-12,Programmatic_Display,1622.0833196322458,483546.3272654548,,
Region_02,2021-04-19,Programmatic_Display,1719.4842373516542,545102.5788348977,,
Region_02,2021-04-26,Programmatic_Display,1506.3940867893605,511619.7872571237,,
Region_02,2021-05-03,Programmatic_Display,1543.0993154591933,451536.7736349063,,
Region_02,2021-05-10,Programmatic_Display,1641.8011817652568,576460.6039054403,,
Region_02,2021-05-17,Programmatic_Display,1484.2408981665176,524393.2834394261,,
Region_02,2021-05-24,Programmatic_Display,1470.4524510782564,473584.5588641664,,
Region_02,2021-05-31,Programmatic_Display,1454.5701106004547,583907.0639207755,,
Region_02,2021-06-07,Programmatic_Display,1570.1864477440445,524999.3567460005,,
Region_02,2021-06-14,Programmatic_Display,1582.6658065855204,539832.4957935227,,
Region_02,2021-06-21,Programmatic_Display,1534.3941703126027,462237.92553918203,,
Region_02,2021-06-28,Programmatic_Display,1552.5212902479693,435442.4885170791,,
Region_02,2021-07-05,Programmatic_Display,1654.785012199186,515196.8972324301,,
Region_02,2021-07-12,Programmatic_Display,1625.0907744979777,521867.5571311242,,
Region_02,2021-07-19,Programmatic_Display,1454.0187156082043,460717.3019014409,,
Region_02,2021-07-26,Programmatic_Display,1562.2468691466652,559514.4570591765,,
Region_02,2021-08-02,Programmatic_Display,1574.6937291131383,411288.8768216092,,
Region_02,2021-08-09,Programmatic_Display,1627.4234895888617,481813.2975449052,,
Region_02,2021-08-16,Programmatic_Display,1555.8516285337275,429793.7601875642,,
Region_02,2021-08-23,Programmatic_Display,1526.7238275808597,579058.4133053555,,
Region_02,2021-08-30,Programmatic_Display,1544.5112077051433,484053.49451019475,,
Region_02,2021-09-06,Programmatic_Display,1449.1549575404047,456457.14394040144,,
Region_02,2021-09-13,Programmatic_Display,1585.6742246614667,470971.95978396054,,
Region_02,2021-09-20,Programmatic_Display,1545.2126173846145,560710.8030038967,,
Region_02,2021-09-27,Programmatic_Display,1635.0369750257892,520353.2010179693,,
Region_02,2021-10-04,Programmatic_Display,1524.4409768436199,516922.6730692796,,
Region_02,2021-10-11,Programmatic_Display,1580.9218009568822,427723.48675067804,,
Region_02,2021-10-18,Programmatic_Display,1555.027471294473,579850.9086653439,,
Region_02,2021-10-25,Programmatic_Display,1573.5967622421697,542917.0595664604,,
Region_02,2021-11-01,Programmatic_Display,1760.2692640211421,616952.4079352741,,
Region_02,2021-11-08,Programmatic_Display,1716.0218997162083,644102.5020103166,,
Region_02,2021-11-15,Programmatic_Display,1872.3926226340259,609110.4802038067,,
Region_02,2021-11-22,Programmatic_Display,1818.1135635922385,593003.8372866871,,
Region_02,2021-11-29,Programmatic_Display,2034.7006642100455,725133.1083321376,,
Region_02,2021-12-06,Programmatic_Display,1954.841368011272,676665.236514337,,
Region_02,2021-12-13,Programmatic_Display,2163.7354898157237,700284.1041290883,,
Region_02,2021-12-20,Programmatic_Display,2221.772243002857,740177.7406561739,,
Region_02,2021-12-27,Programmatic_Display,2371.6687033430944,747915.1800099972,,
Region_02,2022-01-03,Programmatic_Display,2308.6312452052766,822566.3422259523,,
Region_02,2022-01-10,Programmatic_Display,2215.4251635310743,806859.7537870354,,
Region_02,2022-01-17,Programmatic_Display,2246.3461550827515,745493.1503248136,,
Region_02,2022-01-24,Programmatic_Display,2079.146637023282,832416.9688364976,,
Region_02,2022-01-31,Programmatic_Display,2048.6549695675835,582530.287991503,,
Region_02,2022-02-07,Programmatic_Display,2136.074795024193,692186.9765413334,,
Region_02,2022-02-14,Programmatic_Display,2092.158016843217,823739.6858922372,,
Region_02,2022-02-21,Programmatic_Display,2086.5428423293656,663520.263799733,,
Region_02,2022-02-28,Programmatic_Display,2142.6515714018415,605486.5192420655,,
Region_02,2022-03-07,Programmatic_Display,2030.343418189783,774560.9344874372,,
Region_02,2022-03-14,Programmatic_Display,2059.015171041788,721398.4444578221,,
Region_02,2022-03-21,Programmatic_Display,2067.6816996877637,608554.1271740596,,
Region_02,2022-03-28,Programmatic_Display,1975.2473705632272,708153.1612217908,,
Region_02,2022-04-04,Programmatic_Display,1801.2380005417895,539323.2977622795,,
Region_02,2022-04-11,Programmatic_Display,1678.8668506571669,486940.3830478035,,
Region_02,2022-04-18,Programmatic_Display,1751.8764019469547,572368.9077725522,,
Region_02,2022-04-25,Programmatic_Display,1723.9402252504647,544994.3504487266,,
Region_02,2022-05-02,Programmatic_Display,1819.741216473237,540789.1927438597,,
Region_02,2022-05-09,Programmatic_Display,1683.2985109649692,538331.1344869088,,
Region_02,2022-05-16,Programmatic_Display,1696.1107524576682,508785.33987497364,,
Region_02,2022-05-23,Programmatic_Display,1778.743834594684,593649.3774390176,,
Region_02,2022-05-30,Programmatic_Display,1676.364311202893,554846.7283424081,,
Region_02,2022-06-06,Programmatic_Display,1706.0785906901267,609878.8778867387,,
Region_02,2022-06-13,Programmatic_Display,1876.844865991334,594902.273807645,,
Region_02,2022-06-20,Programmatic_Display,1859.62919157831,539842.3751125734,,
Region_02,2022-06-27,Programmatic_Display,1785.0609013540436,518835.8251135848,,
Region_02,2022-07-04,Programmatic_Display,1756.7198708539654,568612.5921350872,,
Region_02,2022-07-11,Programmatic_Display,1654.8469415277486,640402.012644383,,
Region_02,2022-07-18,Programmatic_Display,1789.5383273755247,646406.9456675051,,
Region_02,2022-07-25,Programmatic_Display,1748.928363966711,544097.6525616179,,
Region_02,2022-08-01,Programmatic_Display,1766.739606711613,644186.8570695985,,
Region_02,2022-08-08,Programmatic_Display,1706.1844503325003,503910.0668593433,,
Region_02,2022-08-15,Programmatic_Display,1753.3795937872057,643905.9755065937,,
Region_02,2022-08-22,Programmatic_Display,1741.877577060165,556125.9394435154,,
Region_02,2022-08-29,Programmatic_Display,1789.4969351546688,641253.6589695007,,
Region_02,2022-09-05,Programmatic_Display,1895.5913833707093,669398.128004653,,
Region_02,2022-09-12,Programmatic_Display,1801.3358276648603,581240.1680643897,,
Region_02,2022-09-19,Programmatic_Display,1632.7384960013658,559785.7896091389,,
Region_02,2022-09-26,Programmatic_Display,1695.0893844645443,505318.77527716354,,
Region_02,2022-10-03,Programmatic_Display,1651.2443168860975,543795.6533152898,,
Region_02,2022-10-10,Programmatic_Display,1729.1936608394187,639518.6077143135,,
Region_02,2022-10-17,Programmatic_Display,1869.3041753596563,935302.385786056,,
Region_02,2022-10-24,Programmatic_Display,1884.6383740769954,670951.3951184349,,
Region_02,2022-10-31,Programmatic_Display,1835.7851736242285,614472.2809527168,,
Region_02,2022-11-07,Programmatic_Display,1980.3145295457828,593591.3121056032,,
Region_02,2022-11-14,Programmatic_Display,1961.5847426136177,723751.0205202826,,
Region_02,2022-11-21,Programmatic_Display,1992.1364972110007,559806.5923170582,,
Region_02,2022-11-28,Programmatic_Display,2099.028114028579,642567.6435994201,,
Region_02,2022-12-05,Programmatic_Display,2265.6383762622518,779201.0076370593,,
Region_02,2022-12-12,Programmatic_Display,2644.3065941672803,777455.3424386412,,
Region_02,2022-12-19,Programmatic_Display,2368.1804213767987,916989.7679281855,,
Region_02,2022-12-26,Programmatic_Display,2723.471410398924,1008310.1263492604,,
Region_02,2023-01-02,Programmatic_Display,2715.917526939447,851203.8193522705,,
Region_02,2023-01-09,Programmatic_Display,2459.9317061466777,771977.1211220055,,
Region_02,2023-01-16,Programmatic_Display,2386.469428295301,693713.8233226791,,
Region_02,2023-01-23,Programmatic_Display,2217.638129607431,639370.5127824203,,
Region_02,2023-01-30,Programmatic_Display,2211.136313410168,766950.6710968633,,
Region_02,2023-02-06,Programmatic_Display,2357.832864288117,832817.626829321,,
Region_02,2023-02-13,Programmatic_Display,2330.304942813953,800927.6446107513,,
Region_02,2023-02-20,Programmatic_Display,2468.867397665273,841297.4442635556,,
Region_02,2023-02-27,Programmatic_Display,2480.6864193234,778103.9573297674,,
Region_02,2023-03-06,Programmatic_Display,2338.712193993131,804540.6319667164,,
Region_02,2023-03-13,Programmatic_Display,2275.986649920309,651500.5326018471,,
Region_02,2023-03-20,Programmatic_Display,2162.0092746250625,717945.2588159983,,
Region_02,2023-03-27,Programmatic_Display,2134.2628961175524,821001.2675825455,,
Region_02,2023-04-03,Programmatic_Display,1924.280601870264,729101.6759561786,,
Region_02,2023-04-10,Programmatic_Display,2023.7606214222362,640983.3362528244,,
Region_02,2023-04-17,Programmatic_Display,1965.9024888293693,630781.3624394025,,
Region_02,2023-04-24,Programmatic_Display,1840.2450889549073,701128.6259198922,,
Region_02,2023-05-01,Programmatic_Display,2122.721230581114,842699.7093288316,,
Region_02,2023-05-08,Programmatic_Display,1809.4384489813665,516666.07153573324,,
Region_02,2023-05-15,Programmatic_Display,1816.4238032314147,577446.8836224297,,
Region_02,2023-05-22,Programmatic_Display,1923.8831454305039,653535.5480460416,,
Region_02,2023-05-29,Programmatic_Display,1724.353348867204,646577.2977116854,,
Region_02,2023-06-05,Programmatic_Display,1828.54349933442,557785.5846772959,,
Region_02,2023-06-12,Programmatic_Display,1765.8442464034974,624941.3345129602,,
Region_02,2023-06-19,Programmatic_Display,1818.9491339719311,585624.3726093869,,
Region_02,2023-06-26,Programmatic_Display,1899.6629347729852,800066.5289818393,,
Region_02,2023-07-03,Programmatic_Display,1946.5522019097425,674385.4425181596,,
Region_02,2023-07-10,Programmatic_Display,2027.9577584267884,663874.5137738457,,
Region_02,2023-07-17,Programmatic_Display,2001.7002053808403,642236.196554039,,
Region_02,2023-07-24,Programmatic_Display,2043.5883376947259,753916.8953461141,,
Region_02,2023-07-31,Programmatic_Display,1987.2963611480177,705959.8123236576,,
Region_02,2023-08-07,Programmatic_Display,1888.6310717535596,562140.5697462531,,
Region_02,2023-08-14,Programmatic_Display,2047.6708133362408,694440.041800157,,
Region_02,2023-08-21,Programmatic_Display,1893.6311211424004,549328.5060148498,,
Region_02,2023-08-28,Programmatic_Display,1885.2200916425934,579851.9438066592,,
Region_02,2023-09-04,Programmatic_Display,2102.063960178204,612509.9887094903,,
Region_02,2023-09-11,Programmatic_Display,2029.8182883892987,589609.3210318545,,
Region_02,2023-09-18,Programmatic_Display,1977.598018232016,612506.2660913432,,
Region_02,2023-09-25,Programmatic_Display,2036.9416646653249,612580.5389844156,,
Region_02,2023-10-02,Programmatic_Display,2058.5340791485055,720275.7821042605,,
Region_02,2023-10-09,Programmatic_Display,1852.5834030207452,665955.822045671,,
Region_02,2023-10-16,Programmatic_Display,1994.055600722826,646016.6690399945,,
Region_02,2023-10-23,Programmatic_Display,1919.096667881909,569140.3771998463,,
Region_02,2023-10-30,Programmatic_Display,2096.528002283319,754220.2825452324,,
Region_02,2023-11-06,Programmatic_Display,2081.494843306681,563686.1920999611,,
Region_02,2023-11-13,Programmatic_Display,2400.8463411394027,656252.4103736818,,
Region_02,2023-11-20,Programmatic_Display,2416.3568439912374,862605.938671435,,
Region_02,2023-11-27,Programmatic_Display,2380.216503254044,843645.5178641005,,
Region_02,2023-12-04,Programmatic_Display,2600.521884547198,951675.4587383586,,
Region_02,2023-12-11,Programmatic_Display,2551.696704584326,828612.1825641145,,
Region_02,2023-12-18,Programmatic_Display,2791.610499697426,816166.0491276807,,
Region_02,2023-12-25,Programmatic_Display,2893.85358713926,912423.3822612503,,
Region_03,2021-01-04,Programmatic_Display,1848.3150618285492,649282.9118138497,,
Region_03,2021-01-11,Programmatic_Display,1835.8748222384916,564086.7458502754,,
Region_03,2021-01-18,Programmatic_Display,1955.3453349124352,604691.4257436879,,
Region_03,2021-01-25,Programmatic_Display,1673.9911729188,482905.82302063814,,
Region_03,2021-02-01,Programmatic_Display,1636.4367175687853,483145.49310352415,,
Region_03,2021-02-08,Programmatic_Display,1704.284473867201,615528.1987509385,,
Region_03,2021-02-15,Programmatic_Display,1843.448854420301,640304.393801703,,
Region_03,2021-02-22,Programmatic_Display,1810.90034830642,534775.8477426606,,
Region_03,2021-03-01,Programmatic_Display,1915.0172871452805,570157.0011164688,,
Region_03,2021-03-08,Programmatic_Display,1741.3342634468643,546134.4202264787,,
Region_03,2021-03-15,Programmatic_Display,1648.4721437802878,577989.8113095533,,
Region_03,2021-03-22,Programmatic_Display,1661.3019239891967,490254.7028441188,,
Region_03,2021-03-29,Programmatic_Display,1651.6155686883553,538878.076795649,,
Region_03,2021-04-05,Programmatic_Display,1526.665476088821,408441.4959785269,,
Region_03,2021-04-12,Programmatic_Display,1581.734184268479,462634.83624307066,,
Region_03,2021-04-19,Programmatic_Display,1676.7122654011046,580425.212589657,,
Region_03,2021-04-26,Programmatic_Display,1468.9227077403348,533455.4968017183,,
Region_03,2021-05-03,Programmatic_Display,1504.714898083325,444588.73839688156,,
Region_03,2021-05-10,Programmatic_Display,1600.9615668566607,491567.6980816881,,
Region_03,2021-05-17,Programmatic_Display,1447.320577127684,520361.3698265048,,
Region_03,2021-05-24,Programmatic_Display,1433.8751160693555,457546.35334874707,,
Region_03,2021-05-31,Programmatic_Display,1418.3878469778851,445785.66233512154,,
Region_03,2021-06-07,Programmatic_Display,1531.1282410788406,535293.3502063667,,
Region_03,2021-06-14,Programmatic_Display,1543.2971773094348,522331.18898223847,,
Region_03,2021-06-21,Programmatic_Display,1496.2262924175545,555190.2550949416,,
Region_03,2021-06-28,Programmatic_Display,1513.9025023366632,544112.3376029071,,
Region_03,2021-07-05,Programmatic_Display,1613.6224260070694,505413.3677171595,,
Region_03,2021-07-12,Programmatic_Display,1584.66682904153,519657.86011948617,,
Region_03,2021-07-19,Programmatic_Display,1417.850167872428,467716.81710848364,,
Region_03,2021-07-26,Programmatic_Display,1523.386158582728,441206.98478338553,,
Region_03,2021-08-02,Programmatic_Display,1535.523404344084,462148.71051751886,,
Region_03,2021-08-09,Programmatic_Display,1586.9415181137576,580660.7300131011,,
Region_03,2021-08-16,Programmatic_Display,1517.1499988419328,429340.58518827456,,
Region_03,2021-08-23,Programmatic_Display,1488.7467485759944,545994.0763594068,,
Region_03,2021-08-30,Programmatic_Display,1506.0916696726094,514390.1460044927,,
Region_03,2021-09-06,Programmatic_Display,1413.1073952252161,462508.81072623807,,
Region_03,2021-09-13,Programmatic_Display,1546.2307613329572,541688.3129442945,,
Region_03,2021-09-20,Programmatic_Display,1506.7756318672568,524597.8040614061,,
Region_03,2021-09-27,Programmatic_Display,1594.365618979149,597463.9937336572,,
Region_03,2021-10-04,Programmatic_Display,1486.5206834873693,473954.95080698497,,
Region_03,2021-10-11,Programmatic_Display,1541.5965536195254,500077.0565538662,,
Region_03,2021-10-18,Programmatic_Display,1516.3463424188847,491029.4448477302,,
Region_03,2021-10-25,Programmatic_Display,1534.4537243974248,615236.1698982934,,
Region_03,2021-11-01,Programmatic_Display,1716.4827692393762,626467.3473058331,,
Region_03,2021-11-08,Programmatic_Display,1673.336053014736,506229.9501389352,,
Region_03,2021-11-15,Programmatic_Display,1825.8170722474363,586106.9370293163,,
Region_03,2021-11-22,Programmatic_Display,1772.888198534718,548257.6283292426,,
Region_03,2021-11-29,Programmatic_Display,1984.087720021969,659514.0924427137,,
Region_03,2021-12-06,Programmatic_Display,1906.2149145992116,646510.7780254766,,
Region_03,2021-12-13,Programmatic_Display,2109.9128192332078,881629.8626236506,,
Region_03,2021-12-20,Programmatic_Display,2166.505914883099,598832.5766436991,,
Region_03,2021-12-27,Programmatic_Display,2312.6737180726122,851207.0415508387,,
Region_03,2022-01-03,Programmatic_Display,2251.20430943053,780817.8327137812,,
Region_03,2022-01-10,Programmatic_Display,2160.3167182806314,668410.3782578694,,
Region_03,2022-01-17,Programmatic_Display,2190.4685537361947,716385.7386738766,,
Region_03,2022-01-24,Programmatic_Display,2027.42810439119,640451.407223442,,
Region_03,2022-01-31,Programmatic_Display,1997.6949136442688,666597.7548221003,,
Region_03,2022-02-07,Programmatic_Display,2082.940181032168,765077.180383462,,
Region_03,2022-02-14,Programmatic_Display,2040.1158276398069,581665.8974701964,,
Region_03,2022-02-21,Programmatic_Display,2034.6403299439146,770695.5313935343,,
Region_03,2022-02-28,Programmatic_Display,2089.3533608564785,668230.5109962461,,
Region_03,2022-03-07,Programmatic_Display,1979.8388599935708,764349.5027201488,,
Region_03,2022-03-14,Programmatic_Display,2007.7974063025204,694836.8774050388,,
Region_03,2022-03-21,Programmatic_Display,2016.2483560486717,757700.0447902837,,
Region_03,2022-03-28,Programmatic_Display,1926.1133201928374,676980.4375989514,,
Region_03,2022-04-04,Programmatic_Display,1756.4324131674623,650377.078450013,,
Region_03,2022-04-11,Programmatic_Display,1637.1052315128034,546764.2417894677,,
Region_03,2022-04-18,Programmatic_Display,1708.2986786406254,521948.88229343866,,
Region_03,2022-04-25,Programmatic_Display,1681.0574111152182,597252.7922204819,,
Region_03,2022-05-02,Programmatic_Display,1774.4753637381564,632901.8208244434,,
Region_03,2022-05-09,Programmatic_Display,1641.4266547819275,672893.4723599323,,
Region_03,2022-05-16,Programmatic_Display,1653.9201932462151,449341.69895024254,,
Region_03,2022-05-23,Programmatic_Display,1734.4977870021362,564829.8555504252,,
Region_03,2022-05-30,Programmatic_Display,1634.664942438625,603963.5665128453,,
Region_03,2022-06-06,Programmatic_Display,1663.6400826530755,487358.92443798744,,
Region_03,2022-06-13,Programmatic_Display,1830.1585665650848,594226.9751198505,,
Region_03,2022-06-20,Programmatic_Display,1813.371130066145,744849.6482213447,,
Region_03,2022-06-27,Programmatic_Display,1740.6577174549386,666482.1633157159,,
Region_03,2022-07-04,Programmatic_Display,1713.021666817581,521047.62302995555,,
Region_03,2022-07-11,Programmatic_Display,1613.6828148507316,618494.4137616425,,
Region_03,2022-07-18,Programmatic_Display,1745.0237680208954,652810.2012410327,,
Region_03,2022-07-25,Programmatic_Display,1705.4239727648937,612520.6334698091,,
Region_03,2022-08-01,Programmatic_Display,1722.792162902194,594683.6334186449,,
Region_03,2022-08-08,Programmatic_Display,1663.7433090490626,566155.2060616454,,
Region_03,2022-08-15,Programmatic_Display,1709.7644787573406,520679.6364465072,,
Region_03,2022-08-22,Programmatic_Display,1698.5485733688845,535921.6288748052,,
Region_03,2022-08-29,Programmatic_Display,1744.983405426756,624022.5820595081,,
Region_03,2022-09-05,Programmatic_Display,1848.4387664882702,622961.1326594063,,
Region_03,2022-09-12,Programmatic_Display,1756.5278068521375,702546.6873620606,,
Region_03,2022-09-19,Programmatic_Display,1592.1243143551803,511690.36659077473,,
Region_03,2022-09-26,Programmatic_Display,1652.9242316640396,431880.117491387,,
Region_03,2022-10-03,Programmatic_Display,1610.169805081246,517491.22771822655,,
Region_03,2022-10-10,Programmatic_Display,1686.18016810022,576182.1954863914,,
Region_03,2022-10-17,Programmatic_Display,1822.8054497425644,629469.6747125807,,
Region_03,2022-10-24,Programmatic_Display,1837.7582120366005,614948.0771207145,,
Region_03,2022-10-31,Programmatic_Display,1790.1202293067236,547916.3834835017,,
Region_03,2022-11-07,Programmatic_Display,1931.0544341805262,745493.4325469447,,
Region_03,2022-11-14,Programmatic_Display,1912.7905485366077,594858.5696190203,,
Region_03,2022-11-21,Programmatic_Display,1942.5823317644993,693348.616746489,,
Region_03,2022-11-28,Programmatic_Display,2046.8150319505928,661064.0821697678,,
Region_03,2022-12-05,Programmatic_Display,2209.280883140458,651392.4244967246,,
Region_03,2022-12-12,Programmatic_Display,2578.5297728289374,987483.6247971071,,
Region_03,2022-12-19,Programmatic_Display,2309.272206717629,597087.9415697727,,
Region_03,2022-12-26,Programmatic_Display,2655.725373393594,810706.9065519364,,
Region_03,2023-01-02,Programmatic_Display,2648.359391913343,919417.9111131256,,
Region_03,2023-01-09,Programmatic_Display,2398.7411888682946,769516.0003822834,,
Region_03,2023-01-16,Programmatic_Display,2327.106276699852,834066.9334119357,,
Region_03,2023-01-23,Programmatic_Display,2162.4746370812472,711843.526352604,,
Region_03,2023-01-30,Programmatic_Display,2156.1345528114866,685127.4783681583,,
Region_03,2023-02-06,Programmatic_Display,2299.1820439172693,949123.0634946227,,
Region_03,2023-02-13,Programmatic_Display,2272.338876312652,739155.2399561239,,
Region_03,2023-02-20,Programmatic_Display,2407.4546060916746,788006.3218290528,,
Region_03,2023-02-27,Programmatic_Display,2418.9796309501426,721803.9176472947,,
Region_03,2023-03-06,Programmatic_Display,2280.536998089067,703723.2115222247,,
Region_03,2023-03-13,Programmatic_Display,2219.3717446856135,787651.2058202532,,
Region_03,2023-03-20,Programmatic_Display,2108.229543446184,741852.6847319405,,
Region_03,2023-03-27,Programmatic_Display,2081.173352901711,692311.0366404153,,
Region_03,2023-04-03,Programmatic_Display,1876.414343988803,581872.9989943143,,
Region_03,2023-04-10,Programmatic_Display,1973.4198095358659,703053.7176475663,,
Region_03,2023-04-17,Programmatic_Display,1917.0008913135737,537728.8798189946,,
Region_03,2023-04-24,Programmatic_Display,1794.4692047582912,576867.4778795457,,
Region_03,2023-05-01,Programmatic_Display,2069.918784963415,671413.7971110144,,
Region_03,2023-05-08,Programmatic_Display,1764.4288763985564,539345.0051237247,,
Region_03,2023-05-15,Programmatic_Display,1771.2404707678465,598360.2015799226,,
Region_03,2023-05-22,Programmatic_Display,1876.0267742321098,583841.2710944396,,
Region_03,2023-05-29,Programmatic_Display,1681.4602583296717,516267.24192646274,,
Region_03,2023-06-05,Programmatic_Display,1783.058690829079,710534.7161174648,,
Region_03,2023-06-12,Programmatic_Display,1721.9190745784047,617108.471853349,,
Region_03,2023-06-19,Programmatic_Display,1773.7029841976525,665534.843163213,,
Region_03,2023-06-26,Programmatic_Display,1852.4090385193308,619687.5239412951,,
Region_03,2023-07-03,Programmatic_Display,1898.131940547767,695766.4937266433,,
Region_03,2023-07-10,Programmatic_Display,1977.5125432418406,711715.8790684965,,
Region_03,2023-07-17,Programmatic_Display,1951.9081437974057,733586.2217764099,,
Region_03,2023-07-24,Programmatic_Display,1992.7543136544853,840713.3115022093,,
Region_03,2023-07-31,Programmatic_Display,1937.8625935274608,630694.6692913595,,
Region_03,2023-08-07,Programmatic_Display,1841.6515918192754,629259.9783803547,,
Region_03,2023-08-14,Programmatic_Display,1996.7352381855944,661419.9425980332,,
Region_03,2023-08-21,Programmatic_Display,1846.5272655566475,432584.0214167555,,
Region_03,2023-08-28,Programmatic_Display,1838.3254594448927,532349.0037049918,,
Region_03,2023-09-04,Programmatic_Display,2049.775361777627,683890.3445852051,,
Region_03,2023-09-11,Programmatic_Display,1979.3267927362658,702299.5504920313,,
Region_03,2023-09-18,Programmatic_Display,1928.4054957721642,606313.9813980644,,
Region_03,2023-09-25,Programmatic_Display,1986.2729758495673,741126.2789170814,,
Region_03,2023-10-02,Programmatic_Display,2007.3282815145585,760222.5290066429,,
Region_03,2023-10-09,Programmatic_Display,1806.500604685763,577392.724782112,,
Region_03,2023-10-16,Programmatic_Display,1944.4536977979608,746882.32607247,,
Region_03,2023-10-23,Programmatic_Display,1871.3593597601066,742784.4666781147,,
Region_03,2023-10-30,Programmatic_Display,2044.3771101964464,713466.4650109331,,
Region_03,2023-11-06,Programmatic_Display,2029.7178993143066,613020.2930463953,,
Region_03,2023-11-13,Programmatic_Display,2341.1255654962624,903417.2696569107,,
Region_03,2023-11-20,Programmatic_Display,2356.250246379796,772356.7847726261,,
Region_03,2023-11-27,Programmatic_Display,2321.008892447317,744744.6529652036,,
Region_03,2023-12-04,Programmatic_Display,2535.83420280726,854923.5381723475,,
Region_03,2023-12-11,Programmatic_Display,2488.223543560827,785791.752317442,,
Region_03,2023-12-18,Programmatic_Display,2722.1695107100413,1009908.7091196885,,
Region_03,2023-12-25,Programmatic_Display,2821.869313152104,1016494.2080263126,,
Region_04,2021-01-04,Programmatic_Display,1511.3858340706931,569046.1696729735,,
Region_04,2021-01-11,Programmatic_Display,1501.213324915107,530305.1088005526,,
Region_04,2021-01-18,Programmatic_Display,1598.9055659045446,492254.4661618772,,
Region_04,2021-01-25,Programmatic_Display,1368.839435093857,449053.9182045903,,
Region_04,2021-02-01,Programmatic_Display,1338.1307788726062,486849.3128238367,,
Region_04,2021-02-08,Programmatic_Display,1393.610572258837,446012.3955735051,,
Region_04,2021-02-15,Programmatic_Display,1507.4066872821581,672855.7965708886,,
Region_04,2021-02-22,Programmatic_Display,1480.7914461489631,481780.91295199556,,
Region_04,2021-03-01,Programmatic_Display,1565.9289152405045,492248.29720643786,,
Region_04,2021-03-08,Programmatic_Display,1423.9065581989205,532422.5580272499,,
Region_04,2021-03-15,Programmatic_Display,1347.972268053067,484209.7613760007,,
Region_04,2021-03-22,Programmatic_Display,1358.4633084944094,451558.33137241146,,
Region_04,2021-03-29,Programmatic_Display,1350.5426782469967,439934.15407642385,,
Region_04,2021-04-05,Programmatic_Display,1248.3697295864313,434254.9416495262,,
Region_04,2021-04-12,Programmatic_Display,1293.3999666721847,468703.6347585033,,
Region_04,2021-04-19,Programmatic_Display,1371.0644998113853,493242.9412823652,,
Region_04,2021-04-26,Programmatic_Display,1201.1528865793798,388486.5649128408,,
Region_04,2021-05-03,Programmatic_Display,1230.4205209626866,428242.7938424093,,
Region_04,2021-05-10,Programmatic_Display,1309.122390987272,474800.7085184324,,
Region_04,2021-05-17,Programmatic_Display,1183.488606896778,425858.2455460275,,
Region_04,2021-05-24,Programmatic_Display,1172.4941180264643,287046.02045767696,,
Region_04,2021-05-31,Programmatic_Display,1159.8300221714362,353679.1344489281,,
Region_04,2021-06-07,Programmatic_Display,1252.0189774479024,386183.9748665714,,
Region_04,2021-06-14,Programmatic_Display,1261.9696391150937,411078.4873358358,,
Region_04,2021-06-21,Programmatic_Display,1223.4793026502823,415195.8441010515,,
Region_04,2021-06-28,Programmatic_Display,1237.9333174573521,452473.7451575086,,
Region_04,2021-07-05,Programmatic_Display,1319.4753029784567,467849.0388522252,,
Region_04,2021-07-12,Programmatic_Display,1295.7980198276712,426483.83377396275,,
Region_04,2021-07-19,Programmatic_Display,1159.3903565537898,387358.8533245851,,
Region_04,2021-07-26,Programmatic_Display,1245.68819864699,495091.76664892415,,
Region_04,2021-08-02,Programmatic_Display,1255.6129466984398,393661.1291862648,,
Region_04,2021-08-09,Programmatic_Display,1297.6580559825888,445926.01575864194,,
Region_04,2021-08-16,Programmatic_Display,1240.5888280440608,483610.1138563251,,
Region_04,2021-08-23,Programmatic_Display,1217.3632043503198,420070.5285221213,,
Region_04,2021-08-30,Programmatic_Display,1231.5463209519685,334642.2203009303,,
Region_04,2021-09-06,Programmatic_Display,1155.5121436120405,399885.963017842,,
Region_04,2021-09-13,Programmatic_Display,1264.3684603051465,405442.9704343829,,
Region_04,2021-09-20,Programmatic_Display,1232.1056037243586,406082.95024630835,,
Region_04,2021-09-27,Programmatic_Display,1303.7288180027629,482737.40450893523,,
Region_04,2021-10-04,Programmatic_Display,1215.542928516318,424659.31890702824,,
Region_04,2021-10-11,Programmatic_Display,1260.5790220027322,409243.3621103987,,
Region_04,2021-10-18,Programmatic_Display,1239.9316700960792,451872.570113767,,
Region_04,2021-10-25,Programmatic_Display,1254.738258636995,436853.459217073,,
Region_04,2021-11-01,Programmatic_Display,1403.5852411916737,472806.8428148956,,
Region_04,2021-11-08,Programmatic_Display,1368.303736952848,470038.9724999558,,
Region_04,2021-11-15,Programmatic_Display,1492.9890014904702,510420.35815583117,,
Region_04,2021-11-22,Programmatic_Display,1449.7085285912349,467104.5435865507,,
Region_04,2021-11-29,Programmatic_Display,1622.4085035741523,516535.88451195246,,
Region_04,2021-12-06,Programmatic_Display,1558.7311265912144,520886.0158836159,,
Region_04,2021-12-13,Programmatic_Display,1725.2969539502853,522757.5332220864,,
Region_04,2021-12-20,Programmatic_Display,1771.5736980173028,520673.3484279058,,
Region_04,2021-12-27,Programmatic_Display,1891.0965822377611,717943.5542964449,,
Region_04,2022-01-03,Programmatic_Display,1840.8324279444803,599077.8791797507,,
Region_04,2022-01-10,Programmatic_Display,1766.512729645388,587425.9309130763,,
Region_04,2022-01-17,Programmatic_Display,1791.1681890526631,589047.3758579872,,
Region_04,2022-01-24,Programmatic_Display,1657.8483722045662,553911.0761441616,,
Region_04,2022-01-31,Programmatic_Display,1633.5352427902767,545749.7908543927,,
Region_04,2022-02-07,Programmatic_Display,1703.2411561447773,571456.5657840839,,
Region_04,2022-02-14,Programmatic_Display,1668.2232512393118,513067.5700460417,,
Region_04,2022-02-21,Programmatic_Display,1663.7458816485066,608755.6300131232,,
Region_04,2022-02-28,Programmatic_Display,1708.4852778521567,531413.6344968473,,
Region_04,2022-03-07,Programmatic_Display,1618.9341679532993,598485.0348427817,,
Region_04,2022-03-14,Programmatic_Display,1641.7961527443292,451715.4312893103,,
Region_04,2022-03-21,Programmatic_Display,1648.7065794321582,494220.4017548889,,
Region_04,2022-03-28,Programmatic_Display,1575.0022531734144,579758.752401602,,
Region_04,2022-04-04,Programmatic_Display,1436.2524672269062,471710.4090570322,,
Region_04,2022-04-11,Programmatic_Display,1338.677429454931,417265.6317708908,,
Region_04,2022-04-18,Programmatic_Display,1396.8930279152935,483432.0937223773,,
Region_04,2022-04-25,Programmatic_Display,1374.6175692068095,412718.59339014295,,
Region_04,2022-05-02,Programmatic_Display,1451.0063695569593,487401.1760352485,,
Region_04,2022-05-09,Programmatic_Display,1342.21110076826,358506.2234028598,,
Region_04,2022-05-16,Programmatic_Display,1352.427192949893,430870.5915632368,,
Region_04,2022-05-23,Programmatic_Display,1418.3163025834642,443026.21614304156,,
Region_04,2022-05-30,Programmatic_Display,1336.6819805112307,470264.3624572558,,
Region_04,2022-06-06,Programmatic_Display,1360.3752443734036,494961.8537087219,,
Region_04,2022-06-13,Programmatic_Display,1496.5390851022441,457988.1865305106,,
Region_04,2022-06-20,Programmatic_Display,1482.811829268621,580549.0442856961,,
Region_04,2022-06-27,Programmatic_Display,1423.3533397301592,447177.34269541036,,
Region_04,2022-07-04,Programmatic_Display,1400.7550628965332,380148.5273744981,,
Region_04,2022-07-11,Programmatic_Display,1319.524683543887,346694.4066977033,,
Region_04,2022-07-18,Programmatic_Display,1426.923503233396,554773.4361812609,,
Region_04,2022-07-25,Programmatic_Display,1394.5423519794479,460796.0928694858,,
Region_04,2022-08-01,Programmatic_Display,1408.744495909927,440147.1162251879,,
Region_04,2022-08-08,Programmatic_Display,1360.4596536366398,420807.62930209463,,
Region_04,2022-08-15,Programmatic_Display,1398.0916274277545,417811.1456767441,,
Region_04,2022-08-22,Programmatic_Display,1388.9202686748702,530008.491234149,,
Region_04,2022-08-29,Programmatic_Display,1426.8904983338157,471657.1221070105,,
Region_04,2022-09-05,Programmatic_Display,1511.4869886163506,602602.4740277812,,
Region_04,2022-09-12,Programmatic_Display,1436.3304716032462,469343.2135837918,,
Region_04,2022-09-19,Programmatic_Display,1301.8960806472862,343070.328575425,,
Region_04,2022-09-26,Programmatic_Display,1351.61278513725,490235.0252783912,,
Region_04,2022-10-03,Programmatic_Display,1316.65206008796,423018.3833716162,,
Region_04,2022-10-10,Programmatic_Display,1378.806499167083,448834.1717831151,,
Region_04,2022-10-17,Programmatic_Display,1490.5263674485616,581144.6257689525,,
Region_04,2022-10-24,Programmatic_Display,1502.7533917141511,487896.4618769896,,
Region_04,2022-10-31,Programmatic_Display,1463.799333637921,548056.0995511964,,
Region_04,2022-11-07,Programmatic_Display,1579.042651826084,526084.8803282402,,
Region_04,2022-11-14,Programmatic_Display,1564.1080886623793,483601.2070689805,,
Region_04,2022-11-21,Programmatic_Display,1588.4691297382415,557044.5444384784,,
Region_04,2022-11-28,Programmatic_Display,1673.7012580488488,525374.9733139429,,
Region_04,2022-12-05,Programmatic_Display,1806.5512202006898,680884.1063572152,,
Region_04,2022-12-12,Programmatic_Display,2108.4897547324545,773637.6231632114,,
Region_04,2022-12-19,Programmatic_Display,1888.3151321578891,633399.5020343453,,
Region_04,2022-12-26,Programmatic_Display,2171.613374485126,769393.9110712217,,
Region_04,2023-01-02,Programmatic_Display,2165.5901372713015,763792.4707642532,,
Region_04,2023-01-09,Programmatic_Display,1961.4748195963844,636050.4715449006,,
Region_04,2023-01-16,Programmatic_Display,1902.8982307278327,693697.3308118369,,
Region_04,2023-01-23,Programmatic_Display,1768.2772815736178,576179.7148919674,,
Region_04,2023-01-30,Programmatic_Display,1763.0929308370876,625050.9530717502,,
Region_04,2023-02-06,Programmatic_Display,1880.0643044527662,569873.5088612915,,
Region_04,2023-02-13,Programmatic_Display,1858.114376057405,625723.1498283213,,
Region_04,2023-02-20,Programmatic_Display,1968.599868582749,684079.9493342619,,
Region_04,2023-02-27,Programmatic_Display,1978.0239974383396,609351.9398384347,,
Region_04,2023-03-06,Programmatic_Display,1864.8180627690215,596377.4638237001,,
Region_04,2023-03-13,Programmatic_Display,1814.8026192764664,573647.5901340536,,
Region_04,2023-03-20,Programmatic_Display,1723.9205223927643,618198.162863883,,
Region_04,2023-03-27,Programmatic_Display,1701.7964029948635,528025.2332156348,,
Region_04,2023-04-03,Programmatic_Display,1534.3628999842006,534553.4174074449,,
Region_04,2023-04-10,Programmatic_Display,1613.6852457698906,626745.7962930701,,
Region_04,2023-04-17,Programmatic_Display,1567.5509283389617,541731.7788648398,,
Region_04,2023-04-24,Programmatic_Display,1467.355534648217,416512.1166572917,,
Region_04,2023-05-01,Programmatic_Display,1692.5934294857373,571638.1523913661,,
Region_04,2023-05-08,Programmatic_Display,1442.791255715805,533992.919646204,,
Region_04,2023-05-15,Programmatic_Display,1448.3611650076741,469453.5687723709,,
Region_04,2023-05-22,Programmatic_Display,1534.0459802922724,571705.996934852,,
Region_04,2023-05-29,Programmatic_Display,1374.9469814297547,487868.7798629823,,
Region_04,2023-06-05,Programmatic_Display,1458.0250425323243,507271.98458856065,,
Region_04,2023-06-12,Programmatic_Display,1408.0305627977002,457577.4669643234,,
Region_04,2023-06-19,Programmatic_Display,1450.3747870307159,459667.86767013173,,
Region_04,2023-06-26,Programmatic_Display,1514.7335200270809,492542.28987778915,,
Region_04,2023-07-03,Programmatic_Display,1552.1215973335625,521084.07796516496,,
Region_04,2023-07-10,Programmatic_Display,1617.0319153250878,568457.3352770144,,
Region_04,2023-07-17,Programmatic_Display,1596.0949401256744,555393.5177727228,,
Region_04,2023-07-24,Programmatic_Display,1629.4952644388686,527569.0903454113,,
Region_04,2023-07-31,Programmatic_Display,1584.609752265591,532198.8802403004,,
Region_04,2023-08-07,Programmatic_Display,1505.9370475592593,522367.03573294444,,
Region_04,2023-08-14,Programmatic_Display,1632.7505065061334,463128.2000922743,,
Region_04,2023-08-21,Programmatic_Display,1509.9239350604219,466612.44570107857,,
Region_04,2023-08-28,Programmatic_Display,1503.2172356307062,463129.8200853709,,
Region_04,2023-09-04,Programmatic_Display,1676.1219495516982,548080.4641701735,,
Region_04,2023-09-11,Programmatic_Display,1618.5154454017356,525484.1938395147,,
Region_04,2023-09-18,Programmatic_Display,1576.8765882212335,512888.63465411786,,
Region_04,2023-09-25,Programmatic_Display,1624.1954092645624,496793.48956071894,,
Region_04,2023-10-02,Programmatic_Display,1641.4125446822734,585988.9657904673,,
Region_04,2023-10-09,Programmatic_Display,1477.1937314956908,506958.7757190496,,
Region_04,2023-10-16,Programmatic_Display,1589.9993645838833,450334.8608728393,,
Region_04,2023-10-23,Programmatic_Display,1530.2293884890637,511481.7435066452,,
Region_04,2023-10-30,Programmatic_Display,1671.7077448865725,498599.429373314,,
Region_04,2023-11-06,Programmatic_Display,1659.7207605658352,656875.3168467487,,
Region_04,2023-11-13,Programmatic_Display,1914.3619443166183,610611.502204898,,
Region_04,2023-11-20,Programmatic_Display,1926.72954814364,618382.148683772,,
Region_04,2023-11-27,Programmatic_Display,1897.9123382387838,638950.936533332,,
Region_04,2023-12-04,Programmatic_Display,2073.5771572857307,678565.1061929851,,
Region_04,2023-12-11,Programmatic_Display,2034.6454418969925,675338.0664868868,,
Region_04,2023-12-18,Programmatic_Display,2225.94541449879,867542.8691279971,,
Region_04,2023-12-25,Programmatic_Display,2307.4709466889067,788021.3325471252,,
Region_05,2021-01-04,Programmatic_Display,1885.198656115291,684246.3573520723,,
Region_05,2021-01-11,Programmatic_Display,1872.5101683994967,699809.6917130388,,
Region_05,2021-01-18,Programmatic_Display,1994.3647453543078,604065.4795563304,,
Region_05,2021-01-25,Programmatic_Display,1707.3960899357296,675010.1713157962,,
Region_05,2021-02-01,Programmatic_Display,1669.0922259359695,597023.1687206264,,
Region_05,2021-02-08,Programmatic_Display,1738.2939013622747,638733.878241414,,
Region_05,2021-02-15,Programmatic_Display,1880.2353423081024,575905.494616974,,
Region_05,2021-02-22,Programmatic_Display,1847.0373225269163,669288.9301138602,,
Region_05,2021-03-01,Programmatic_Display,1953.2319411995984,679759.8552534308,,
Region_05,2021-03-08,Programmatic_Display,1776.0830288586637,562067.9019266445,,
Region_05,2021-03-15,Programmatic_Display,1681.367822119908,705447.0247942823,,
Region_05,2021-03-22,Programmatic_Display,1694.4536238360731,598838.003182047,,
Region_05,2021-03-29,Programmatic_Display,1684.5739748666294,549241.4912176977,,
Region_05,2021-04-05,Programmatic_Display,1557.130471583652,530182.6643051998,,
Region_05,2021-04-12,Programmatic_Display,1613.2980897556272,590102.0006659944,,
Region_05,2021-04-19,Programmatic_Display,1710.1714825063723,639459.6150881371,,
Region_05,2021-04-26,Programmatic_Display,1498.2354316962153,530315.4134808978,,
Region_05,2021-05-03,Programmatic_Display,1534.74186424526,578892.923122472,,
Region_05,2021-05-10,Programmatic_Display,1632.909159623767,631705.1088507728,,
Region_05,2021-05-17,Programmatic_Display,1476.2022251064755,435743.5509697274,,
Region_05,2021-05-24,Programmatic_Display,1462.4884564739052,465280.9644786368,,
Region_05,2021-05-31,Programmatic_Display,1446.6921350127516,439837.98041078425,,
Region_05,2021-06-07,Programmatic_Display,1561.6822921771716,526673.6601341185,,
Region_05,2021-06-14,Programmatic_Display,1574.0940626063825,607350.9846765357,,
Region_05,2021-06-21,Programmatic_Display,1526.08386630763,544099.8902227202,,
Region_05,2021-06-28,Programmatic_Display,1544.1128094639705,464519.1477187758,,
Region_05,2021-07-05,Programmatic_Display,1645.8226694190082,533792.0130550317,,
Region_05,2021-07-12,Programmatic_Display,1616.2892561964557,598318.5847040577,,
Region_05,2021-07-19,Programmatic_Display,1446.1437263848272,458011.3181630699,,
Region_05,2021-07-26,Programmatic_Display,1553.7857144677598,513970.97472276236,,
Region_05,2021-08-02,Programmatic_Display,1566.165162036408,539270.8499072936,,
Region_05,2021-08-09,Programmatic_Display,1618.609337264129,450591.1381517408,,
Region_05,2021-08-16,Programmatic_Display,1547.425110582924,558745.6573390833,,
Region_05,2021-08-23,Programmatic_Display,1518.455066277988,524826.5901133142,,
Region_05,2021-08-30,Programmatic_Display,1536.1461096596374,543088.5158257553,,
Region_05,2021-09-06,Programmatic_Display,1441.3063105105346,436516.81901997054,,
Region_05,2021-09-13,Programmatic_Display,1577.0861870406632,487808.3610881564,,
Region_05,2021-09-20,Programmatic_Display,1536.843720492775,483567.276041241,,
Region_05,2021-09-27,Programmatic_Display,1626.181587938997,556926.9976970948,,
Region_05,2021-10-04,Programmatic_Display,1516.1845794978017,509981.6628571249,,
Region_05,2021-10-11,Programmatic_Display,1572.3595025408474,531924.7328074327,,
Region_05,2021-10-18,Programmatic_Display,1546.605416992801,617931.2214798471,,
Region_05,2021-10-25,Programmatic_Display,1565.0741363560135,595632.7935308551,,
Region_05,2021-11-01,Programmatic_Display,1750.7356168021586,544178.2670160548,,
Region_05,2021-11-08,Programmatic_Display,1706.727896948375,533986.6196543748,,
Region_05,2021-11-15,Programmatic_Display,1862.2517134649127,738412.1118881815,,
Region_05,2021-11-22,Programmatic_Display,1808.266630697585,585118.6026087347,,
Region_05,2021-11-29,Programmatic_Display,2023.6806920243714,775838.8625067591,,
Region_05,2021-12-06,Programmatic_Display,1944.2539150842572,761951.9501483153,,
Region_05,2021-12-13,Programmatic_Display,2152.0166628971792,680830.5663042073,,
Region_05,2021-12-20,Programmatic_Display,2209.7390880766998,718430.3657454983,,
Region_05,2021-12-27,Programmatic_Display,2358.8237067280165,794401.6367329988,,
Region_05,2022-01-03,Programmatic_Display,2296.127660497883,703445.8709139244,,
Region_05,2022-01-10,Programmatic_Display,2203.426384491488,667387.1062916442,,
Region_05,2022-01-17,Programmatic_Display,2234.1799074455253,716872.4586150019,,
Region_05,2022-01-24,Programmatic_Display,2067.885944719517,752152.8428525893,,
Region_05,2022-01-31,Programmatic_Display,2037.5594206351104,650737.5540068313,,
Region_05,2022-02-07,Programmatic_Display,2124.5057788825357,695095.9886723902,,
Region_05,2022-02-14,Programmatic_Display,2080.826854692838,663404.0770633408,,
Region_05,2022-02-21,Programmatic_Display,2075.242092056296,604702.7811545196,,
Region_05,2022-02-28,Programmatic_Display,2131.0469353314015,825668.9854271059,,
Region_05,2022-03-07,Programmatic_Display,2019.3470449200547,533625.1842188259,,
Region_05,2022-03-14,Programmatic_Display,2047.8635110881253,640681.6753394026,,
Region_05,2022-03-21,Programmatic_Display,2056.4831016727417,726336.0859916077,,
Region_05,2022-03-28,Programmatic_Display,1964.5493983915396,570675.9984669869,,
Region_05,2022-04-04,Programmatic_Display,1791.4824659735357,635658.1929221713,,
Region_05,2022-04-11,Programmatic_Display,1669.7740802447313,632110.4030529134,,
Region_05,2022-04-18,Programmatic_Display,1742.3882106066874,534015.4026092064,,
Region_05,2022-04-25,Programmatic_Display,1714.6033367016025,584744.9964192868,,
Region_05,2022-05-02,Programmatic_Display,1809.8854681838711,540957.7436048511,,
Region_05,2022-05-09,Programmatic_Display,1674.1817386075854,588242.4852144769,,
Region_05,2022-05-16,Programmatic_Display,1686.924588790118,568414.5092882598,,
Region_05,2022-05-23,Programmatic_Display,1769.1101287983165,603732.1675768549,,
Region_05,2022-05-30,Programmatic_Display,1667.2850945852072,638364.2331029997,,
Region_05,2022-06-06,Programmatic_Display,1696.838441047143,594057.3269965883,,
Region_05,2022-06-13,Programmatic_Display,1866.6798433991385,713260.1836556864,,
Region_05,2022-06-20,Programmatic_Display,1849.5574093612352,658159.6639603131,,
Region_05,2022-06-27,Programmatic_Display,1775.392982220448,525916.6198092554,,
Region_05,2022-07-04,Programmatic_Display,1747.2054472066186,598987.8599333583,,
Region_05,2022-07-11,Programmatic_Display,1645.8842633373113,577269.4639556047,,
Region_05,2022-07-18,Programmatic_Display,1779.8461584291247,514423.48189436324,,
Region_05,2022-07-25,Programmatic_Display,1739.45613924852,663815.4275628334,,
Region_05,2022-08-01,Programmatic_Display,1757.170916010443,590864.851318547,,
Region_05,2022-08-08,Programmatic_Display,1696.9437273519563,587993.1290905648,,
Region_05,2022-08-15,Programmatic_Display,1743.8832611352648,532477.7132968925,,
Region_05,2022-08-22,Programmatic_Display,1732.4435395195596,582813.4373250606,,
Region_05,2022-08-29,Programmatic_Display,1779.804990389216,612509.5494285026,,
Region_05,2022-09-05,Programmatic_Display,1885.3248293327674,609445.2036432439,,
Region_05,2022-09-12,Programmatic_Display,1791.5797632633025,603191.6840143092,,
Region_05,2022-09-19,Programmatic_Display,1623.8955575146867,438754.2681227986,,
Region_05,2022-09-26,Programmatic_Display,1685.908752542805,645205.2317161479,,
Region_05,2022-10-03,Programmatic_Display,1642.3011505698364,490653.4970372404,,
Region_05,2022-10-10,Programmatic_Display,1719.828319597201,461763.73960376496,,
Region_05,2022-10-17,Programmatic_Display,1859.1799932716606,564050.3026525077,,
Region_05,2022-10-24,Programmatic_Display,1874.4311417171211,575855.5537699937,,
Region_05,2022-10-31,Programmatic_Display,1825.8425309996603,643835.9083735769,,
Region_05,2022-11-07,Programmatic_Display,1969.5891135578966,600323.9331497357,,
Region_05,2022-11-14,Programmatic_Display,1950.9607674591016,670325.8924758058,,
Region_05,2022-11-21,Programmatic_Display,1981.3470532522476,601142.9017211504,,
Region_05,2022-11-28,Programmatic_Display,2087.6597433191096,869349.789529518,,
Region_05,2022-12-05,Programmatic_Display,2253.367641638543,794685.8221145775,,
Region_05,2022-12-12,Programmatic_Display,2629.984986261661,1068039.3611700907,,
Region_05,2022-12-19,Programmatic_Display,2355.3543173540907,710668.2608440006,,
Region_05,2022-12-26,Programmatic_Display,2708.721044549544,966618.5476582292,,
Region_05,2023-01-02,Programmatic_Display,2701.2080730468383,819768.212227198,,
Region_05,2023-01-09,Programmatic_Display,2446.6086756600685,865647.6057954087,,
Region_05,2023-01-16,Programmatic_Display,2373.5442707110096,848183.2168086186,,
Region_05,2023-01-23,Programmatic_Display,2205.627365107262,627946.0598865222,,
Region_05,2023-01-30,Programmatic_Display,2199.1607628532142,655427.1838427755,,
Region_05,2023-02-06,Programmatic_Display,2345.0628028043993,696815.1808410765,,
Region_05,2023-02-13,Programmatic_Display,2317.683973004657,665818.9591036754,,
Region_05,2023-02-20,Programmatic_Display,2455.4959713267694,762051.2857411298,,
Region_05,2023-02-27,Programmatic_Display,2467.250980969652,748327.5484255414,,
Region_05,2023-03-06,Programmatic_Display,2326.0456903734907,672081.5581114108,,
Region_05,2023-03-13,Programmatic_Display,2263.6598688766585,763153.107215886,,
Region_05,2023-03-20,Programmatic_Display,2150.2997969163166,758113.3141804641,,
Region_05,2023-03-27,Programmatic_Display,2122.703693250106,621326.9969877413,,
Region_05,2023-04-03,Programmatic_Display,1913.8586665541545,604272.833688321,,
Region_05,2023-04-10,Programmatic_Display,2012.7999006878208,672427.2518486741,,
Region_05,2023-04-17,Programmatic_Display,1955.255128690497,637709.7147331085,,
Region_05,2023-04-24,Programmatic_Display,1830.2782913557235,569588.5149128904,,
Region_05,2023-05-01,Programmatic_Display,2111.2245375636053,764162.799343316,,
Region_05,2023-05-08,Programmatic_Display,1799.638500649799,653759.066857367,,
Region_05,2023-05-15,Programmatic_Display,1806.5860221066032,645380.5023632298,,
Region_05,2023-05-22,Programmatic_Display,1913.4633627449941,625458.7243560911,,
Region_05,2023-05-29,Programmatic_Display,1715.0142228340546,698157.3036501934,,
Region_05,2023-06-05,Programmatic_Display,1818.640077736637,722344.5540205528,,
Region_05,2023-06-12,Programmatic_Display,1756.2804049884487,563036.1839263941,,
Region_05,2023-06-19,Programmatic_Display,1809.0976756143898,596529.4841794505,,
Region_05,2023-06-26,Programmatic_Display,1889.3743291458366,710083.254624773,,
Region_05,2023-07-03,Programmatic_Display,1936.0096432423543,596430.235669722,,
Region_05,2023-07-10,Programmatic_Display,2016.9743059294835,700443.4174006003,,
Region_05,2023-07-17,Programmatic_Display,1990.8589642217044,667422.5004112753,,
Region_05,2023-07-24,Programmatic_Display,2032.520229723617,632178.3898589981,,
Region_05,2023-07-31,Programmatic_Display,1976.533131445606,644445.2495615743,,
Region_05,2023-08-07,Programmatic_Display,1878.4022148775507,535628.5522889293,,
Region_05,2023-08-14,Programmatic_Display,2036.580594610066,643635.929085436,,
Region_05,2023-08-21,Programmatic_Display,1883.3751839168538,514747.39532941394,,
Region_05,2023-08-28,Programmatic_Display,1875.009708690838,785836.7854431615,,
Region_05,2023-09-04,Programmatic_Display,2090.679147276172,810918.1858742846,,
Region_05,2023-09-11,Programmatic_Display,2018.8247592311866,761630.8661129664,,
Region_05,2023-09-18,Programmatic_Display,1966.8873149139815,676348.8541568257,,
Region_05,2023-09-25,Programmatic_Display,2025.9095551844111,746878.7721910572,,
Region_05,2023-10-02,Programmatic_Display,2047.3850247964315,775712.6551349637,,
Region_05,2023-10-09,Programmatic_Display,1842.5497809101155,680422.4685747179,,
Region_05,2023-10-16,Programmatic_Display,1983.2557628679617,725247.5383310337,,
Region_05,2023-10-23,Programmatic_Display,1908.7028088373456,581209.906076772,,
Region_05,2023-10-30,Programmatic_Display,2085.1731722200875,726027.701532,,
Region_05,2023-11-06,Programmatic_Display,2070.221433079153,654610.9781996659,,
Region_05,2023-11-13,Programmatic_Display,2387.8433179592316,707787.6210955305,,
Region_05,2023-11-20,Programmatic_Display,2403.2698156731017,715133.0528607864,,
Region_05,2023-11-27,Programmatic_Display,2367.325211614383,824094.242367815,,
Region_05,2023-12-04,Programmatic_Display,2586.4374153473645,958434.778483245,,
Region_05,2023-12-11,Programmatic_Display,2537.8766733603657,738215.3219348689,,
Region_05,2023-12-18,Programmatic_Display,2776.4910914222805,1102569.7088989248,,
Region_05,2023-12-25,Programmatic_Display,2878.1804286247775,1111775.5078513112,,
Region_06,2021-01-04,Programmatic_Display,1619.8393690059113,520023.6669657341,,
Region_06,2021-01-11,Programmatic_Display,1608.9369042346154,512264.70494583267,,
Region_06,2021-01-18,Programmatic_Display,1713.6393133970016,567285.0656073163,,
Region_06,2021-01-25,Programmatic_Display,1467.064171721706,539645.1387752577,,
Region_06,2021-02-01,Programmatic_Display,1434.151933698094,460245.1872449981,,
Region_06,2021-02-08,Programmatic_Display,1493.612828120588,445868.3286134368,,
Region_06,2021-02-15,Programmatic_Display,1615.5746878915181,557503.6831169002,,
Region_06,2021-02-22,Programmatic_Display,1587.0495989094297,430412.4901266569,,
Region_06,2021-03-01,Programmatic_Display,1678.29633492029,567483.8101326103,,
Region_06,2021-03-08,Programmatic_Display,1526.0827836027177,571307.3274896137,,
Region_06,2021-03-15,Programmatic_Display,1444.6996252701524,496581.58439269033,,
Region_06,2021-03-22,Programmatic_Display,1455.9434783919917,524764.0681514913,,
Region_06,2021-03-29,Programmatic_Display,1447.4544821258685,506952.227679805,,
Region_06,2021-04-05,Programmatic_Display,1337.9498401232079,479692.3765977426,,
Region_06,2021-04-12,Programmatic_Display,1386.2113423702654,468852.1445702495,,
Region_06,2021-04-19,Programmatic_Display,1469.4489019122302,450842.2964642498,,
Region_06,2021-04-26,Programmatic_Display,1287.3448261956948,419595.2138839537,,
Region_06,2021-05-03,Programmatic_Display,1318.7126380032612,436362.27082031633,,
Region_06,2021-05-10,Programmatic_Display,1403.0619713146962,530428.9895916817,,
Region_06,2021-05-17,Programmatic_Display,1268.4129988555217,497464.2967586909,,
Region_06,2021-05-24,Programmatic_Display,1256.6295710154814,436870.74558742763,,
Region_06,2021-05-31,Programmatic_Display,1243.0567290737329,384306.765420787,,
Region_06,2021-06-07,Programmatic_Display,1341.8609495302287,415811.56912989647,,
Region_06,2021-06-14,Programmatic_Display,1352.5256475529443,442467.1762347499,,
Region_06,2021-06-21,Programmatic_Display,1311.2733339964118,502211.5352015765,,
Region_06,2021-06-28,Programmatic_Display,1326.7645353143616,457301.8433884775,,
Region_06,2021-07-05,Programmatic_Display,1414.15778420981,468784.80696461425,,
Region_06,2021-07-12,Programmatic_Display,1388.7814742470234,428833.38605001697,,
Region_06,2021-07-19,Programmatic_Display,1242.5855140731637,452403.82184643915,,
Region_06,2021-07-26,Programmatic_Display,1335.0758887555314,458091.193539462,,
Region_06,2021-08-02,Programmatic_Display,1345.7128136616643,446298.96687819733,,
Region_06,2021-08-09,Programmatic_Display,1390.7749822736237,468411.1776661942,,
Region_06,2021-08-16,Programmatic_Display,1329.6105991692657,524623.4179675847,,
Region_06,2021-08-23,Programmatic_Display,1304.7183586964873,427986.83014260884,,
Region_06,2021-08-30,Programmatic_Display,1319.9192227833723,520900.6906387903,,
Region_06,2021-09-06,Programmatic_Display,1238.4290095838276,467413.8897055896,,
Region_06,2021-09-13,Programmatic_Display,1355.0966025766443,454069.314363114,,
Region_06,2021-09-20,Programmatic_Display,1320.5186383877149,480849.79299846385,,
Region_06,2021-09-27,Programmatic_Display,1397.2813680676857,460030.8536115634,,
Region_06,2021-10-04,Programmatic_Display,1302.7674640990274,399732.73651872197,,
Region_06,2021-10-11,Programmatic_Display,1351.0352429884465,438440.42672288034,,
Region_06,2021-10-18,Programmatic_Display,1328.9062850941968,404550.1295862857,,
Region_06,2021-10-25,Programmatic_Display,1344.7753600177382,471780.97562971816,,
Region_06,2021-11-01,Programmatic_Display,1504.303256114538,502173.476280744,,
Region_06,2021-11-08,Programmatic_Display,1466.490033127081,517390.4525810586,,
Region_06,2021-11-15,Programmatic_Display,1600.1224224746645,579341.2276128794,,
Region_06,2021-11-22,Programmatic_Display,1553.7362434256318,379092.7961859564,,
Region_06,2021-11-29,Programmatic_Display,1738.8287672520667,597948.4880810372,,
Region_06,2021-12-06,Programmatic_Display,1670.5820496854594,465051.13277333835,,
Region_06,2021-12-13,Programmatic_Display,1849.1002537105508,626723.3901549649,,
Region_06,2021-12-20,Programmatic_Display,1898.6977093829187,579735.694608826,,
Region_06,2021-12-27,Programmatic_Display,2026.7972779993452,682678.2174371891,,
Region_06,2022-01-03,Programmatic_Display,1972.9262848097692,753859.5877081344,,
Region_06,2022-01-10,Programmatic_Display,1893.2735776825166,532014.3717073927,,
Region_06,2022-01-17,Programmatic_Display,1919.6982555566399,652216.5888067525,,
Region_06,2022-01-24,Programmatic_Display,1776.8117184918071,587643.8163170412,,
Region_06,2022-01-31,Programmatic_Display,1750.7539354153782,482976.3583011559,,
Region_06,2022-02-07,Programmatic_Display,1825.4617831130258,649221.5923727908,,
Region_06,2022-02-14,Programmatic_Display,1787.9310747344762,598020.0487548184,,
Region_06,2022-02-21,Programmatic_Display,1783.1324195074108,564895.4989411499,,
Region_06,2022-02-28,Programmatic_Display,1831.08221080659,567858.4117807851,,
Region_06,2022-03-07,Programmatic_Display,1735.105121381548,797487.5596320668,,
Region_06,2022-03-14,Programmatic_Display,1759.6076290690673,563883.1227216419,,
Region_06,2022-03-21,Programmatic_Display,1767.0139319159227,491962.14219003206,,
Region_06,2022-03-28,Programmatic_Display,1688.020754496486,512658.455117484,,
Region_06,2022-04-04,Programmatic_Display,1539.3146063701931,494634.39215462364,,
Region_06,2022-04-11,Programmatic_Display,1434.7378106557694,460211.13844326755,,
Region_06,2022-04-18,Programmatic_Display,1497.1308251664009,495123.96994952613,,
Region_06,2022-04-25,Programmatic_Display,1473.2569313100023,442269.87443499785,,
Region_06,2022-05-02,Programmatic_Display,1555.1272144428253,547221.9099326618,,
Region_06,2022-05-09,Programmatic_Display,1438.5250500101577,456863.0933331394,,
Region_06,2022-05-16,Programmatic_Display,1449.4742252241613,421690.3840249497,,
Region_06,2022-05-23,Programmatic_Display,1520.091384236261,467011.9393521244,,
Region_06,2022-05-30,Programmatic_Display,1432.5991729333682,459512.7662621272,,
Region_06,2022-06-06,Programmatic_Display,1457.9926103462517,529041.0025236418,,
Region_06,2022-06-13,Programmatic_Display,1603.9272518358912,561184.9751810279,,
Region_06,2022-06-20,Programmatic_Display,1589.2149600263078,512131.5412754794,,
Region_06,2022-06-27,Programmatic_Display,1525.4898674623387,509499.1930054035,,
Region_06,2022-07-04,Programmatic_Display,1501.2699908023792,511306.55624845816,,
Region_06,2022-07-11,Programmatic_Display,1414.2107082098535,578007.6449130224,,
Region_06,2022-07-18,Programmatic_Display,1529.3162176013732,479239.9070860161,,
Region_06,2022-07-25,Programmatic_Display,1494.6114701884587,522025.3631529377,,
Region_06,2022-08-01,Programmatic_Display,1509.8327269610709,541194.455141746,,
Region_06,2022-08-08,Programmatic_Display,1458.0830766220474,441845.451518998,,
Region_06,2022-08-15,Programmatic_Display,1498.4154333942856,509012.93142610864,,
Region_06,2022-08-22,Programmatic_Display,1488.5859592518777,504371.41876421915,,
Region_06,2022-08-29,Programmatic_Display,1529.2808443469035,486365.4415249049,,
Region_06,2022-09-05,Programmatic_Display,1619.9477821666783,571517.5295538132,,
Region_06,2022-09-12,Programmatic_Display,1539.3982081592942,568717.4925300626,,
Region_06,2022-09-19,Programmatic_Display,1395.3171177389306,520759.08135700034,,
Region_06,2022-09-26,Programmatic_Display,1448.6013773995976,473693.31064927805,,
Region_06,2022-10-03,Programmatic_Display,1411.1319519708143,479394.0392767183,,
Region_06,2022-10-10,Programmatic_Display,1477.7464491489943,623112.6375007875,,
Region_06,2022-10-17,Programmatic_Display,1597.483075537163,476853.1026213925,,
Region_06,2022-10-24,Programmatic_Display,1610.5874826479856,548906.9596886355,,
Region_06,2022-10-31,Programmatic_Display,1568.8381718949056,571620.731531013,,
Region_06,2022-11-07,Programmatic_Display,1692.3510827664322,572649.4882766069,,
Region_06,2022-11-14,Programmatic_Display,1676.3448500585885,596664.989013916,,
Region_06,2022-11-21,Programmatic_Display,1702.4539828260758,577369.3360099995,,
Region_06,2022-11-28,Programmatic_Display,1793.8021705815709,644739.3416628974,,
Region_06,2022-12-05,Programmatic_Display,1936.1851372691046,733713.7106362089,,
Region_06,2022-12-12,Programmatic_Display,2259.7900793223234,736768.6845121136,,
Region_06,2022-12-19,Programmatic_Display,2023.8162375259365,688061.7680726859,,
Region_06,2022-12-26,Programmatic_Display,2327.4433033267733,771541.9545702754,,
Region_06,2023-01-02,Programmatic_Display,2320.987852608715,743057.2393073456,,
Region_06,2023-01-09,Programmatic_Display,2102.2256941091446,699367.46401205,,
Region_06,2023-01-16,Programmatic_Display,2039.4457853575877,607077.5091074368,,
Region_06,2023-01-23,Programmatic_Display,1895.164749756231,680549.5307857265,,
Region_06,2023-01-30,Programmatic_Display,1889.608382059474,746770.2417951927,,
Region_06,2023-02-06,Programmatic_Display,2014.973349599929,796478.4705520974,,
Region_06,2023-02-13,Programmatic_Display,1991.448345355378,754149.4721434767,,
Region_06,2023-02-20,Programmatic_Display,2109.862020051888,638647.741663397,,
Region_06,2023-02-27,Programmatic_Display,2119.962402492125,822639.785034388,,
Region_06,2023-03-06,Programmatic_Display,1998.633073045799,620214.516871348,,
Region_06,2023-03-13,Programmatic_Display,1945.0286375659957,644911.9125285686,,
Region_06,2023-03-20,Programmatic_Display,1847.625052623341,740748.4809743882,,
Region_06,2023-03-27,Programmatic_Display,1823.9133578347346,546173.3656022056,,
Region_06,2023-04-03,Programmatic_Display,1644.4652157698038,596266.8843438533,,
Region_06,2023-04-10,Programmatic_Display,1729.479548740951,592938.3865067811,,
Region_06,2023-04-17,Programmatic_Display,1680.0347399090729,551558.6501585019,,
Region_06,2023-04-24,Programmatic_Display,1572.6495576249552,480247.0737349914,,
Region_06,2023-05-01,Programmatic_Display,1814.0500003346515,630778.8164659106,,
Region_06,2023-05-08,Programmatic_Display,1546.3226031246643,492081.01945017447,,
Region_06,2023-05-15,Programmatic_Display,1552.2921961626384,574443.2181462205,,
Region_06,2023-05-22,Programmatic_Display,1644.1255546573166,619418.1763449805,,
Region_06,2023-05-29,Programmatic_Display,1473.6099813884998,427916.22425581544,,
Region_06,2023-06-05,Programmatic_Display,1562.6495310792416,495218.7046282257,,
Region_06,2023-06-12,Programmatic_Display,1509.067563667918,487225.49028633843,,
Region_06,2023-06-19,Programmatic_Display,1554.4503110223202,460399.13264169183,,
Region_06,2023-06-26,Programmatic_Display,1623.427277126381,483906.7061179112,,
Region_06,2023-07-03,Programmatic_Display,1663.4982359690737,559437.9772221257,,
Region_06,2023-07-10,Programmatic_Display,1733.066367525643,565793.8244366128,,
Region_06,2023-07-17,Programmatic_Display,1710.62700364424,483387.22950677254,,
Region_06,2023-07-24,Programmatic_Display,1746.4240576065354,551642.8123979422,,
Region_06,2023-07-31,Programmatic_Display,1698.3176653953267,596256.9093034999,,
Region_06,2023-08-07,Programmatic_Display,1613.9995902376024,476864.9552914248,,
Region_06,2023-08-14,Programmatic_Display,1749.9128882792415,531843.2739434855,,
Region_06,2023-08-21,Programmatic_Display,1618.2725675201716,632240.38656084,,
Region_06,2023-08-28,Programmatic_Display,1611.0846109260017,612636.7852274418,,
Region_06,2023-09-04,Programmatic_Display,1796.3965652808863,509190.64836960525,,
Region_06,2023-09-11,Programmatic_Display,1734.6563522728115,505149.83184947947,,
Region_06,2023-09-18,Programmatic_Display,1690.0295874713113,585001.4315569631,,
Region_06,2023-09-25,Programmatic_Display,1740.7438971419845,515071.41941321694,,
Region_06,2023-10-02,Programmatic_Display,1759.1964941839979,571761.3288644609,,
Region_06,2023-10-09,Programmatic_Display,1583.193720613863,504444.98311972036,,
Region_06,2023-10-16,Programmatic_Display,1704.0940237679176,600758.0011566059,,
Region_06,2023-10-23,Programmatic_Display,1640.0350930962131,424532.0476616826,,
Region_06,2023-10-30,Programmatic_Display,1791.6656075477692,479161.736114979,,
Region_06,2023-11-06,Programmatic_Display,1778.81846509038,524514.5355289038,,
Region_06,2023-11-13,Programmatic_Display,2051.7321083914017,756887.89738458,,
Region_06,2023-11-20,Programmatic_Display,2064.9871827262727,677787.5066631003,,
Region_06,2023-11-27,Programmatic_Display,2034.102116810927,571563.4335873153,,
Region_06,2023-12-04,Programmatic_Display,2222.3722350210164,778226.1243476851,,
Region_06,2023-12-11,Programmatic_Display,2180.6468702147577,780186.1570833126,,
Region_06,2023-12-18,Programmatic_Display,2385.674084262107,775911.4876440509,,
Region_06,2023-12-25,Programmatic_Display,2473.0496991737737,797546.3092850134,,
Region_01,2021-01-04,Video_YouTube,1761.4157117762782,155264.54420784878,,
Region_01,2021-01-11,Video_YouTube,1670.4382181874532,150867.5183779007,,
Region_01,2021-01-18,Video_YouTube,1615.9949059189516,199967.1658206603,,
Region_01,2021-01-25,Video_YouTube,1600.8866185790073,142447.10910517664,,
Region_01,2021-02-01,Video_YouTube,1718.531309340704,141792.82773120783,,
Region_01,2021-02-08,Video_YouTube,1680.8451736598815,156560.65114430865,,
Region_01,2021-02-15,Video_YouTube,1682.944181525283,148240.71645234947,,
Region_01,2021-02-22,Video_YouTube,1770.0066421248043,156001.94732832964,,
Region_01,2021-03-01,Video_YouTube,1708.5248486084924,153973.49766042025,,
Region_01,2021-03-08,Video_YouTube,1713.7625084426013,168334.88845322176,,
Region_01,2021-03-15,Video_YouTube,1491.7870902968984,138876.54272380855,,
Region_01,2021-03-22,Video_YouTube,1635.378352133562,131840.10715691844,,
Region_01,2021-03-29,Video_YouTube,1525.8843803230272,136888.08387107277,,
Region_01,2021-04-05,Video_YouTube,1496.5414801476213,142659.62974039366,,
Region_01,2021-04-12,Video_YouTube,1485.3624664555684,128862.54442516441,,
Region_01,2021-04-19,Video_YouTube,1642.370317199512,167485.18504332317,,
Region_01,2021-04-26,Video_YouTube,1609.8828098397512,158180.09247936614,,
Region_01,2021-05-03,Video_YouTube,1490.8761262335977,122749.67503488547,,
Region_01,2021-05-10,Video_YouTube,1461.5777519231517,137188.50215631598,,
Region_01,2021-05-17,Video_YouTube,1550.6562683417458,171900.48409694197,,
Region_01,2021-05-24,Video_YouTube,1517.1256337833208,161208.0552246123,,
Region_01,2021-05-31,Video_YouTube,1689.909448182101,152766.06340713447,,
Region_01,2021-06-07,Video_YouTube,1448.5655797708375,144054.9740493515,,
Region_01,2021-06-14,Video_YouTube,1424.8982193573777,121094.84381616648,,
Region_01,2021-06-21,Video_YouTube,1544.5979201925124,121488.05054282564,,
Region_01,2021-06-28,Video_YouTube,1568.3830752041742,150706.94092542326,,
Region_01,2021-07-05,Video_YouTube,1581.0562708431332,147319.96923321532,,
Region_01,2021-07-12,Video_YouTube,1634.08629269614,156390.93928065043,,
Region_01,2021-07-19,Video_YouTube,1748.9686047897492,158604.92069682427,,
Region_01,2021-07-26,Video_YouTube,1552.9956563749222,145859.3712623133,,
Region_01,2021-08-02,Video_YouTube,1540.3741040980706,133032.55288460696,,
Region_01,2021-08-09,Video_YouTube,1452.407778284552,138436.06234338137,,
Region_01,2021-08-16,Video_YouTube,1608.50048583959,158931.0466960667,,
Region_01,2021-08-23,Video_YouTube,1661.5874164148147,150173.67163603014,,
Region_01,2021-08-30,Video_YouTube,1574.7783850863864,155304.7229943906,,
Region_01,2021-09-06,Video_YouTube,1696.126848826698,129167.89657289033,,
Region_01,2021-09-13,Video_YouTube,1605.3229448772718,134903.8902143309,,
Region_01,2021-09-20,Video_YouTube,1734.4047318526343,182176.43635367294,,
Region_01,2021-09-27,Video_YouTube,1641.8242239750728,178009.20632242874,,
Region_01,2021-10-04,Video_YouTube,1540.9259553061017,143638.99362529328,,
Region_01,2021-10-11,Video_YouTube,1587.7430126849172,142856.12975746449,,
Region_01,2021-10-18,Video_YouTube,1537.634397514627,123138.36316994509,,
Region_01,2021-10-25,Video_YouTube,1548.911570353091,146023.8660947862,,
Region_01,2021-11-01,Video_YouTube,1750.9056564308055,172058.92963444404,,
Region_01,2021-11-08,Video_YouTube,1852.9353824089326,145249.38669769632,,
Region_01,2021-11-15,Video_YouTube,2013.0980935961838,193528.48732380394,,
Region_01,2021-11-22,Video_YouTube,1872.1810262567612,178757.6085433,,
Region_01,2021-11-29,Video_YouTube,1899.8297834236155,180496.39150177233,,
Region_01,2021-12-06,Video_YouTube,1848.9511653677132,150163.67594860756,,
Region_01,2021-12-13,Video_YouTube,2067.687041220702,198437.653131361,,
Region_01,2021-12-20,Video_YouTube,2000.2379845279893,156543.20971797346,,
Region_01,2021-12-27,Video_YouTube,1880.0993636793776,198352.1956247437,,
Region_01,2022-01-03,Video_YouTube,1965.0157116982618,181069.0759306303,,
Region_01,2022-01-10,Video_YouTube,1905.9436845006385,154234.1783217241,,
Region_01,2022-01-17,Video_YouTube,1659.858333981515,172623.14823054895,,
Region_01,2022-01-24,Video_YouTube,1924.1930852171147,196324.27465236947,,
Region_01,2022-01-31,Video_YouTube,1889.4433391059156,160950.86264067423,,
Region_01,2022-02-07,Video_YouTube,1850.321499375862,209689.91213499926,,
Region_01,2022-02-14,Video_YouTube,1844.6778901975865,151676.57026596976,,
Region_01,2022-02-21,Video_YouTube,2038.381194829772,191207.24902327004,,
Region_01,2022-02-28,Video_YouTube,1989.878937912452,203604.1305601556,,
Region_01,2022-03-07,Video_YouTube,1986.424962531272,143901.54210957896,,
Region_01,2022-03-14,Video_YouTube,1683.68616948607,169184.83963634862,,
Region_01,2022-03-21,Video_YouTube,1700.1239448455726,153559.68955282882,,
Region_01,2022-03-28,Video_YouTube,1815.9749591732561,164829.65068646337,,
Region_01,2022-04-04,Video_YouTube,1619.6935352396356,132212.53970985068,,
Region_01,2022-04-11,Video_YouTube,1650.6331549185609,155115.7115736505,,
Region_01,2022-04-18,Video_YouTube,1559.0438114774247,126843.52845927924,,
Region_01,2022-04-25,Video_YouTube,1870.022437312108,154310.1289686352,,
Region_01,2022-05-02,Video_YouTube,1798.016956272255,156298.97077589377,,
Region_01,2022-05-09,Video_YouTube,1746.2597376389508,140415.1061436275,,
Region_01,2022-05-16,Video_YouTube,1727.9282247251394,183838.24704809056,,
Region_01,2022-05-23,Video_YouTube,1676.5287982968466,133448.23251161628,,
Region_01,2022-05-30,Video_YouTube,1681.0274869396194,141710.77259135284,,
Region_01,2022-06-06,Video_YouTube,1771.5261471520832,156032.63591416794,,
Region_01,2022-06-13,Video_YouTube,1660.7031755261612,151026.93264214892,,
Region_01,2022-06-20,Video_YouTube,1833.0412131829669,180380.69646612613,,
Region_01,2022-06-27,Video_YouTube,1684.980038308746,166241.91199217047,,
Region_01,2022-07-04,Video_YouTube,1656.1275919727932,146065.65794217424,,
Region_01,2022-07-11,Video_YouTube,1849.337981386422,161786.87337826594,,
Region_01,2022-07-18,Video_YouTube,1723.7394786402256,157253.5018665882,,
Region_01,2022-07-25,Video_YouTube,1788.1898848939227,176490.5248764318,,
Region_01,2022-08-01,Video_YouTube,1706.554649840508,166348.4781879955,,
Region_01,2022-08-08,Video_YouTube,1559.6822744996539,134653.58858989188,,
Region_01,2022-08-15,Video_YouTube,1796.999925773948,132961.33044855998,,
Region_01,2022-08-22,Video_YouTube,1637.5799361784443,184451.17658387928,,
Region_01,2022-08-29,Video_YouTube,1852.4768454512575,185216.82170680538,,
Region_01,2022-09-05,Video_YouTube,1627.226377543425,151876.61327273684,,
Region_01,2022-09-12,Video_YouTube,1605.5953350888071,151017.97488492526,,
Region_01,2022-09-19,Video_YouTube,1795.0950677822327,154896.73959938253,,
Region_01,2022-09-26,Video_YouTube,1813.0250600362328,149119.9435915807,,
Region_01,2022-10-03,Video_YouTube,1794.9658161612622,157842.54025844552,,
Region_01,2022-10-10,Video_YouTube,1695.0537813254407,150705.53275546824,,
Region_01,2022-10-17,Video_YouTube,1906.8016592319855,162839.0766305855,,
Region_01,2022-10-24,Video_YouTube,1724.7282062277093,135532.88984592454,,
Region_01,2022-10-31,Video_YouTube,1853.9216346393575,163351.7276565259,,
Region_01,2022-11-07,Video_YouTube,1872.819296307318,180361.07797794562,,
Region_01,2022-11-14,Video_YouTube,1966.9222121915996,170177.26234542934,,
Region_01,2022-11-21,Video_YouTube,2150.555594955961,195935.09997641447,,
Region_01,2022-11-28,Video_YouTube,2044.1067617620329,151070.67027701883,,
Region_01,2022-12-05,Video_YouTube,2206.000285974752,196424.58524680813,,
Region_01,2022-12-12,Video_YouTube,2235.5732257550017,200770.37439131562,,
Region_01,2022-12-19,Video_YouTube,1975.4881915753658,158866.88200020668,,
Region_01,2022-12-26,Video_YouTube,2004.005149622721,153247.50150237215,,
Region_01,2023-01-02,Video_YouTube,2042.4247602700518,193481.2155673652,,
Region_01,2023-01-09,Video_YouTube,1972.6384252712467,165383.45093500166,,
Region_01,2023-01-16,Video_YouTube,2028.950770716326,193681.55242035727,,
Region_01,2023-01-23,Video_YouTube,1845.0974093799764,160833.7668350917,,
Region_01,2023-01-30,Video_YouTube,2132.058113462296,206287.02252698672,,
Region_01,2023-02-06,Video_YouTube,2145.949704713305,188587.6050151609,,
Region_01,2023-02-13,Video_YouTube,2046.2451057544388,160004.9243634647,,
Region_01,2023-02-20,Video_YouTube,1909.196878235148,172069.08191331758,,
Region_01,2023-02-27,Video_YouTube,2018.7836355138995,177599.09729910153,,
Region_01,2023-03-06,Video_YouTube,1932.7548109964532,187643.42968217377,,
Region_01,2023-03-13,Video_YouTube,2008.4714660251477,174543.6645263525,,
Region_01,2023-03-20,Video_YouTube,1914.8135200600843,167364.34958673266,,
Region_01,2023-03-27,Video_YouTube,1970.0673846946024,195178.7087057594,,
Region_01,2023-04-03,Video_YouTube,1842.5411971300396,188224.76171339137,,
Region_01,2023-04-10,Video_YouTube,2012.3338409343119,197373.83540499955,,
Region_01,2023-04-17,Video_YouTube,1663.439215558344,167758.64159345045,,
Region_01,2023-04-24,Video_YouTube,1772.1115108678591,168587.0813078792,,
Region_01,2023-05-01,Video_YouTube,1910.9890213087692,187638.32781659276,,
Region_01,2023-05-08,Video_YouTube,1730.4490896958314,171754.5563896639,,
Region_01,2023-05-15,Video_YouTube,1938.6297205233961,183500.4994320474,,
Region_01,2023-05-22,Video_YouTube,1760.8838597499712,161090.9586219561,,
Region_01,2023-05-29,Video_YouTube,1883.0191061006287,173634.40187636385,,
Region_01,2023-06-05,Video_YouTube,1793.349004596703,207354.54211847027,,
Region_01,2023-06-12,Video_YouTube,1839.2979126617204,167437.76647377844,,
Region_01,2023-06-19,Video_YouTube,1899.8999077436054,168676.11460391103,,
Region_01,2023-06-26,Video_YouTube,1876.594946413922,164497.10546217003,,
Region_01,2023-07-03,Video_YouTube,1853.8294774691133,167968.93136420392,,
Region_01,2023-07-10,Video_YouTube,2107.6988599541487,196345.84888227176,,
Region_01,2023-07-17,Video_YouTube,1896.4488098688685,153965.72589093755,,
Region_01,2023-07-24,Video_YouTube,1808.8274598525313,134893.01839744608,,
Region_01,2023-07-31,Video_YouTube,1992.0660971837085,186523.5247770982,,
Region_01,2023-08-07,Video_YouTube,1984.648723594246,153652.9709418324,,
Region_01,2023-08-14,Video_YouTube,2028.2622751883177,189220.1743160227,,
Region_01,2023-08-21,Video_YouTube,2089.7512335882443,192667.72071214387,,
Region_01,2023-08-28,Video_YouTube,1826.5480579569528,186341.0421137928,,
Region_01,2023-09-04,Video_YouTube,2022.291355469157,217263.49555841694,,
Region_01,2023-09-11,Video_YouTube,2034.826092922991,191912.1220361963,,
Region_01,2023-09-18,Video_YouTube,1927.5355427122338,165787.66196620822,,
Region_01,2023-09-25,Video_YouTube,1958.9243619078313,158345.06631064217,,
Region_01,2023-10-02,Video_YouTube,1674.9330996534736,140675.6040510492,,
Region_01,2023-10-09,Video_YouTube,1907.5385578630255,174107.24253287207,,
Region_01,2023-10-16,Video_YouTube,2173.5769073524957,160661.31383115987,,
Region_01,2023-10-23,Video_YouTube,1849.2773312126733,169385.8859926685,,
Region_01,2023-10-30,Video_YouTube,2012.5919421136882,182742.44251521913,,
Region_01,2023-11-06,Video_YouTube,2152.8634701599217,208742.86062197696,,
Region_01,2023-11-13,Video_YouTube,2246.8787272076033,197539.846771555,,
Region_01,2023-11-20,Video_YouTube,2434.96956555907,223631.3760649816,,
Region_01,2023-11-27,Video_YouTube,2103.607686042355,177665.15939393875,,
Region_01,2023-12-04,Video_YouTube,2339.8594625080145,203069.41808024002,,
Region_01,2023-12-11,Video_YouTube,2453.7714671889416,186823.2134096522,,
Region_01,2023-12-18,Video_YouTube,2193.281979129277,201869.8195678251,,
Region_01,2023-12-25,Video_YouTube,2307.277823139141,244888.37742072428,,
Region_02,2021-01-04,Video_YouTube,1879.431193413744,173658.84605996084,,
Region_02,2021-01-11,Video_YouTube,1782.3581752691473,168070.05349313506,,
Region_02,2021-01-18,Video_YouTube,1724.2671416385904,142095.4590704847,,
Region_02,2021-01-25,Video_YouTube,1708.1465936521556,179181.33936251266,,
Region_02,2021-02-01,Video_YouTube,1833.6735207022587,154389.72444885876,,
Region_02,2021-02-08,Video_YouTube,1793.4624004742384,176652.66464678422,,
Region_02,2021-02-15,Video_YouTube,1795.7020426161139,165007.2797218328,,
Region_02,2021-02-22,Video_YouTube,1888.5977191631835,155988.69009959835,,
Region_02,2021-03-01,Video_YouTube,1822.9966235279837,183655.147174318,,
Region_02,2021-03-08,Video_YouTube,1828.5852084411881,166490.87438656687,,
Region_02,2021-03-15,Video_YouTube,1591.7373580189924,147312.8131926364,,
Region_02,2021-03-22,Video_YouTube,1744.9492856708237,165968.75463150238,,
Region_02,2021-03-29,Video_YouTube,1628.1191786519864,147692.8520835478,,
Region_02,2021-04-05,Video_YouTube,1596.8102936873631,139769.78741672062,,
Region_02,2021-04-12,Video_YouTube,1584.882282086254,150955.85363004595,,
Region_02,2021-04-19,Video_YouTube,1752.4097148928122,152990.54176992,,
Region_02,2021-04-26,Video_YouTube,1717.7455329396382,157182.54679265435,,
Region_02,2021-05-03,Video_YouTube,1590.765359038173,135274.6069753555,,
Region_02,2021-05-10,Video_YouTube,1559.503983187361,122146.1540254656,,
Region_02,2021-05-17,Video_YouTube,1654.5507920132538,140621.54401156708,,
Region_02,2021-05-24,Video_YouTube,1618.7735929666355,140052.12066054685,,
Region_02,2021-05-31,Video_YouTube,1803.1339846260255,164164.17632082998,,
Region_02,2021-06-07,Video_YouTube,1545.619990854587,158178.67595910083,,
Region_02,2021-06-14,Video_YouTube,1520.3669088425245,116730.12944267258,,
Region_02,2021-06-21,Video_YouTube,1648.086532374768,151765.16954279007,,
Region_02,2021-06-28,Video_YouTube,1673.4653012651734,121944.2430923653,,
Region_02,2021-07-05,Video_YouTube,1686.9876055371585,138133.15692544726,,
Region_02,2021-07-12,Video_YouTube,1743.5706577897392,150669.46400543372,,
Region_02,2021-07-19,Video_YouTube,1866.1501258146307,135426.68021291742,,
Region_02,2021-07-26,Video_YouTube,1657.0469198799776,125101.45822110212,,
Region_02,2021-08-02,Video_YouTube,1643.5797190938013,151735.80543922522,,
Region_02,2021-08-09,Video_YouTube,1549.7196180406536,141983.37219350747,,
Region_02,2021-08-16,Video_YouTube,1716.27059273788,154259.2794465389,,
Region_02,2021-08-23,Video_YouTube,1772.9143666173873,148726.9847903606,,
Region_02,2021-08-30,Video_YouTube,1680.2890991930658,189476.10103827043,,
Region_02,2021-09-06,Video_YouTube,1809.7679533338571,161892.73606195283,,
Region_02,2021-09-13,Video_YouTube,1712.8801553964822,142854.29213526048,,
Region_02,2021-09-20,Video_YouTube,1850.6104681904092,198982.2099042837,,
Region_02,2021-09-27,Video_YouTube,1751.8270332273426,169347.0612207669,,
Region_02,2021-10-04,Video_YouTube,1644.1685445298199,144026.99626672568,,
Region_02,2021-10-11,Video_YouTube,1694.122361469976,173520.0474091359,,
Region_02,2021-10-18,Video_YouTube,1640.6564511910003,151505.68842420477,,
Region_02,2021-10-25,Video_YouTube,1652.6891986363798,160224.74575332785,,
Region_02,2021-11-01,Video_YouTube,1868.2169606073007,173872.96072892955,,
Region_02,2021-11-08,Video_YouTube,1977.082714657702,162169.13821374177,,
Region_02,2021-11-15,Video_YouTube,2147.976384683775,215186.835365171,,
Region_02,2021-11-22,Video_YouTube,1997.617823515374,184539.06995271458,,
Region_02,2021-11-29,Video_YouTube,2027.1190572849457,166590.10264948168,,
Region_02,2021-12-06,Video_YouTube,1972.8315536520768,166174.37056722344,,
Region_02,2021-12-13,Video_YouTube,2206.222811291204,220671.8584645447,,
Region_02,2021-12-20,Video_YouTube,2134.2546437160545,186987.20554229108,,
Region_02,2021-12-27,Video_YouTube,2006.0666923727056,183218.4091386406,,
Region_02,2022-01-03,Video_YouTube,2096.6724660299233,203499.6673703392,,
Region_02,2022-01-10,Video_YouTube,2033.6425919172189,187264.4048145727,,
Region_02,2022-01-17,Video_YouTube,1771.0694350436536,138211.19798381798,,
Region_02,2022-01-24,Video_YouTube,2053.1147089980095,198931.17341796096,,
Region_02,2022-01-31,Video_YouTube,2016.0367174892738,201307.0965741012,,
Region_02,2022-02-07,Video_YouTube,1974.2937005280767,195729.77489143115,,
Region_02,2022-02-14,Video_YouTube,1968.2719675196943,210334.09597624931,,
Region_02,2022-02-21,Video_YouTube,2174.953462727847,205058.47986632885,,
Region_02,2022-02-28,Video_YouTube,2123.201537278373,208614.61949631126,,
Region_02,2022-03-07,Video_YouTube,2119.5161443133434,225874.08508599678,,
Region_02,2022-03-14,Video_YouTube,1796.493744035215,158637.8711491152,,
Region_02,2022-03-21,Video_YouTube,1814.0328562132388,196183.40084639026,,
Region_02,2022-03-28,Video_YouTube,1937.645929867782,209515.6488177874,,
Region_02,2022-04-04,Video_YouTube,1728.2135804444292,169908.0211574568,,
Region_02,2022-04-11,Video_YouTube,1761.2261656894477,192450.50797302707,,
Region_02,2022-04-18,Video_YouTube,1663.5003035339619,164675.67428211754,,
Region_02,2022-04-25,Video_YouTube,1995.3146083406625,166100.23721286724,,
Region_02,2022-05-02,Video_YouTube,1918.4847343601523,195416.78267542282,,
Region_02,2022-05-09,Video_YouTube,1863.259763597474,175007.24446248036,,
Region_02,2022-05-16,Video_YouTube,1843.7000327728067,174684.66513719704,,
Region_02,2022-05-23,Video_YouTube,1788.8568264206324,165157.0951982138,,
Region_02,2022-05-30,Video_YouTube,1793.6569288088174,186807.1682910875,,
Region_02,2022-06-06,Video_YouTube,1890.2190315698595,181596.86389496177,,
Region_02,2022-06-13,Video_YouTube,1771.9708812734582,150260.7875758905,,
Region_02,2022-06-20,Video_YouTube,1955.8556289899882,186656.337741858,,
Region_02,2022-06-27,Video_YouTube,1797.8743025310123,175807.88614355566,,
Region_02,2022-07-04,Video_YouTube,1767.0887319882115,149401.15251684724,,
Region_02,2022-07-11,Video_YouTube,1973.2442864821594,171762.43589020745,,
Region_02,2022-07-18,Video_YouTube,1839.2306392045286,160919.04725629688,,
Region_02,2022-07-25,Video_YouTube,1907.9992456905206,163233.51296030162,,
Region_02,2022-08-01,Video_YouTube,1820.894420739046,171411.49591393213,,
Region_02,2022-08-08,Video_YouTube,1664.1815438066565,167497.43272765077,,
Region_02,2022-08-15,Video_YouTube,1917.399562455308,210622.36356248058,,
Region_02,2022-08-22,Video_YouTube,1747.2983766328327,179002.44972168707,,
Region_02,2022-08-29,Video_YouTube,1976.5934555601327,199027.58242051792,,
Region_02,2022-09-05,Video_YouTube,1736.2511258723234,176957.25190120135,,
Region_02,2022-09-12,Video_YouTube,1713.1707958494528,177991.25364832272,,
Region_02,2022-09-19,Video_YouTube,1915.3670782979805,167686.84778022527,,
Region_02,2022-09-26,Video_YouTube,1934.4983864352585,188494.4374450237,,
Region_02,2022-10-03,Video_YouTube,1915.2291667722527,179813.61610283077,,
Region_02,2022-10-10,Video_YouTube,1808.6229899268553,162307.24202243742,,
Region_02,2022-10-17,Video_YouTube,2034.558051261923,176733.59923358005,,
Region_02,2022-10-24,Video_YouTube,1840.2856118934187,159055.46853559578,,
Region_02,2022-10-31,Video_YouTube,1978.1350461397262,175075.18086184867,,
Region_02,2022-11-07,Video_YouTube,1998.298857887225,160561.84669409753,,
Region_02,2022-11-14,Video_YouTube,2098.7067027370686,201009.57450896877,,
Region_02,2022-11-21,Video_YouTube,2294.6435877165877,208147.93379052653,,
Region_02,2022-11-28,Video_YouTube,2181.0626446889964,200391.84126467636,,
Region_02,2022-12-05,Video_YouTube,2353.8030928312655,221353.59106593093,,
Region_02,2022-12-12,Video_YouTube,2385.3574301363974,233154.46843276542,,
Region_02,2022-12-19,Video_YouTube,2107.8466057982,180612.04079752933,,
Region_02,2022-12-26,Video_YouTube,2138.2742102172742,192333.63122783543,,
Region_02,2023-01-02,Video_YouTube,2179.267948496461,168679.2133850719,,
Region_02,2023-01-09,Video_YouTube,2104.805904134139,153254.11598140112,,
Region_02,2023-01-16,Video_YouTube,2164.89119683148,162094.706116058,,
Region_02,2023-01-23,Video_YouTube,1968.7195946371016,208705.77147030766,,
Region_02,2023-01-30,Video_YouTube,2274.9067683579538,172286.92751714878,,
Region_02,2023-02-06,Video_YouTube,2289.7291011830494,218222.0495090451,,
Region_02,2023-02-13,Video_YouTube,2183.344258492432,230082.92166740098,,
Region_02,2023-02-20,Video_YouTube,2037.113750793558,176905.7403995479,,
Region_02,2023-02-27,Video_YouTube,2154.0428599401134,230485.12920042104,,
Region_02,2023-03-06,Video_YouTube,2062.2500734616983,225514.6777152867,,
Region_02,2023-03-13,Video_YouTube,2143.0397714134506,214137.6705506347,,
Region_02,2023-03-20,Video_YouTube,2043.1067096262982,235472.0123070389,,
Region_02,2023-03-27,Video_YouTube,2102.062602920819,203375.1568479957,,
Region_02,2023-04-03,Video_YouTube,1965.9921152536729,166169.6816819842,,
Region_02,2023-04-10,Video_YouTube,2147.160926820666,205699.6064076043,,
Region_02,2023-04-17,Video_YouTube,1774.8902369647549,154396.95864571846,,
Region_02,2023-04-24,Video_YouTube,1890.843614863608,150941.48126810257,,
Region_02,2023-05-01,Video_YouTube,2039.0259680930321,163219.81529498333,,
Region_02,2023-05-08,Video_YouTube,1846.38979659666,211601.3762738642,,
Region_02,2023-05-15,Video_YouTube,2068.5186040246995,178230.53260384584,,
Region_02,2023-05-22,Video_YouTube,1878.8637071117662,170492.97848224605,,
Region_02,2023-05-29,Video_YouTube,2009.1820585787325,171038.7524366983,,
Region_02,2023-06-05,Video_YouTube,1913.5040282555535,176498.78660671157,,
Region_02,2023-06-12,Video_YouTube,1962.5315295678968,174349.75385924932,,
Region_02,2023-06-19,Video_YouTube,2027.1938799594143,177043.89822565945,,
Region_02,2023-06-26,Video_YouTube,2002.3274778991424,161417.62317126343,,
Region_02,2023-07-03,Video_YouTube,1978.036714406169,156288.87962099907,,
Region_02,2023-07-10,Video_YouTube,2248.915436166806,189997.05312150953,,
Region_02,2023-07-17,Video_YouTube,2023.5115572947868,189640.41341213376,,
Region_02,2023-07-24,Video_YouTube,1930.0195455404123,216212.81359438514,,
Region_02,2023-07-31,Video_YouTube,2125.535237001772,214970.1268751705,,
Region_02,2023-08-07,Video_YouTube,2117.620896733295,231325.75588475677,,
Region_02,2023-08-14,Video_YouTube,2164.156571857254,206815.79017064953,,
Region_02,2023-08-21,Video_YouTube,2229.7653124258295,201244.67811562034,,
Region_02,2023-08-28,Video_YouTube,1948.9274300453212,155426.07499550344,,
Region_02,2023-09-04,Video_YouTube,2157.7855983848744,196518.31486500354,,
Region_02,2023-09-11,Video_YouTube,2171.160167723892,159540.7828269821,,
Region_02,2023-09-18,Video_YouTube,2056.681112338793,181744.907191941,,
Region_02,2023-09-25,Video_YouTube,2090.1729936284964,223999.68859152708,,
Region_02,2023-10-02,Video_YouTube,1787.1542153983773,168200.63009234372,,
Region_02,2023-10-09,Video_YouTube,2035.344322364367,207514.62539083767,,
Region_02,2023-10-16,Video_YouTube,2319.207336263907,203318.05602395863,,
Region_02,2023-10-23,Video_YouTube,1973.179572725113,156621.10194342752,,
Region_02,2023-10-30,Video_YouTube,2147.436320871221,186461.38300329942,,
Region_02,2023-11-06,Video_YouTube,2297.1060913832866,201116.55444531195,,
Region_02,2023-11-13,Video_YouTube,2397.4204042231772,246385.61857753855,,
Region_02,2023-11-20,Video_YouTube,2598.11339590576,288391.4557341276,,
Region_02,2023-11-27,Video_YouTube,2244.550152142087,189898.7231361295,,
Region_02,2023-12-04,Video_YouTube,2496.6308819893334,219447.52167225096,,
Region_02,2023-12-11,Video_YouTube,2618.1750316584257,235108.21130202664,,
Region_02,2023-12-18,Video_YouTube,2340.2326548858196,205926.95825077122,,
Region_02,2023-12-25,Video_YouTube,2461.8662611488244,198090.60636077702,,
Region_03,2021-01-04,Video_YouTube,1140.9229214922004,104938.16917051868,,
Region_03,2021-01-11,Video_YouTube,1081.9940115923755,102236.32345100159,,
Region_03,2021-01-18,Video_YouTube,1046.7294102414253,99143.00959397522,,
Region_03,2021-01-25,Video_YouTube,1036.9433096546136,83761.61675986154,,
Region_03,2021-02-01,Video_YouTube,1113.1453801735174,100301.62942083877,,
Region_03,2021-02-08,Video_YouTube,1088.7349154926073,83382.11632268481,,
Region_03,2021-02-15,Video_YouTube,1090.0945071949056,108858.50995287746,,
Region_03,2021-02-22,Video_YouTube,1146.4875302816224,94368.3169295341,,
Region_03,2021-03-01,Video_YouTube,1106.6638889865912,98141.0773502933,,
Region_03,2021-03-08,Video_YouTube,1110.0564817287595,96742.06961874326,,
Region_03,2021-03-15,Video_YouTube,966.2762026742176,83091.10705439285,,
Region_03,2021-03-22,Video_YouTube,1059.2846622105692,86860.7810220648,,
Region_03,2021-03-29,Video_YouTube,988.3620620721374,75503.98401391131,,
Region_03,2021-04-05,Video_YouTube,969.3557666420725,105093.73418022577,,
Region_03,2021-04-12,Video_YouTube,962.1147769792311,89987.07872442501,,
Region_03,2021-04-19,Video_YouTube,1063.81357219853,99600.31523938425,,
Region_03,2021-04-26,Video_YouTube,1042.7704183529684,117279.46507898346,,
Region_03,2021-05-03,Video_YouTube,965.6861433409628,87167.69386523284,,
Region_03,2021-05-10,Video_YouTube,946.7086886777835,91225.11904418109,,
Region_03,2021-05-17,Video_YouTube,1004.407572884967,91776.14713511492,,
Region_03,2021-05-24,Video_YouTube,982.6887535942575,100901.72888417292,,
Region_03,2021-05-31,Video_YouTube,1094.6061238053055,104949.91719354867,,
Region_03,2021-06-07,Video_YouTube,938.2803061172539,88293.68713297069,,
Region_03,2021-06-14,Video_YouTube,922.9502316740648,82043.07265284262,,
Region_03,2021-06-21,Video_YouTube,1000.4833951774398,93824.80860488201,,
Region_03,2021-06-28,Video_YouTube,1015.88976879079,104077.49385182893,,
Region_03,2021-07-05,Video_YouTube,1024.098585878303,75879.3034480321,,
Region_03,2021-07-12,Video_YouTube,1058.4477557277728,95290.0751832738,,
Region_03,2021-07-19,Video_YouTube,1132.860548951606,99087.76925830785,,
Region_03,2021-07-26,Video_YouTube,1005.9228661865259,89026.54903710634,,
Region_03,2021-08-02,Video_YouTube,997.7475000868616,74680.66735854842,,
Region_03,2021-08-09,Video_YouTube,940.769015809073,92310.48074783743,,
Region_03,2021-08-16,Video_YouTube,1041.8750447474258,87318.73221390469,,
Region_03,2021-08-23,Video_YouTube,1076.261076119804,95956.95105893351,,
Region_03,2021-08-30,Video_YouTube,1020.032206936356,88460.85651683868,,
Region_03,2021-09-06,Video_YouTube,1098.633324687014,84790.47160521527,,
Region_03,2021-09-13,Video_YouTube,1039.816854114941,90699.03137801922,,
Region_03,2021-09-20,Video_YouTube,1123.42708225288,85227.471557812,,
Region_03,2021-09-27,Video_YouTube,1063.4598508862537,88269.98718806317,,
Region_03,2021-10-04,Video_YouTube,998.1049510215197,88209.86452966671,,
Region_03,2021-10-11,Video_YouTube,1028.4297934327642,93757.49682807464,,
Region_03,2021-10-18,Video_YouTube,995.9729081956256,91344.95576307309,,
Region_03,2021-10-25,Video_YouTube,1003.277478544926,90256.98177396638,,
Region_03,2021-11-01,Video_YouTube,1134.115236645499,128096.0825036447,,
Region_03,2021-11-08,Video_YouTube,1200.20301607414,114341.68827616499,,
Region_03,2021-11-15,Video_YouTube,1303.945311058891,105255.54309948965,,
Region_03,2021-11-22,Video_YouTube,1212.6690092284305,104039.38305025431,,
Region_03,2021-11-29,Video_YouTube,1230.577956327934,105100.02250643483,,
Region_03,2021-12-06,Video_YouTube,1197.622316630995,107315.24904205308,,
Region_03,2021-12-13,Video_YouTube,1339.3042448918038,115006.142872814,,
Region_03,2021-12-20,Video_YouTube,1295.6154244167444,108486.24374043301,,
Region_03,2021-12-27,Video_YouTube,1217.7979589733275,130991.59465466684,,
Region_03,2022-01-03,Video_YouTube,1272.8008791905281,116606.16292085189,,
Region_03,2022-01-10,Video_YouTube,1234.5381173687806,108871.64933217804,,
Region_03,2022-01-17,Video_YouTube,1075.1410964533845,95623.23150409132,,
Region_03,2022-01-24,Video_YouTube,1246.358813324721,111245.47134043483,,
Region_03,2022-01-31,Video_YouTube,1223.8503381310259,128314.86124690689,,
Region_03,2022-02-07,Video_YouTube,1198.5099239513709,114678.30540480727,,
Region_03,2022-02-14,Video_YouTube,1194.8543853818046,121944.63084348137,,
Region_03,2022-02-21,Video_YouTube,1320.3219503331707,88173.0097963032,,
Region_03,2022-02-28,Video_YouTube,1288.9055525509177,121470.64659459484,,
Region_03,2022-03-07,Video_YouTube,1286.6683068761395,130484.70262781388,,
Region_03,2022-03-14,Video_YouTube,1090.5751155295952,121187.92965372438,,
Region_03,2022-03-21,Video_YouTube,1101.2223662385627,100753.20633871693,,
Region_03,2022-03-28,Video_YouTube,1176.2626175778012,90376.22134568442,,
Region_03,2022-04-04,Video_YouTube,1049.1251257683498,101513.23788682328,,
Region_03,2022-04-11,Video_YouTube,1069.1656653399762,91864.70724774586,,
Region_03,2022-04-18,Video_YouTube,1009.8404415453982,77012.085095695,,
Region_03,2022-04-25,Video_YouTube,1211.2708250356989,103872.27730571391,,
Region_03,2022-05-02,Video_YouTube,1164.6306689145783,118083.34059611907,,
Region_03,2022-05-09,Video_YouTube,1131.1059327057305,116370.55850314484,,
Region_03,2022-05-16,Video_YouTube,1119.2320501638821,109750.4137531872,,
Region_03,2022-05-23,Video_YouTube,1085.9390669279974,89216.54665008902,,
Region_03,2022-05-30,Video_YouTube,1088.8530053894754,127775.28740298213,,
Region_03,2022-06-06,Video_YouTube,1147.471760241282,93138.78977964357,,
Region_03,2022-06-13,Video_YouTube,1075.6883262054932,97385.85047442549,,
Region_03,2022-06-20,Video_YouTube,1187.3169531633803,93758.23297664679,,
Region_03,2022-06-27,Video_YouTube,1091.4131940066554,113605.62817504999,,
Region_03,2022-07-04,Video_YouTube,1072.7245805545724,102346.44229779602,,
Region_03,2022-07-11,Video_YouTube,1197.872869217301,119457.32902888772,,
Region_03,2022-07-18,Video_YouTube,1116.5188709929243,102808.64566457487,,
Region_03,2022-07-25,Video_YouTube,1158.2653737081603,104978.46075957375,,
Region_03,2022-08-01,Video_YouTube,1105.3877308830495,102649.55427614019,,
Region_03,2022-08-08,Video_YouTube,1010.2539936056621,76330.89037758549,,
Region_03,2022-08-15,Video_YouTube,1163.9719071017835,117329.35999589998,,
Region_03,2022-08-22,Video_YouTube,1060.7106956469718,106064.09628428337,,
Region_03,2022-08-29,Video_YouTube,1199.9060076383316,105298.13527529786,,
Region_03,2022-09-05,Video_YouTube,1054.0043785142632,96078.91578413572,,
Region_03,2022-09-12,Video_YouTube,1039.993289600246,97810.86113779595,,
Region_03,2022-09-19,Video_YouTube,1162.7380722208945,124173.42069592264,,
Region_03,2022-09-26,Video_YouTube,1174.351877529885,111924.7665895108,,
Region_03,2022-10-03,Video_YouTube,1162.6543519860747,106581.49634206633,,
Region_03,2022-10-10,Video_YouTube,1097.9382659905873,95250.93137103881,,
Region_03,2022-10-17,Video_YouTube,1235.0938538882804,97010.74827722204,,
Region_03,2022-10-24,Video_YouTube,1117.159300143255,96083.68193548943,,
Region_03,2022-10-31,Video_YouTube,1200.8418418598653,110416.1799767291,,
Region_03,2022-11-07,Video_YouTube,1213.08243629503,107993.84365980758,,
Region_03,2022-11-14,Video_YouTube,1274.0357779700396,117203.7235952098,,
Region_03,2022-11-21,Video_YouTube,1392.9807460126665,137028.23308480217,,
Region_03,2022-11-28,Video_YouTube,1324.0305754509554,126274.46032999849,,
Region_03,2022-12-05,Video_YouTube,1428.8939710596937,134115.5473047562,,
Region_03,2022-12-12,Video_YouTube,1448.0492701896026,141196.16042859937,,
Region_03,2022-12-19,Video_YouTube,1279.584225255157,119045.52680290265,,
Region_03,2022-12-26,Video_YouTube,1298.0555326642689,118172.39674103542,,
Region_03,2023-01-02,Video_YouTube,1322.9410915526596,126624.00292118998,,
Region_03,2023-01-09,Video_YouTube,1277.7383443109097,98173.55116247025,,
Region_03,2023-01-16,Video_YouTube,1314.21357571241,136042.0661708314,,
Region_03,2023-01-23,Video_YouTube,1195.1261208091623,95948.48687128874,,
Region_03,2023-01-30,Video_YouTube,1380.9993605368222,137142.2071395552,,
Region_03,2023-02-06,Video_YouTube,1389.9973697905798,127120.89592638613,,
Region_03,2023-02-13,Video_YouTube,1325.4156463678662,135248.69847638076,,
Region_03,2023-02-20,Video_YouTube,1236.6453106196082,113357.54861819232,,
Region_03,2023-02-27,Video_YouTube,1307.6280107484977,108684.17136669159,,
Region_03,2023-03-06,Video_YouTube,1251.9045054199319,127319.20877795151,,
Region_03,2023-03-13,Video_YouTube,1300.9485026338773,121059.4284390577,,
Region_03,2023-03-20,Video_YouTube,1240.2833816082104,114657.70680172746,,
Region_03,2023-03-27,Video_YouTube,1276.073002559744,117529.62302731669,,
Region_03,2023-04-03,Video_YouTube,1193.4703838195048,120520.03861574887,,
Region_03,2023-04-10,Video_YouTube,1303.4502811951788,129236.35848760992,,
Region_03,2023-04-17,Video_YouTube,1077.4605431591447,100737.48319316257,,
Region_03,2023-04-24,Video_YouTube,1147.850918253938,89812.63321456587,,
Region_03,2023-05-01,Video_YouTube,1237.80613659477,108623.52165439745,,
Region_03,2023-05-08,Video_YouTube,1120.8648916378284,103508.87653692217,,
Region_03,2023-05-15,Video_YouTube,1255.7098643117422,137306.81740222848,,
Region_03,2023-05-22,Video_YouTube,1140.5784246402654,108314.42704752307,,
Region_03,2023-05-29,Video_YouTube,1219.6891655925187,110440.9007342674,,
Region_03,2023-06-05,Video_YouTube,1161.607093601012,119643.97646077872,,
Region_03,2023-06-12,Video_YouTube,1191.3696091039815,107674.13025936604,,
Region_03,2023-06-19,Video_YouTube,1230.6233779984095,112155.93235804289,,
Region_03,2023-06-26,Video_YouTube,1215.528040544702,112852.41362458277,,
Region_03,2023-07-03,Video_YouTube,1200.7821488372535,94481.06160041207,,
Region_03,2023-07-10,Video_YouTube,1365.2211257384865,137317.89267317465,,
Region_03,2023-07-17,Video_YouTube,1228.3879961727132,117159.06527877547,,
Region_03,2023-07-24,Video_YouTube,1171.632963287877,104106.09835187896,,
Region_03,2023-07-31,Video_YouTube,1290.3222426195068,105210.27981594282,,
Region_03,2023-08-07,Video_YouTube,1285.5177824975096,120040.80209864798,,
Region_03,2023-08-14,Video_YouTube,1313.7676160652932,138134.27267440764,,
Region_03,2023-08-21,Video_YouTube,1353.5958982749544,116045.75211127414,,
Region_03,2023-08-28,Video_YouTube,1183.1111375909193,97255.5600951524,,
Region_03,2023-09-04,Video_YouTube,1309.900068430493,124877.7331761424,,
Region_03,2023-09-11,Video_YouTube,1318.0192019095196,102705.84153071076,,
Region_03,2023-09-18,Video_YouTube,1248.5238254480937,91401.05007740637,,
Region_03,2023-09-25,Video_YouTube,1268.8553253089171,110950.94961638036,,
Region_03,2023-10-02,Video_YouTube,1084.9054840288293,92567.28108603724,,
Region_03,2023-10-09,Video_YouTube,1235.57116570817,109871.16474477446,,
Region_03,2023-10-16,Video_YouTube,1407.8923553621437,121808.21104996625,,
Region_03,2023-10-23,Video_YouTube,1197.833584241608,113211.83795615089,,
Region_03,2023-10-30,Video_YouTube,1303.6174612365776,116579.80818876666,,
Region_03,2023-11-06,Video_YouTube,1394.4756274892754,120081.3789329851,,
Region_03,2023-11-13,Video_YouTube,1455.3721898501915,127109.99686429271,,
Region_03,2023-11-20,Video_YouTube,1577.204388440872,153604.9573565242,,
Region_03,2023-11-27,Video_YouTube,1362.5711470534038,137116.25808771665,,
Region_03,2023-12-04,Video_YouTube,1515.5986607804743,151691.37378539858,,
Region_03,2023-12-11,Video_YouTube,1589.3829561655402,155819.2619083369,,
Region_03,2023-12-18,Video_YouTube,1420.655934061636,93407.16794810885,,
Region_03,2023-12-25,Video_YouTube,1494.4945347486625,123626.15028285005,,
Region_04,2021-01-04,Video_YouTube,419.4752898880019,37168.94876272559,,
Region_04,2021-01-11,Video_YouTube,397.80930255672547,37132.81111520299,,
Region_04,2021-01-18,Video_YouTube,384.8438089236169,29935.841661514074,,
Region_04,2021-01-25,Video_YouTube,381.2458205729604,40191.29171515067,,
Region_04,2021-02-01,Video_YouTube,409.26251216434036,38578.63714330593,,
Region_04,2021-02-08,Video_YouTube,400.2876843688453,34401.0357934371,,
Region_04,2021-02-15,Video_YouTube,400.7875561066354,37256.26059580868,,
Region_04,2021-02-22,Video_YouTube,421.5211913604723,37236.072489047045,,
Region_04,2021-03-01,Video_YouTube,406.87950684178395,34487.86432396959,,
Region_04,2021-03-08,Video_YouTube,408.1268381007018,39262.19165951555,,
Region_04,2021-03-15,Video_YouTube,355.26413098837554,31049.464947079607,,
Region_04,2021-03-22,Video_YouTube,389.45991213283753,30929.266755042278,,
Region_04,2021-03-29,Video_YouTube,363.38428713463924,31189.392824582992,,
Region_04,2021-04-05,Video_YouTube,356.39637310903953,32224.376089683396,,
Region_04,2021-04-12,Video_YouTube,353.7341282012734,29041.47461058452,,
Region_04,2021-04-19,Video_YouTube,391.12502534451,40582.081970040235,,
Region_04,2021-04-26,Video_YouTube,383.38823358299476,31447.361568246182,,
Region_04,2021-05-03,Video_YouTube,355.0471879283268,38714.08229757729,,
Region_04,2021-05-10,Video_YouTube,348.06987758928835,34816.69973638699,,
Region_04,2021-05-17,Video_YouTube,369.283629827141,30743.80155058608,,
Region_04,2021-05-24,Video_YouTube,361.2984207947202,33482.50296046275,,
Region_04,2021-05-31,Video_YouTube,402.4463111810236,41433.70796124959,,
Region_04,2021-06-07,Video_YouTube,344.9710720948373,30960.8097439659,,
Region_04,2021-06-14,Video_YouTube,339.33476897573536,27552.48408076839,,
Region_04,2021-06-21,Video_YouTube,367.84085437717096,34030.847077080456,,
Region_04,2021-06-28,Video_YouTube,373.50520988782245,41695.77358459908,,
Region_04,2021-07-05,Video_YouTube,376.52328925370864,29679.72242370143,,
Region_04,2021-07-12,Video_YouTube,389.15221247770137,37636.33588604667,,
Region_04,2021-07-19,Video_YouTube,416.5110527822843,38147.93187976978,,
Region_04,2021-07-26,Video_YouTube,369.8407473019178,33445.128233676456,,
Region_04,2021-08-02,Video_YouTube,366.834966630852,32284.58854247632,,
Region_04,2021-08-09,Video_YouTube,345.8860788843035,30657.26608094672,,
Region_04,2021-08-16,Video_YouTube,383.05903772263656,38888.78499595663,,
Region_04,2021-08-23,Video_YouTube,395.70151356943705,38440.50380928334,,
Region_04,2021-08-30,Video_YouTube,375.02823165311554,31064.869529409774,,
Region_04,2021-09-06,Video_YouTube,403.92696445344853,43205.096144602925,,
Region_04,2021-09-13,Video_YouTube,382.30231691710037,30734.21096594421,,
Region_04,2021-09-20,Video_YouTube,413.0427149098876,40396.672878962694,,
Region_04,2021-09-27,Video_YouTube,390.99497506047095,36453.125417432864,,
Region_04,2021-10-04,Video_YouTube,366.9663881595214,37868.02656989069,,
Region_04,2021-10-11,Video_YouTube,378.11571457030806,35867.40474946738,,
Region_04,2021-10-18,Video_YouTube,366.18251462556185,37255.2351309785,,
Region_04,2021-10-25,Video_YouTube,368.86813580737885,33686.18523886871,,
Region_04,2021-11-01,Video_YouTube,416.972355184226,42073.435745967254,,
Region_04,2021-11-08,Video_YouTube,441.27039487793814,41814.762882513176,,
Region_04,2021-11-15,Video_YouTube,479.41261153658786,54414.601334690735,,
Region_04,2021-11-22,Video_YouTube,445.8536809121066,38077.15809292098,,
Region_04,2021-11-29,Video_YouTube,452.43814041821224,46678.91678837121,,
Region_04,2021-12-06,Video_YouTube,440.32156684877464,42233.166236630255,,
Region_04,2021-12-13,Video_YouTube,492.4127877450673,45889.53380830914,,
Region_04,2021-12-20,Video_YouTube,476.35001935956444,41215.0481567634,,
Region_04,2021-12-27,Video_YouTube,447.7394066176151,42873.80673883206,,
Region_04,2022-01-03,Video_YouTube,467.96195230248986,36979.17922607961,,
Region_04,2022-01-10,Video_YouTube,453.8941456130589,36247.24789066532,,
Region_04,2022-01-17,Video_YouTube,395.28973834221534,38868.80076934339,,
Region_04,2022-01-24,Video_YouTube,458.2401796609251,35920.21984611738,,
Region_04,2022-01-31,Video_YouTube,449.9646432693313,47573.90900138384,,
Region_04,2022-02-07,Video_YouTube,440.6479073324371,39261.76793836253,,
Region_04,2022-02-14,Video_YouTube,439.3039005881778,41249.15829083606,,
Region_04,2022-02-21,Video_YouTube,485.433697954928,44793.64219889085,,
Region_04,2022-02-28,Video_YouTube,473.88304688227583,45264.08095884385,,
Region_04,2022-03-07,Video_YouTube,473.06049413984266,42133.94559448687,,
Region_04,2022-03-14,Video_YouTube,400.96425807021143,35398.94081143628,,
Region_04,2022-03-21,Video_YouTube,404.8788595682802,36618.91369733286,,
Region_04,2022-03-28,Video_YouTube,432.4683930861329,43993.221048376836,,
Region_04,2022-04-04,Video_YouTube,385.72462518755134,39569.849906773234,,
Region_04,2022-04-11,Video_YouTube,393.0927926491404,40897.222888461634,,
Region_04,2022-04-18,Video_YouTube,371.2810953117306,35273.57964570964,,
Region_04,2022-04-25,Video_YouTube,445.33962013857445,39982.1520589244,,
Region_04,2022-05-02,Video_YouTube,428.19175445827005,33157.332627016636,,
Region_04,2022-05-09,Video_YouTube,415.86594508524706,40622.96263172025,,
Region_04,2022-05-16,Video_YouTube,411.5003562908493,40999.22239737263,,
Region_04,2022-05-23,Video_YouTube,399.2597539407417,35127.58885397496,,
Region_04,2022-05-30,Video_YouTube,400.3311016696887,39753.470685852335,,
Region_04,2022-06-06,Video_YouTube,421.88305642590956,43962.36554096975,,
Region_04,2022-06-13,Video_YouTube,395.4909345444977,36572.34291337865,,
Region_04,2022-06-20,Video_YouTube,436.53266468321453,44445.73784710852,,
Region_04,2022-06-27,Video_YouTube,401.2723886244244,37907.36694231462,,
Region_04,2022-07-04,Video_YouTube,394.4012745484935,30375.065574937125,,
Region_04,2022-07-11,Video_YouTube,440.41368579633286,38482.50440525143,,
Region_04,2022-07-18,Video_YouTube,410.50282035058876,36094.19000713149,,
Region_04,2022-07-25,Video_YouTube,425.8514701133444,41132.220873716506,,
Region_04,2022-08-01,Video_YouTube,406.41031056187586,34150.96180944289,,
Region_04,2022-08-08,Video_YouTube,371.433143155713,32565.52298841679,,
Region_04,2022-08-15,Video_YouTube,427.9495520297065,35607.0127602358,,
Region_04,2022-08-22,Video_YouTube,389.9842120464046,35588.39138562797,,
Region_04,2022-08-29,Video_YouTube,441.16119582744756,40697.22654799954,,
Region_04,2022-09-05,Video_YouTube,387.5185465134127,39134.57901378962,,
Region_04,2022-09-12,Video_YouTube,382.36718573948133,37934.86122404676,,
Region_04,2022-09-19,Video_YouTube,427.4959164382172,39812.6956259894,,
Region_04,2022-09-26,Video_YouTube,431.7658844237143,40519.87014698399,,
Region_04,2022-10-03,Video_YouTube,427.46513559482355,39588.754426773354,,
Region_04,2022-10-10,Video_YouTube,403.6714169991196,37399.60406471259,,
Region_04,2022-10-17,Video_YouTube,454.0984694400478,48559.15048251343,,
Region_04,2022-10-24,Video_YouTube,410.73828253512994,29345.48306279731,,
Region_04,2022-10-31,Video_YouTube,441.50526756443355,39742.91231095061,,
Region_04,2022-11-07,Video_YouTube,446.0056828005274,42157.468078509606,,
Region_04,2022-11-14,Video_YouTube,468.4159790502744,48045.61881759395,,
Region_04,2022-11-21,Video_YouTube,512.1476580362165,42055.6348856237,,
Region_04,2022-11-28,Video_YouTube,486.7972226655491,46170.60899328273,,
Region_04,2022-12-05,Video_YouTube,525.3516266861863,52461.089209976526,,
Region_04,2022-12-12,Video_YouTube,532.3943238781233,46649.324711125155,,
Region_04,2022-12-19,Video_YouTube,470.4559385335224,35610.29249043207,,
Region_04,2022-12-26,Video_YouTube,477.2471571900059,42176.60936836757,,
Region_04,2023-01-02,Video_YouTube,486.39665960782025,39518.07790732937,,
Region_04,2023-01-09,Video_YouTube,469.7772761720245,45932.31670407674,,
Region_04,2023-01-16,Video_YouTube,483.18787383612,40655.53507215951,,
Region_04,2023-01-23,Video_YouTube,439.4038076853326,48100.42523619137,,
Region_04,2023-01-30,Video_YouTube,507.74254437685875,47178.62200352295,,
Region_04,2023-02-06,Video_YouTube,511.050780603017,43195.95572975284,,
Region_04,2023-02-13,Video_YouTube,487.30646217107744,42446.77232794856,,
Region_04,2023-02-20,Video_YouTube,454.66888287452525,37343.90754654058,,
Region_04,2023-02-27,Video_YouTube,480.7666044231956,45794.012106865994,,
Region_04,2023-03-06,Video_YouTube,460.27912616243435,48948.53944361736,,
Region_04,2023-03-13,Video_YouTube,478.31079557764707,42885.257634529735,,
Region_04,2023-03-20,Video_YouTube,456.0064674333323,45824.10573169871,,
Region_04,2023-03-27,Video_YouTube,469.16499141494467,39116.18362645267,,
Region_04,2023-04-03,Video_YouTube,438.79505424491043,41456.998047674024,,
Region_04,2023-04-10,Video_YouTube,479.2306073085439,55278.78332048665,,
Region_04,2023-04-17,Video_YouTube,396.1425133728072,31532.832195952167,,
Region_04,2023-04-24,Video_YouTube,422.0224588467711,43733.11883314941,,
Region_04,2023-05-01,Video_YouTube,455.095675783378,46884.6962534909,,
Region_04,2023-05-08,Video_YouTube,412.1006918943527,31283.256277112076,,
Region_04,2023-05-15,Video_YouTube,461.678216314977,36643.751850817665,,
Region_04,2023-05-22,Video_YouTube,419.3486310979043,34844.626071081446,,
Region_04,2023-05-29,Video_YouTube,448.4347335585321,45260.96334344737,,
Region_04,2023-06-05,Video_YouTube,427.08009730136257,37482.98063344118,,
Region_04,2023-06-12,Video_YouTube,438.02267684221,39461.542828703394,,
Region_04,2023-06-19,Video_YouTube,452.4548402916489,44488.12356216651,,
Region_04,2023-06-26,Video_YouTube,446.9048413083088,41426.51873171007,,
Region_04,2023-07-03,Video_YouTube,441.4833206410327,41367.26157157783,,
Region_04,2023-07-10,Video_YouTube,501.9414692198301,44528.26865508955,,
Region_04,2023-07-17,Video_YouTube,451.632972817799,46295.34603855218,,
Region_04,2023-07-24,Video_YouTube,430.76623990929323,36507.65513387238,,
Region_04,2023-07-31,Video_YouTube,474.4039115840084,51382.6313679149,,
Region_04,2023-08-07,Video_YouTube,472.6374887481921,41856.654528037136,,
Region_04,2023-08-14,Video_YouTube,483.0239109173911,40853.71274301397,,
Region_04,2023-08-21,Video_YouTube,497.66730172926805,48632.23045093506,,
Region_04,2023-08-28,Video_YouTube,434.9863413749177,41682.882324448394,,
Region_04,2023-09-04,Video_YouTube,481.60195625708707,36188.757348566854,,
Region_04,2023-09-11,Video_YouTube,484.5870622669651,45379.57071874189,,
Region_04,2023-09-18,Video_YouTube,459.0361747899168,36735.86227696711,,
Region_04,2023-09-25,Video_YouTube,466.51131762149595,39327.95089642131,,
Region_04,2023-10-02,Video_YouTube,398.87974361919885,39524.156485780244,,
Region_04,2023-10-09,Video_YouTube,454.27395939668145,38168.58593061119,,
Region_04,2023-10-16,Video_YouTube,517.6301069700916,49122.26805571751,,
Region_04,2023-10-23,Video_YouTube,440.3992421592942,38830.3013577076,,
Region_04,2023-10-30,Video_YouTube,479.2920732454692,53253.79202873001,,
Region_04,2023-11-06,Video_YouTube,512.6972708355884,46502.23805375015,,
Region_04,2023-11-13,Video_YouTube,535.0866914251216,43567.29288628077,,
Region_04,2023-11-20,Video_YouTube,579.8798986250242,47545.710294290046,,
Region_04,2023-11-27,Video_YouTube,500.9671697678845,41898.64633623599,,
Region_04,2023-12-04,Video_YouTube,557.2297441033602,51673.5427385341,,
Region_04,2023-12-11,Video_YouTube,584.3575089267301,53484.28144074187,,
Region_04,2023-12-18,Video_YouTube,522.3228042365953,52685.10696600325,,
Region_04,2023-12-25,Video_YouTube,549.4705351171398,51148.912494599674,,
Region_05,2021-01-04,Video_YouTube,895.4321881739005,83028.7400102785,,
Region_05,2021-01-11,Video_YouTube,849.1829265066098,80288.90006270641,,
Region_05,2021-01-18,Video_YouTube,821.5061583762416,74225.4349587572,,
Region_05,2021-01-25,Video_YouTube,813.8257188854845,76696.05087996433,,
Region_05,2021-02-01,Video_YouTube,873.6315002075758,86470.26695126198,,
Region_05,2021-02-08,Video_YouTube,854.4733998733469,84572.68195019885,,
Region_05,2021-02-15,Video_YouTube,855.5404501973247,74141.380960069,,
Region_05,2021-02-22,Video_YouTube,899.7994681459139,68999.35974050159,,
Region_05,2021-03-01,Video_YouTube,868.5446220961704,73308.18743497352,,
Region_05,2021-03-08,Video_YouTube,871.2072355694186,81997.6881320595,,
Region_05,2021-03-15,Video_YouTube,758.3639510102146,54103.15138013256,,
Region_05,2021-03-22,Video_YouTube,831.3599149552585,72533.14945850117,,
Region_05,2021-03-29,Video_YouTube,775.6976280148936,74230.51015335287,,
Region_05,2021-04-05,Video_YouTube,760.7808896573506,65786.14276480718,,
Region_05,2021-04-12,Video_YouTube,755.097933257577,61771.42646920813,,
Region_05,2021-04-19,Video_YouTube,834.9143459375538,91019.71266525998,,
Region_05,2021-04-26,Video_YouTube,818.3990170410434,85983.21748445241,,
Region_05,2021-05-03,Video_YouTube,757.9008538894751,67558.58393268328,,
Region_05,2021-05-10,Video_YouTube,743.0067506727594,77571.42483954207,,
Region_05,2021-05-17,Video_YouTube,788.2906494950025,82097.88923510295,,
Region_05,2021-05-24,Video_YouTube,771.2450371090247,63002.210631949005,,
Region_05,2021-05-31,Video_YouTube,859.081308793073,102719.49416889045,,
Region_05,2021-06-07,Video_YouTube,736.39189098612,61321.18667869175,,
Region_05,2021-06-14,Video_YouTube,724.3603664677237,64521.43940164329,,
Region_05,2021-06-21,Video_YouTube,785.2108314238234,64352.264765174725,,
Region_05,2021-06-28,Video_YouTube,797.3022379303942,73472.99733432203,,
Region_05,2021-07-05,Video_YouTube,803.7447757289843,64435.74017520496,,
Region_05,2021-07-12,Video_YouTube,830.7030844287871,75897.20777146948,,
Region_05,2021-07-19,Video_YouTube,889.1045846610746,90579.73499234054,,
Region_05,2021-07-26,Video_YouTube,789.4798993305353,73732.72108642533,,
Region_05,2021-08-02,Video_YouTube,783.0636149191653,69717.72658899962,,
Region_05,2021-08-09,Video_YouTube,738.3451086164229,78775.53274373381,,
Region_05,2021-08-16,Video_YouTube,817.6962996779847,68335.94988926135,,
Region_05,2021-08-23,Video_YouTube,844.6835384601757,85056.51260272002,,
Region_05,2021-08-30,Video_YouTube,800.5533536571322,70993.1360469711,,
Region_05,2021-09-06,Video_YouTube,862.2419826911906,80524.74182998636,,
Region_05,2021-09-13,Video_YouTube,816.080966944276,74817.77974493142,,
Region_05,2021-09-20,Video_YouTube,881.7009033352073,81613.96489574156,,
Region_05,2021-09-27,Video_YouTube,834.6367343279621,75866.03183049103,,
Region_05,2021-10-04,Video_YouTube,783.3441536536901,66195.40830909893,,
Region_05,2021-10-11,Video_YouTube,807.1440436241845,69674.64373898655,,
Region_05,2021-10-18,Video_YouTube,781.6708593961131,74641.56962419386,,
Region_05,2021-10-25,Video_YouTube,787.4037159180854,71164.82791390705,,
Region_05,2021-11-01,Video_YouTube,890.0893030202676,72386.3228779978,,
Region_05,2021-11-08,Video_YouTube,941.957070623661,80186.14338760353,,
Region_05,2021-11-15,Video_YouTube,1023.3772861829056,87220.57102983058,,
Region_05,2021-11-22,Video_YouTube,951.7407740777979,86449.67329288046,,
Region_05,2021-11-29,Video_YouTube,965.7962789564496,89790.51039022654,,
Region_05,2021-12-06,Video_YouTube,939.931656543653,86618.73428308136,,
Region_05,2021-12-13,Video_YouTube,1051.128089411656,89907.54602661487,,
Region_05,2021-12-20,Video_YouTube,1016.8397291904815,93007.91639423843,,
Region_05,2021-12-27,Video_YouTube,955.7661351311989,76099.86024966039,,
Region_05,2022-01-03,Video_YouTube,998.9341566322718,68350.57984976833,,
Region_05,2022-01-10,Video_YouTube,968.9043378792105,87962.18293838674,,
Region_05,2022-01-17,Video_YouTube,843.8045431971998,65282.042954301025,,
Region_05,2022-01-24,Video_YouTube,978.1815917989779,81214.59456297477,,
Region_05,2022-01-31,Video_YouTube,960.5162326274852,77701.17776223965,,
Region_05,2022-02-07,Video_YouTube,940.6282786818809,91403.33790120413,,
Region_05,2022-02-14,Video_YouTube,937.759297054253,75814.01112190713,,
Region_05,2022-02-21,Video_YouTube,1036.2301876927847,97179.26462042463,,
Region_05,2022-02-28,Video_YouTube,1011.5736107402312,87873.22504298818,,
Region_05,2022-03-07,Video_YouTube,1009.8177499784637,81394.14029520814,,
Region_05,2022-03-14,Video_YouTube,855.9176467324096,66685.94533515413,,
Region_05,2022-03-21,Video_YouTube,864.273943920214,82533.35068941145,,
Region_05,2022-03-28,Video_YouTube,923.1678930135779,87483.90137310639,,
Region_05,2022-04-04,Video_YouTube,823.3863912614839,81104.1529111646,,
Region_05,2022-04-11,Video_YouTube,839.11483694591,91861.6016229696,,
Region_05,2022-04-18,Video_YouTube,792.5545356708617,74228.747784097,,
Region_05,2022-04-25,Video_YouTube,950.6434351536835,89109.37565146052,,
Region_05,2022-05-02,Video_YouTube,914.038773904801,82271.87621007534,,
Region_05,2022-05-09,Video_YouTube,887.7275066526893,81747.00064782827,,
Region_05,2022-05-16,Video_YouTube,878.408510227706,77276.80050883791,,
Region_05,2022-05-23,Video_YouTube,852.2791299968708,71001.33588251195,,
Region_05,2022-05-30,Video_YouTube,854.566080538063,95018.41739417553,,
Region_05,2022-06-06,Video_YouTube,900.5719227700102,68092.38426300963,,
Region_05,2022-06-13,Video_YouTube,844.2340263157646,78864.73415610993,,
Region_05,2022-06-20,Video_YouTube,931.8436832144251,88699.91733343033,,
Region_05,2022-06-27,Video_YouTube,856.575397076836,79178.79637865046,,
Region_05,2022-07-04,Video_YouTube,841.9079855259768,69627.05204798731,,
Region_05,2022-07-11,Video_YouTube,940.1282980926851,83965.37808721916,,
Region_05,2022-07-18,Video_YouTube,876.2791218911294,76172.39184993294,,
Region_05,2022-07-25,Video_YouTube,909.0430900529932,74312.0151261722,,
Region_05,2022-08-01,Video_YouTube,867.5430530842905,78589.46698568061,,
Region_05,2022-08-08,Video_YouTube,792.8791043330125,69269.73717148273,,
Region_05,2022-08-15,Video_YouTube,913.5217569175844,78655.3866851742,,
Region_05,2022-08-22,Video_YouTube,832.4791108416005,81091.36482220278,,
Region_05,2022-08-29,Video_YouTube,941.7239690630104,77057.30847811101,,
Region_05,2022-09-05,Video_YouTube,827.2157822576894,78627.53608088284,,
Region_05,2022-09-12,Video_YouTube,816.2194390616312,69837.07230782442,,
Region_05,2022-09-19,Video_YouTube,912.5534045018097,86607.36153258923,,
Region_05,2022-09-26,Video_YouTube,921.6682841356185,84391.93918527318,,
Region_05,2022-10-03,Video_YouTube,912.4876982287154,84988.35066859493,,
Region_05,2022-10-10,Video_YouTube,861.6964787682465,71035.8263464341,,
Region_05,2022-10-17,Video_YouTube,969.3404973763421,81553.72091671007,,
Region_05,2022-10-24,Video_YouTube,876.7817508283242,73165.93827351349,,
Region_05,2022-10-31,Video_YouTube,942.4584411898916,87164.1195059852,,
Region_05,2022-11-07,Video_YouTube,952.0652446409902,93234.91031486068,,
Region_05,2022-11-14,Video_YouTube,999.9033440291425,101215.6177007102,,
Region_05,2022-11-21,Video_YouTube,1093.2550954931107,94503.58209525542,,
Region_05,2022-11-28,Video_YouTube,1039.1408333129036,95231.23925939234,,
Region_05,2022-12-05,Video_YouTube,1121.4409238978749,86699.58142430086,,
Region_05,2022-12-12,Video_YouTube,1136.4746050448769,82747.59534742411,,
Region_05,2022-12-19,Video_YouTube,1004.257939944336,83680.18978061213,,
Region_05,2022-12-26,Video_YouTube,1018.7548028788991,86597.08926006967,,
Region_05,2023-01-02,Video_YouTube,1038.2857720877728,80771.65478638581,,
Region_05,2023-01-09,Video_YouTube,1002.8092345306047,76272.21807038817,,
Region_05,2023-01-16,Video_YouTube,1031.436143196159,98804.4450505976,,
Region_05,2023-01-23,Video_YouTube,937.9725635630939,78621.45383648331,,
Region_05,2023-01-30,Video_YouTube,1083.851727384809,83226.27261222343,,
Region_05,2023-02-06,Video_YouTube,1090.9136480137358,124881.4768155821,,
Region_05,2023-02-13,Video_YouTube,1040.227880525772,96081.28350617785,,
Region_05,2023-02-20,Video_YouTube,970.5581294088137,85360.96191122927,,
Region_05,2023-02-27,Video_YouTube,1026.2675847116955,99676.14857501828,,
Region_05,2023-03-06,Video_YouTube,982.5340253544882,82673.25909123436,,
Region_05,2023-03-13,Video_YouTube,1021.0252966882616,108569.29301246407,,
Region_05,2023-03-20,Video_YouTube,973.4134019295861,75766.7090672366,,
Region_05,2023-03-27,Video_YouTube,1001.502221953144,79772.74891229924,,
Region_05,2023-04-03,Video_YouTube,936.6730891045122,83831.75423234105,,
Region_05,2023-04-10,Video_YouTube,1022.9887711783201,85992.18137287596,,
Region_05,2023-04-17,Video_YouTube,845.6249179131141,88297.72366552809,,
Region_05,2023-04-24,Video_YouTube,900.8694979019854,69645.48865429703,,
Region_05,2023-05-01,Video_YouTube,971.4691821394125,81917.877255877,,
Region_05,2023-05-08,Video_YouTube,879.6900155655467,81695.97357507057,,
Region_05,2023-05-15,Video_YouTube,985.520590682516,94524.72888192687,,
Region_05,2023-05-22,Video_YouTube,895.1618162108729,89697.48916323326,,
Region_05,2023-05-29,Video_YouTube,957.2504135600137,89812.29853109484,,
Region_05,2023-06-05,Video_YouTube,911.6657769142643,102957.09384513384,,
Region_05,2023-06-12,Video_YouTube,935.0243350432639,80847.29840052781,,
Region_05,2023-06-19,Video_YouTube,965.8319273118453,89090.417954941,,
Region_05,2023-06-26,Video_YouTube,953.9846317647294,94170.5099301033,,
Region_05,2023-07-03,Video_YouTube,942.4115922285384,82759.58249500411,,
Region_05,2023-07-10,Video_YouTube,1071.468472526087,94301.01684231483,,
Region_05,2023-07-17,Video_YouTube,964.0775293574511,83407.31808364703,,
Region_05,2023-07-24,Video_YouTube,919.5343947349269,78135.21674258984,,
Region_05,2023-07-31,Video_YouTube,1012.6854736576859,81983.05049669676,,
Region_05,2023-08-07,Video_YouTube,1008.9147822647847,86481.70020607003,,
Region_05,2023-08-14,Video_YouTube,1031.0861400407025,80037.43846498699,,
Region_05,2023-08-21,Video_YouTube,1062.3446284261936,99935.08988096038,,
Region_05,2023-08-28,Video_YouTube,928.5428268899864,71756.47294903387,,
Region_05,2023-09-04,Video_YouTube,1028.0507670314844,114370.96559865825,,
Region_05,2023-09-11,Video_YouTube,1034.422918313792,110962.92608454582,,
Region_05,2023-09-18,Video_YouTube,979.8807613980242,99054.84901675794,,
Region_05,2023-09-25,Video_YouTube,995.8375618674406,88285.50198739761,,
Region_05,2023-10-02,Video_YouTube,851.4679416338121,72707.11753549818,,
Region_05,2023-10-09,Video_YouTube,969.7151067029439,99176.67672734156,,
Region_05,2023-10-16,Video_YouTube,1104.9581954462028,101844.89516480423,,
Region_05,2023-10-23,Video_YouTube,940.0974660083397,89974.9180058205,,
Region_05,2023-10-30,Video_YouTube,1023.1199793322353,86195.72024887048,,
Region_05,2023-11-06,Video_YouTube,1094.4283254865181,110156.97382044852,,
Region_05,2023-11-13,Video_YouTube,1142.221862683392,95457.84756078619,,
Region_05,2023-11-20,Video_YouTube,1237.8396034781945,113222.05795827856,,
Region_05,2023-11-27,Video_YouTube,1069.3886859183342,81448.48290251172,,
Region_05,2023-12-04,Video_YouTube,1189.489491052679,100834.75795804018,,
Region_05,2023-12-11,Video_YouTube,1247.397726416299,118648.35982124925,,
Region_05,2023-12-18,Video_YouTube,1114.9754533945907,96457.24448058194,,
Region_05,2023-12-25,Video_YouTube,1172.9263092669655,101503.03199359117,,
Region_06,2021-01-04,Video_YouTube,719.4392040479805,70411.38997040158,,
Region_06,2021-01-11,Video_YouTube,682.2800171869644,61277.08968712265,,
Region_06,2021-01-18,Video_YouTube,660.0429876303884,67574.26843659222,,
Region_06,2021-01-25,Video_YouTube,653.872102389779,46495.08454356468,,
Region_06,2021-02-01,Video_YouTube,701.9233387425611,67193.26731732581,,
Region_06,2021-02-08,Video_YouTube,686.5306729019042,65317.368731195835,,
Region_06,2021-02-15,Video_YouTube,687.387999504522,53312.32473427764,,
Region_06,2021-02-22,Video_YouTube,722.9481156868704,57459.2667580893,,
Region_06,2021-03-01,Video_YouTube,697.8362625933086,68887.4981767616,,
Region_06,2021-03-08,Video_YouTube,699.9755519143544,56925.99759916969,,
Region_06,2021-03-15,Video_YouTube,609.3110840767665,51723.47827037012,,
Region_06,2021-03-22,Video_YouTube,667.9600347096853,64120.51703861969,,
Region_06,2021-03-29,Video_YouTube,623.2379084105028,54532.29819081143,,
Region_06,2021-04-05,Video_YouTube,611.252984803023,57970.059981265935,,
Region_06,2021-04-12,Video_YouTube,606.686986748798,50322.93931128722,,
Region_06,2021-04-19,Video_YouTube,670.8158590038297,62487.03793118467,,
Region_06,2021-04-26,Video_YouTube,657.5465403074278,66232.59229480516,,
Region_06,2021-05-03,Video_YouTube,608.9390065165202,56880.4277834639,,
Region_06,2021-05-10,Video_YouTube,596.9722692194225,43387.46193124946,,
Region_06,2021-05-17,Video_YouTube,633.3558307611445,61113.01363782553,,
Region_06,2021-05-24,Video_YouTube,619.660453300471,56361.29356470495,,
Region_06,2021-05-31,Video_YouTube,690.2329190008456,57033.13029091113,,
Region_06,2021-06-07,Video_YouTube,591.6575290853314,61463.84043182813,,
Region_06,2021-06-14,Video_YouTube,581.9907441100767,44239.32868173175,,
Region_06,2021-06-21,Video_YouTube,630.8813364431992,68754.37846085674,,
Region_06,2021-06-28,Video_YouTube,640.5962338835606,54389.19913505044,,
Region_06,2021-07-05,Video_YouTube,645.7725211860296,68303.21697900794,,
Region_06,2021-07-12,Video_YouTube,667.4323011332067,60085.26800033589,,
Region_06,2021-07-19,Video_YouTube,714.355261238104,56579.88005974099,,
Region_06,2021-07-26,Video_YouTube,634.311339136195,57901.43484850209,,
Region_06,2021-08-02,Video_YouTube,629.1561452411939,58800.472629430304,,
Region_06,2021-08-09,Video_YouTube,593.22685097909,56613.49116737699,,
Region_06,2021-08-16,Video_YouTube,656.9819387362237,66024.13512647798,,
Region_06,2021-08-23,Video_YouTube,678.6649626941938,56120.6144893889,,
Region_06,2021-08-30,Video_YouTube,643.2083581087153,61080.65103481057,,
Region_06,2021-09-06,Video_YouTube,692.7723773133217,67407.92167112984,,
Region_06,2021-09-13,Video_YouTube,655.684092052175,57703.144831691745,,
Region_06,2021-09-20,Video_YouTube,708.4067386470527,58350.348013544375,,
Region_06,2021-09-27,Video_YouTube,670.5928106501108,55126.2665332693,,
Region_06,2021-10-04,Video_YouTube,629.3815454072106,61316.00497173077,,
Region_06,2021-10-11,Video_YouTube,648.5036789679004,63490.834824615915,,
Region_06,2021-10-18,Video_YouTube,628.0371292641364,52284.50758462449,,
Region_06,2021-10-25,Video_YouTube,632.6432198062915,50060.90600532627,,
Region_06,2021-11-01,Video_YouTube,715.1464378362939,73147.1584416494,,
Region_06,2021-11-08,Video_YouTube,756.8198397232987,58620.38884921316,,
Region_06,2021-11-15,Video_YouTube,822.2372949465878,75528.96653501256,,
Region_06,2021-11-22,Video_YouTube,764.6806022898536,63806.66291551309,,
Region_06,2021-11-29,Video_YouTube,775.9735638071426,58906.32171668887,,
Region_06,2021-12-06,Video_YouTube,755.1925112523843,69124.53717545743,,
Region_06,2021-12-13,Video_YouTube,844.5338083512489,74919.61544330764,,
Region_06,2021-12-20,Video_YouTube,816.9846640258259,85240.30960506534,,
Region_06,2021-12-27,Video_YouTube,767.9147975650653,87041.75022855283,,
Region_06,2022-01-03,Video_YouTube,802.5983475191871,71213.05362612141,,
Region_06,2022-01-10,Video_YouTube,778.4707483701471,77940.98711001863,,
Region_06,2022-01-17,Video_YouTube,677.9587298150218,68009.23977085235,,
Region_06,2022-01-24,Video_YouTube,785.9246016757784,67444.53859903535,,
Region_06,2022-01-31,Video_YouTube,771.7312857447541,64000.22581158134,,
Region_06,2022-02-07,Video_YouTube,755.7522155865238,80200.96326949683,,
Region_06,2022-02-14,Video_YouTube,753.4471188010059,65682.10782228775,,
Region_06,2022-02-21,Video_YouTube,832.5640191297246,75073.76709747387,,
Region_06,2022-02-28,Video_YouTube,812.7535763831123,71376.67237915409,,
Region_06,2022-03-07,Video_YouTube,811.3428217938215,72381.02990317455,,
Region_06,2022-03-14,Video_YouTube,687.6910598351145,58541.36590027257,,
Region_06,2022-03-21,Video_YouTube,694.4049661219129,67631.12864447953,,
Region_06,2022-03-28,Video_YouTube,741.7235865809121,75980.27390629917,,
Region_06,2022-04-04,Video_YouTube,661.5536695873797,57624.91760158303,,
Region_06,2022-04-11,Video_YouTube,674.1907632652294,53125.63944779446,,
Region_06,2022-04-18,Video_YouTube,636.7816701681097,57856.528994591354,,
Region_06,2022-04-25,Video_YouTube,763.7989401689667,59547.37766473912,,
Region_06,2022-05-02,Video_YouTube,734.3887528860549,62295.71223046854,,
Region_06,2022-05-09,Video_YouTube,713.2488414339587,72879.14763219164,,
Region_06,2022-05-16,Video_YouTube,705.7614499161392,80380.12525273918,,
Region_06,2022-05-23,Video_YouTube,684.7676764469545,64264.17180060719,,
Region_06,2022-05-30,Video_YouTube,686.6051376179761,55826.60456205492,,
Region_06,2022-06-06,Video_YouTube,723.5687479885262,70691.2453524006,,
Region_06,2022-06-13,Video_YouTube,678.3038000470876,49034.98797452397,,
Region_06,2022-06-20,Video_YouTube,748.6941910320585,63161.770416080726,,
Region_06,2022-06-27,Video_YouTube,688.2195324436561,72399.66286553087,,
Region_06,2022-07-04,Video_YouTube,676.4349316319363,65856.90438940593,,
Region_06,2022-07-11,Video_YouTube,755.3505038300322,59519.98549987654,,
Region_06,2022-07-18,Video_YouTube,704.0505828396496,53937.62979814111,,
Region_06,2022-07-25,Video_YouTube,730.3749471936891,71891.45843024537,,
Region_06,2022-08-01,Video_YouTube,697.0315472589451,62714.50827262368,,
Region_06,2022-08-08,Video_YouTube,637.0424463866116,54286.132252198266,,
Region_06,2022-08-15,Video_YouTube,733.9733531554277,69131.29326769215,,
Region_06,2022-08-22,Video_YouTube,668.8592579096974,57107.55090880488,,
Region_06,2022-08-29,Video_YouTube,756.632553177794,56494.76115048922,,
Region_06,2022-09-05,Video_YouTube,664.6304117982188,65117.05769592859,,
Region_06,2022-09-12,Video_YouTube,655.7953481262904,55582.2026955355,,
Region_06,2022-09-19,Video_YouTube,733.1953258514689,59984.85681912037,,
Region_06,2022-09-26,Video_YouTube,740.518718773175,58624.69342153659,,
Region_06,2022-10-03,Video_YouTube,733.1425338372434,67945.91719353678,,
Region_06,2022-10-10,Video_YouTube,692.3340896201709,57770.57449743728,,
Region_06,2022-10-17,Video_YouTube,778.8211827699806,74918.12574953005,,
Region_06,2022-10-24,Video_YouTube,704.4544224237999,62011.65441804729,,
Region_06,2022-10-31,Video_YouTube,757.222668263378,76225.45625622931,,
Region_06,2022-11-07,Video_YouTube,764.9412996902855,66543.59186630907,,
Region_06,2022-11-14,Video_YouTube,803.3770456926358,68052.2817892671,,
Region_06,2022-11-21,Video_YouTube,878.3809495691388,65275.801458467366,,
Region_06,2022-11-28,Video_YouTube,834.902591046013,67660.81688592998,,
Region_06,2022-12-05,Video_YouTube,901.026985997995,87506.58258884701,,
Region_06,2022-12-12,Video_YouTube,913.1058678398098,111874.6152962368,,
Region_06,2022-12-19,Video_YouTube,806.8757662664027,64402.32443668019,,
Region_06,2022-12-26,Video_YouTube,818.5233389900328,66738.6733239402,,
Region_06,2023-01-02,Video_YouTube,834.2155880821425,77994.98362073908,,
Region_06,2023-01-09,Video_YouTube,805.7117970864691,76382.59553879335,,
Region_06,2023-01-16,Video_YouTube,828.7122215258695,70038.97470852191,,
Region_06,2023-01-23,Video_YouTube,753.6184687808222,68666.93420707305,,
Region_06,2023-01-30,Video_YouTube,870.8257692254399,67090.4641307003,,
Region_06,2023-02-06,Video_YouTube,876.4997025767595,76927.2859990846,,
Region_06,2023-02-13,Video_YouTube,835.7759842430828,82644.41067868497,,
Region_06,2023-02-20,Video_YouTube,779.7994949546824,82947.2811886093,,
Region_06,2023-02-27,Video_YouTube,824.5595188966273,73314.33275322824,,
Region_06,2023-03-06,Video_YouTube,789.4215848914854,69553.31464674161,,
Region_06,2023-03-13,Video_YouTube,820.347577922447,77582.4360825805,,
Region_06,2023-03-20,Video_YouTube,782.0935770938042,78942.2854109913,,
Region_06,2023-03-27,Video_YouTube,804.6616716824152,76363.39985317698,,
Region_06,2023-04-03,Video_YouTube,752.5743999138439,63143.92678172637,,
Region_06,2023-04-10,Video_YouTube,821.9251407384286,76995.59508702433,,
Region_06,2023-04-17,Video_YouTube,679.4213184442706,67637.35510058574,,
Region_06,2023-04-24,Video_YouTube,723.8078361282203,60961.81564982029,,
Region_06,2023-05-01,Video_YouTube,780.5314845570267,61787.546536502174,,
Region_06,2023-05-08,Video_YouTube,706.7910814085244,67225.61199497187,,
Region_06,2023-05-15,Video_YouTube,791.8211548542488,74250.08548528492,,
Region_06,2023-05-22,Video_YouTube,719.2219724223517,71594.27852974464,,
Region_06,2023-05-29,Video_YouTube,769.107348051317,70158.39353391697,,
Region_06,2023-06-05,Video_YouTube,732.4821572905116,62118.769620734114,,
Region_06,2023-06-12,Video_YouTube,751.2497007069567,65039.64505626555,,
Region_06,2023-06-19,Video_YouTube,776.0022056459887,63343.00171522192,,
Region_06,2023-06-26,Video_YouTube,766.483440304394,63080.126837068936,,
Region_06,2023-07-03,Video_YouTube,757.1850272449831,64752.76208053195,,
Region_06,2023-07-10,Video_YouTube,860.8763848535749,74193.92684716017,,
Region_06,2023-07-17,Video_YouTube,774.5926263561637,78259.50246938948,,
Region_06,2023-07-24,Video_YouTube,738.8042352955474,59138.0171885628,,
Region_06,2023-07-31,Video_YouTube,813.6469078747748,73234.95331934857,,
Region_06,2023-08-07,Video_YouTube,810.6173281363563,69139.33314213887,,
Region_06,2023-08-14,Video_YouTube,828.4310098440677,86878.6238237068,,
Region_06,2023-08-21,Video_YouTube,853.5457893894209,79239.08266615981,,
Region_06,2023-08-28,Video_YouTube,746.0421024896823,65018.23230169166,,
Region_06,2023-09-04,Video_YouTube,825.9922251202415,81018.63236951081,,
Region_06,2023-09-11,Video_YouTube,831.111960045078,75677.88298714465,,
Region_06,2023-09-18,Video_YouTube,787.2898074836836,67922.87832480927,,
Region_06,2023-09-25,Video_YouTube,800.1103738878029,84315.88721726116,,
Region_06,2023-10-02,Video_YouTube,684.115923340511,66420.05344913907,,
Region_06,2023-10-09,Video_YouTube,779.1221643957462,83711.59221100464,,
Region_06,2023-10-16,Video_YouTube,887.7838602823633,90109.37398856497,,
Region_06,2023-10-23,Video_YouTube,755.3257316468188,73811.86621445631,,
Region_06,2023-10-30,Video_YouTube,822.0305605469456,75356.36707210678,,
Region_06,2023-11-06,Video_YouTube,879.3235867266701,71424.36727719202,,
Region_06,2023-11-13,Video_YouTube,917.7235290267994,89104.41442067722,,
Region_06,2023-11-20,Video_YouTube,994.5480526912526,90641.18451676234,,
Region_06,2023-11-27,Video_YouTube,859.2053705194546,83148.32272450226,,
Region_06,2023-12-04,Video_YouTube,955.700927405326,86411.02660253145,,
Region_06,2023-12-11,Video_YouTube,1002.2275715309831,84683.13955154363,,
Region_06,2023-12-18,Video_YouTube,895.8322733060552,73351.73164321479,,
Region_06,2023-12-25,Video_YouTube,942.393161079975,91426.81141774943,,
Region_01,2021-01-04,Influencer,2389.3820005382736,280534.7993817782,119665.41573203584,2.3443264510940547
Region_01,2021-01-11,Influencer,2514.137025113129,279053.26066068944,120845.07906911871,2.3091818285880037
Region_01,2021-01-18,Influencer,2236.3385862983673,260738.1247134717,101403.06100845357,2.57130427938201
Region_01,2021-01-25,Influencer,2252.1002264565723,219508.19740083467,80924.53862914568,2.7125047744390463
Region_01,2021-02-01,Influencer,2111.3495297249237,253338.5960385532,98288.07311308167,2.5775110653261453
Region_01,2021-02-08,Influencer,2295.4442418270332,302683.5710694462,131232.28057997723,2.3064719269660254
Region_01,2021-02-15,Influencer,2145.114391657548,242343.24631705135,90407.57050483736,2.6805636404540314
Region_01,2021-02-22,Influencer,2103.4308390275614,202926.42116672464,79919.06618425736,2.539149052353386
Region_01,2021-03-01,Influencer,2003.3848779971165,254031.20104944697,96166.53562855805,2.641575880726733
Region_01,2021-03-08,Influencer,2162.368503154173,232224.70361490137,83329.97085472816,2.7868088904020647
Region_01,2021-03-15,Influencer,2280.796392584744,188301.8043434485,81995.71086682522,2.296483588626754
Region_01,2021-03-22,Influencer,2111.777531796041,229301.24848860592,92961.02798683628,2.466638476944081
Region_01,2021-03-29,Influencer,2059.863740844128,242653.3643379048,102680.0057924227,2.3631997531092024
Region_01,2021-04-05,Influencer,2125.154492743947,244922.01916469785,106357.64658312408,2.302815331413698
Region_01,2021-04-12,Influencer,1893.7741488858326,237554.44459956454,78793.24516669456,3.0149087538785295
Region_01,2021-04-19,Influencer,1977.8704511988365,233357.580114478,85516.21473121068,2.7288109143739963
Region_01,2021-04-26,Influencer,1997.8397262557826,224426.8984085109,105938.99623403464,2.118454076275362
Region_01,2021-05-03,Influencer,1841.2685782659673,168040.0713811846,64605.200086937395,2.6010301207187316
Region_01,2021-05-10,Influencer,1819.3282908837095,180812.22327748375,76206.09922794468,2.372673908116532
Region_01,2021-05-17,Influencer,1906.8403494447195,215375.27631765243,77396.25840167458,2.7827608306319944
Region_01,2021-05-24,Influencer,1866.157770232201,221421.36088924695,87898.71702602395,2.5190511122442354
Region_01,2021-05-31,Influencer,1848.2225184918111,185271.61173837425,75344.09935590702,2.459006256922611
Region_01,2021-06-07,Influencer,1885.5338615151832,196938.4007717428,77748.22992401221,2.533027452383443
Region_01,2021-06-14,Influencer,1884.0609406158255,219015.396229924,84534.43805762647,2.590842279931203
Region_01,2021-06-21,Influencer,1777.3683209277865,163274.47648568542,65138.78965186068,2.5065629459546077
Region_01,2021-06-28,Influencer,1798.2516250016652,164593.1410166981,67215.45148950403,2.4487396479424075
Region_01,2021-07-05,Influencer,1898.500533116979,205931.45804334752,83457.05929160448,2.467513950183763
Region_01,2021-07-12,Influencer,1960.7828944660034,223080.6087062129,85081.77923496214,2.6219551437700037
Region_01,2021-07-19,Influencer,1981.3707881094208,209692.53972308498,93225.69528494253,2.249299821065038
Region_01,2021-07-26,Influencer,1774.3651473293944,156919.50402707877,62788.43288335769,2.4991785400758246
Region_01,2021-08-02,Influencer,1951.6697737933011,217072.75389998083,87820.65546017102,2.4717733289798667
Region_01,2021-08-09,Influencer,1917.3063739979887,186556.09614235302,78100.66930197623,2.3886619386196792
Region_01,2021-08-16,Influencer,1841.6863891569667,218033.96483168544,81422.90675858769,2.6777963783353798
Region_01,2021-08-23,Influencer,1887.6052815876797,207387.04085504205,93597.74408546336,2.2157269160854836
Region_01,2021-08-30,Influencer,1917.7461385001272,218456.62193339618,90428.54221346769,2.4157928081788875
Region_01,2021-09-06,Influencer,2008.8822734761204,237537.597467918,102902.41024805595,2.3083773926705047
Region_01,2021-09-13,Influencer,1742.7449445310483,183577.8778067768,69791.9327947425,2.630359562425042
Region_01,2021-09-20,Influencer,1889.9784475616427,227630.11913926402,95131.21441990107,2.3928015691518882
Region_01,2021-09-27,Influencer,1820.0117762706175,228420.82408032208,90961.19729932414,2.511189725533871
Region_01,2021-10-04,Influencer,1812.4875879334813,209192.90165941216,80729.24574770016,2.591290178942019
Region_01,2021-10-11,Influencer,1937.5048913078497,245258.7874555093,113900.7509853329,2.153267518728577
Region_01,2021-10-18,Influencer,1906.6945740954418,198871.26173250546,76264.8115188447,2.6076411620497515
Region_01,2021-10-25,Influencer,1743.7280337765717,211876.10745849737,90891.76989851434,2.331081325570717
Region_01,2021-11-01,Influencer,1814.9056596909602,206849.83110003843,84737.64626377239,2.4410617974466002
Region_01,2021-11-08,Influencer,1874.4825555347834,188669.6378306088,76270.68807369316,2.473684748304816
Region_01,2021-11-15,Influencer,1747.9547229251402,192485.6370169673,71397.45635077677,2.6959733141091533
Region_01,2021-11-22,Influencer,1989.922740674999,209551.45285061578,78240.7795422646,2.6782894300972417
Region_01,2021-11-29,Influencer,1942.4696676175238,204104.23485088866,69232.2415535306,2.9481095840739835
Region_01,2021-12-06,Influencer,2019.3102156888635,226035.67873817368,88936.84889235643,2.541530103138161
Region_01,2021-12-13,Influencer,2097.470214234433,258578.60042078418,108144.70226555798,2.3910426956081836
Region_01,2021-12-20,Influencer,2321.110431766115,249628.76823836123,104655.87262663504,2.38523421546466
Region_01,2021-12-27,Influencer,2177.0151125060634,244611.8176694202,92053.52654650006,2.6572780733811063
Region_01,2022-01-03,Influencer,2167.975588570394,208062.68935466232,71657.01493416245,2.9035913587222084
Region_01,2022-01-10,Influencer,2416.3894116294887,271027.99251374445,105016.71611945784,2.580808108734296
Region_01,2022-01-17,Influencer,2147.667471181771,267196.4581997102,112792.8739951385,2.368912580516626
Region_01,2022-01-24,Influencer,2107.7484709770574,253458.5734596257,98819.7023670563,2.564858701134093
Region_01,2022-01-31,Influencer,1968.0459886712142,228932.02216280118,89412.49658779224,2.5604029738507266
Region_01,2022-02-07,Influencer,2156.6466154494296,227195.57310803756,90602.85834183753,2.507598295087406
Region_01,2022-02-14,Influencer,2026.3916749849748,204207.60750626776,87552.00333149145,2.332415018912727
Region_01,2022-02-21,Influencer,2080.062717971123,228721.13541564165,115963.68112303574,1.9723514569442817
Region_01,2022-02-28,Influencer,2070.552055733223,201284.96719136045,84653.43651155912,2.3777530539339145
Region_01,2022-03-07,Influencer,2045.9583797282369,200956.41961167604,72855.46546431516,2.758288871410823
Region_01,2022-03-14,Influencer,1970.8194992542135,240124.55561759393,94162.7672771004,2.5501008791612927
Region_01,2022-03-21,Influencer,1946.1671630433002,197241.26775559687,96969.00113559252,2.0340651697524743
Region_01,2022-03-28,Influencer,2028.5116736742225,268951.1343619713,107530.48227208114,2.5011617978374945
Region_01,2022-04-04,Influencer,1954.7753952623964,188326.87919836518,89514.17455137175,2.103877739388473
Region_01,2022-04-11,Influencer,2059.8006118065387,238554.15624027883,79240.84617767796,3.010494811039502
Region_01,2022-04-18,Influencer,1792.8810298411347,177186.0268024826,69625.03649779613,2.544860810350759
Region_01,2022-04-25,Influencer,1786.3697225794078,201716.82682999675,90283.21934578691,2.2342671018123137
Region_01,2022-05-02,Influencer,1716.919922919037,171901.1911420529,63823.32690996226,2.6933912640524014
Region_01,2022-05-09,Influencer,1914.8219997937724,213376.23315884935,91819.8895362609,2.323856347862238
Region_01,2022-05-16,Influencer,1671.7515572240193,182690.4834386021,69342.91532453985,2.6345947900167035
Region_01,2022-05-23,Influencer,1837.9248427964112,195061.99807782608,77867.23548700784,2.505058730515381
Region_01,2022-05-30,Influencer,1893.9326048336598,221127.37564287742,98754.40504540582,2.239164678691612
Region_01,2022-06-06,Influencer,1748.0414555532407,225277.08770115566,84685.05853359598,2.6601751430777423
Region_01,2022-06-13,Influencer,1821.5303445496402,190663.45508654663,86426.55059922932,2.206075028617963
Region_01,2022-06-20,Influencer,1579.7151762073208,191373.9333901094,67542.48424728632,2.833386060978328
Region_01,2022-06-27,Influencer,1719.596832124672,192453.37638935554,76547.57853063365,2.5141667454880685
Region_01,2022-07-04,Influencer,1612.837235606004,178466.50347382092,78586.01357083888,2.270970308386338
Region_01,2022-07-11,Influencer,1763.5452410566952,243204.055568472,115227.69663447009,2.1106388713121085
Region_01,2022-07-18,Influencer,1747.3441940792522,156411.90139881676,53800.130619613985,2.907277354114703
Region_01,2022-07-25,Influencer,1679.429825987433,174235.57750133012,60860.50788901569,2.8628676221214504
Region_01,2022-08-01,Influencer,1825.793150533845,169367.19323031165,76185.3902518867,2.223092809137607
Region_01,2022-08-08,Influencer,1771.288585261271,190573.0970600976,65365.4841918462,2.915500426811954
Region_01,2022-08-15,Influencer,1693.9849211765643,183784.68730226674,72375.38991456213,2.5393256950908496
Region_01,2022-08-22,Influencer,1692.8770849055622,274041.0377180971,111904.950307084,2.448873235420661
Region_01,2022-08-29,Influencer,1612.7201282114816,185232.08631414996,74696.95454658008,2.4797809688297474
Region_01,2022-09-05,Influencer,1716.4413830480537,227572.2684868498,93340.43476455573,2.438088798931394
Region_01,2022-09-12,Influencer,1921.3410226477872,242502.5224096123,84866.64160777358,2.8574539750303924
Region_01,2022-09-19,Influencer,1668.6173755388168,177281.65992389095,69925.23683531326,2.5353029599516654
Region_01,2022-09-26,Influencer,1762.7393147581345,205142.7949052588,97463.63614321152,2.1048136825495125
Region_01,2022-10-03,Influencer,1678.7823756785403,219813.12818233747,72313.78762921102,3.0397125553626014
Region_01,2022-10-10,Influencer,1793.884708068764,202535.87104314682,74609.93603174266,2.714596497669939
Region_01,2022-10-17,Influencer,1762.2707712288989,199669.62735406807,88415.93403603062,2.2582991350032016
Region_01,2022-10-24,Influencer,1707.1438277561479,199137.83435880006,82350.92687438875,2.418161421091815
Region_01,2022-10-31,Influencer,1587.0170797256037,151743.97387332926,66047.24359588118,2.297506536408921
Region_01,2022-11-07,Influencer,1701.4679464782844,174231.5119355347,69389.95420756172,2.5109039763071057
Region_01,2022-11-14,Influencer,1873.0105050641248,214916.54400648456,82859.03962330444,2.593760982308542
Region_01,2022-11-21,Influencer,1773.4135352039855,207744.49470540255,81270.08540602305,2.556223408250612
Region_01,2022-11-28,Influencer,1893.3824522465143,191845.03465714646,81147.78551958555,2.3641438078534307
Region_01,2022-12-05,Influencer,1841.3299932824355,197904.82076575814,85304.72294230132,2.3199749549578588
Region_01,2022-12-12,Influencer,1770.6045798699258,194119.13412438837,71742.45326917288,2.7057777547147204
Region_01,2022-12-19,Influencer,2040.042776251413,223023.38193586326,90050.93424940645,2.4766359593580036
Region_01,2022-12-26,Influencer,2077.702101604205,246968.49707427077,80061.2546226379,3.0847442778449614
Region_01,2023-01-02,Influencer,2018.0338115020104,226319.07140845843,97615.30653304335,2.318479339424582
Region_01,2023-01-09,Influencer,2048.215480037355,231059.50410621666,85862.87248364753,2.6910292821873814
Region_01,2023-01-16,Influencer,2101.4328779140083,202687.0306875085,80705.4566261073,2.5114414707609933
Region_01,2023-01-23,Influencer,1976.4901297061906,197583.17928388176,84846.73085283101,2.3287070379481705
Region_01,2023-01-30,Influencer,2017.2650441695494,231096.27914662161,81395.3007954789,2.83918453385036
Region_01,2023-02-06,Influencer,1903.7489102314792,180367.80496861305,71319.45955685405,2.5290125035906708
Region_01,2023-02-13,Influencer,1673.72957142255,190746.39452467312,82940.84158100173,2.2997885105661275
Region_01,2023-02-20,Influencer,1897.698781130745,197209.9579240086,81269.57513233928,2.4266148506728644
Region_01,2023-02-27,Influencer,1875.1955495540144,191967.0208777659,69826.30263867567,2.7492078718691664
Region_01,2023-03-06,Influencer,1858.4487180743324,219872.27925866676,98608.60516011425,2.229747382610802
Region_01,2023-03-13,Influencer,1965.3418322187172,203901.75026594178,71705.99672983802,2.843580168534147
Region_01,2023-03-20,Influencer,1856.5992426445,189178.95679712144,70980.96652232442,2.665206830307421
Region_01,2023-03-27,Influencer,1917.2999646961905,198930.52819420001,81669.20009682442,2.435808456044069
Region_01,2023-04-03,Influencer,1927.8889861978757,215100.44516946768,75797.65940145934,2.8378243717289022
Region_01,2023-04-10,Influencer,1798.7995673741027,262061.7747011794,89022.27451709226,2.9437775671622903
Region_01,2023-04-17,Influencer,1620.9484992003133,145722.73786189614,55116.87874558961,2.6438858871985147
Region_01,2023-04-24,Influencer,1658.8888032271695,183656.20615363808,72300.54070846147,2.54017749181431
Region_01,2023-05-01,Influencer,1775.495056116906,192275.96075287907,64715.71561794192,2.9710860633606604
Region_01,2023-05-08,Influencer,1659.511750036541,202300.73500789664,70364.33016831925,2.875046696585769
Region_01,2023-05-15,Influencer,1604.436911572084,171530.20657242212,74824.89413798232,2.292421640531939
Region_01,2023-05-22,Influencer,1654.8845257496723,143627.9065760849,58573.09709881934,2.452113917312049
Region_01,2023-05-29,Influencer,1698.9903699360912,214917.16398056687,87715.26661490742,2.4501682805583718
Region_01,2023-06-05,Influencer,1674.98826492867,166698.38124059618,69291.90572361597,2.4057410385782227
Region_01,2023-06-12,Influencer,1704.4326717608953,187884.12818083877,86456.49682487294,2.1731637885053168
Region_01,2023-06-19,Influencer,1582.6770084835705,153209.89786706236,56322.178891025695,2.720240958069089
Region_01,2023-06-26,Influencer,1624.1432937271202,161536.09091760035,64109.951562151444,2.519672640229638
Region_01,2023-07-03,Influencer,1623.8904578882687,171393.82155116712,67926.38112574171,2.523229100544779
Region_01,2023-07-10,Influencer,1640.40448895497,198041.36256406986,69428.1647084452,2.852464318993877
Region_01,2023-07-17,Influencer,1478.755826081911,178262.19738684662,75181.11697273096,2.3711033377105095
Region_01,2023-07-24,Influencer,1619.0495533127448,169148.391292984,68021.19609582101,2.486701219641974
Region_01,2023-07-31,Influencer,1531.0749433648925,178413.39492372767,69557.00121054226,2.564995497486841
Region_01,2023-08-07,Influencer,1750.1826510788114,186974.36670898215,77883.18484530925,2.400702630232041
Region_01,2023-08-14,Influencer,1762.401927577858,197554.58745554878,79848.55331985441,2.4741160514729907
Region_01,2023-08-21,Influencer,1771.0796254348586,199361.40222275115,74215.92559785598,2.6862348022580007
Region_01,2023-08-28,Influencer,1694.333863758508,199739.17791861045,79960.39332943046,2.4979764306023475
Region_01,2023-09-04,Influencer,1587.2682635673532,165503.8002565166,58432.05434524129,2.832414538750429
Region_01,2023-09-11,Influencer,1702.6691449098619,186258.52369698184,79939.82803819438,2.329984042597509
Region_01,2023-09-18,Influencer,1605.8469332093396,181874.43846045513,71385.67500596166,2.547772202830136
Region_01,2023-09-25,Influencer,1669.7235078753347,186721.261786361,85389.6826228932,2.186695816764876
Region_01,2023-10-02,Influencer,1547.8571431537491,158480.86971735323,64099.61356777179,2.4724153687727495
Region_01,2023-10-09,Influencer,1571.212593502513,206610.071022623,88276.27650218306,2.340493722767221
Region_01,2023-10-16,Influencer,1655.2928050159908,175226.658046656,61676.83432948256,2.8410449393459665
Region_01,2023-10-23,Influencer,1768.2959486426055,211269.45659589412,78802.25080168022,2.6810078956702776
Region_01,2023-10-30,Influencer,1623.7607602461997,183615.67752045096,70017.4713839023,2.622426572843446
Region_01,2023-11-06,Influencer,1829.782453888147,228921.92826791204,76996.30025622917,2.9731549114191598
Region_01,2023-11-13,Influencer,1897.020100861003,169203.17635531456,59097.238466649476,2.8631316918607204
Region_01,2023-11-20,Influencer,1579.8936938892086,214629.01487165937,80247.02345847241,2.674604061579047
Region_01,2023-11-27,Influencer,1718.7787053595266,186455.8230403474,79580.28101051087,2.3429902567913845
Region_01,2023-12-04,Influencer,1686.723690919843,165366.06348797065,75778.73167926447,2.1822226345498494
Region_01,2023-12-11,Influencer,1807.9882905433499,202909.32364709853,81390.9700864108,2.493020090947124
Region_01,2023-12-18,Influencer,1823.8526859116034,252881.02394986054,104592.7274512444,2.417768712148178
Region_01,2023-12-25,Influencer,1910.7785587581486,222615.12212550224,94633.54912140708,2.352391136043152
Region_02,2021-01-04,Influencer,2842.074555787005,278618.99441161193,114535.26233506757,2.4326044986610764
Region_02,2021-01-11,Influencer,2990.4656799232484,316425.6959195422,147888.54270899892,2.1396227870212687
Region_02,2021-01-18,Influencer,2660.03552082147,336520.3123253483,116985.90910357163,2.87658842764914
Region_02,2021-01-25,Influencer,2678.7833629166275,258137.39020730666,114957.89514562047,2.245495099578125
Region_02,2021-02-01,Influencer,2511.366024960539,273284.2606844515,116453.05064921707,2.3467333759048143
Region_02,2021-02-08,Influencer,2730.339339818721,293758.86369471933,111363.56870143925,2.637836297095271
Region_02,2021-02-15,Influencer,2551.527981046571,350578.8162270355,163472.0721898939,2.14457926378882
Region_02,2021-02-22,Influencer,2501.9470583235384,269247.27483362093,98746.03240935465,2.7266642341380183
Region_02,2021-03-01,Influencer,2382.946379407471,300789.9091680602,110137.95852704823,2.731028549927142
Region_02,2021-03-08,Influencer,2572.0510582507286,266380.0572022209,109737.97513962896,2.4274191032163923
Region_02,2021-03-15,Influencer,2712.916307578947,277473.3402863407,122861.23764048675,2.2584286599673993
Region_02,2021-03-22,Influencer,2511.8751163472966,307455.1717171079,128600.55321624847,2.390776431576512
Region_02,2021-03-29,Influencer,2450.1257333161866,288736.6683841835,137517.13040142079,2.0996414595137622
Region_02,2021-04-05,Influencer,2527.786477668021,235838.3267297047,82757.25710267422,2.8497600692239935
Region_02,2021-04-12,Influencer,2252.5687904835304,265902.6102454039,105818.23209267698,2.51282416070345
Region_02,2021-04-19,Influencer,2352.5979867299725,277793.64236769377,119112.58313103266,2.3321939216287517
Region_02,2021-04-26,Influencer,2376.3506426569334,247660.67856696682,107924.05780711511,2.2947680396672343
Region_02,2021-05-03,Influencer,2190.1155091487835,247966.15817103733,93957.83454240714,2.6391216802588158
Region_02,2021-05-10,Influencer,2164.0184127022035,246203.10329465172,85450.9516044569,2.881221316695207
Region_02,2021-05-17,Influencer,2268.1105147205326,239388.8625407173,107994.74665226761,2.216671365613049
Region_02,2021-05-24,Influencer,2219.7202099397814,231992.18586837314,97973.52478583965,2.3679069052122492
Region_02,2021-05-31,Influencer,2198.386943592452,227800.26423371467,107587.77791780757,2.117343332508868
Region_02,2021-06-07,Influencer,2242.767297435027,241802.94183904026,90738.22156802195,2.664841096293391
Region_02,2021-06-14,Influencer,2241.0153167932503,217515.66731700778,85728.7977570461,2.5372532102158174
Region_02,2021-06-21,Influencer,2114.108702598733,233168.64588818993,75336.18018082403,3.0950420545418145
Region_02,2021-06-28,Influencer,2138.948559572529,204217.70900794174,82638.24004540897,2.471225293468568
Region_02,2021-07-05,Influencer,2258.1906359486707,251973.0772702023,105027.86958672635,2.3991068109987372
Region_02,2021-07-12,Influencer,2332.2730197719843,256145.48328005898,109564.86222567926,2.3378433384277546
Region_02,2021-07-19,Influencer,2356.761497825316,235504.06780984954,86899.51342794161,2.710073492012508
Region_02,2021-07-26,Influencer,2110.5365474269443,254394.63872960853,118705.61887091784,2.1430715845577692
Region_02,2021-08-02,Influencer,2321.433326335829,311614.0619914471,116102.72933374559,2.683951219576331
Region_02,2021-08-09,Influencer,2280.559433343167,288087.42746848596,112574.98033035245,2.559071532796101
Region_02,2021-08-16,Influencer,2190.612478533408,211827.53493617589,88882.56717033051,2.3832292617093205
Region_02,2021-08-23,Influencer,2245.231168963758,282165.4854376206,122932.3741794781,2.29529029534292
Region_02,2021-08-30,Influencer,2281.0825156723154,258161.9276101477,93452.73198135535,2.762486683232046
Region_02,2021-09-06,Influencer,2389.4853119893924,263237.8127948803,88279.36842674765,2.9818724067255813
Region_02,2021-09-13,Influencer,2072.9255778114707,216382.443159935,90285.35839955724,2.3966504314280503
Region_02,2021-09-20,Influencer,2248.0539552029363,248784.93263306466,94647.3588630821,2.6285459586142244
Region_02,2021-09-27,Influencer,2164.8313912995754,275170.87160676887,93319.70495052858,2.9486899015877164
Region_02,2021-10-04,Influencer,2155.88166947983,251996.6177668703,106897.79141519847,2.3573603760258983
Region_02,2021-10-11,Influencer,2304.5847637834427,244929.42070690973,100338.40581261375,2.441033607453619
Region_02,2021-10-18,Influencer,2267.9371207588515,234990.3345558017,105518.5230676168,2.2270055315806374
Region_02,2021-10-25,Influencer,2074.094923244784,220384.55649964843,89397.47089784102,2.465221379153924
Region_02,2021-11-01,Influencer,2158.7578693568066,253382.85151069603,102139.58902093145,2.4807506466348745
Region_02,2021-11-08,Influencer,2229.6222099069396,297148.29317337886,123669.89101494921,2.4027537400955548
Region_02,2021-11-15,Influencer,2079.122401346511,207289.40590249674,88937.60831121201,2.3307283593364247
Region_02,2021-11-22,Influencer,2366.933704188071,262048.6686780403,121806.21002924323,2.1513572141775668
Region_02,2021-11-29,Influencer,2310.490167114396,246255.9377789976,111910.92577393365,2.2004637713072666
Region_02,2021-12-06,Influencer,2401.888933187416,246821.09430160627,108320.45794584588,2.2786193760831672
Region_02,2021-12-13,Influencer,2494.857132954834,287391.0059057308,108168.44367279412,2.656883987118081
Region_02,2021-12-20,Influencer,2760.8682486970115,322904.50494917686,135557.99005028405,2.3820396335870595
Region_02,2021-12-27,Influencer,2589.4726156903425,249123.65209955533,108043.53936240177,2.3057709287358668
Region_02,2022-01-03,Influencer,2578.7204626364546,257666.09124177025,96838.63737711107,2.6607777455434602
Region_02,2022-01-10,Influencer,2874.1987937124313,358304.04061830055,135862.3938450399,2.6372569368015863
Region_02,2022-01-17,Influencer,2554.5647672754203,291914.75591997494,125442.29983566132,2.3270838967589467
Region_02,2022-01-24,Influencer,2507.082709258446,292355.4653811321,124115.83177895383,2.3555050245468077
Region_02,2022-01-31,Influencer,2340.9121805391883,246640.35076506788,92652.66833597946,2.6619886420399075
Region_02,2022-02-07,Influencer,2565.245101123296,273540.0188875227,105684.81607159336,2.588262241022592
Region_02,2022-02-14,Influencer,2410.31204647729,279317.2031607981,120967.14490095245,2.3090336089977344
Region_02,2022-02-21,Influencer,2474.151610690598,260790.47309594095,101957.3934132682,2.557837782679162
Region_02,2022-02-28,Influencer,2462.8390574241325,244301.60244716922,97994.29584680161,2.493018602114307
Region_02,2022-03-07,Influencer,2433.5858610782598,269480.1544108585,96954.41237592329,2.7794521962135947
Region_02,2022-03-14,Influencer,2344.211160717483,283942.69893624797,123351.22564644454,2.3019041557811413
Region_02,2022-03-21,Influencer,2314.8881903971405,231441.20261613122,85115.60744022341,2.7191394102271094
Region_02,2022-03-28,Influencer,2412.833700332411,296684.475247887,113891.13789455246,2.6049829752563896
Region_02,2022-04-04,Influencer,2325.127339162256,276007.4463811837,121531.62020101106,2.2710751812958017
Region_02,2022-04-11,Influencer,2450.0506438447565,249060.634983462,90108.59546075584,2.7640052950545995
Region_02,2022-04-18,Influencer,2132.5604509102313,236313.55838940945,86684.14174483025,2.726145216792239
Region_02,2022-04-25,Influencer,2124.8155107167854,234311.19993738053,106272.5352105038,2.2048142492626033
Region_02,2022-05-02,Influencer,2042.2077449954488,240788.856069445,79739.29655785416,3.0197012823500735
Region_02,2022-05-09,Influencer,2277.6043693511947,269415.70834830636,120209.8696066588,2.2412112185951707
Region_02,2022-05-16,Influencer,1988.4817761719735,193532.21246679677,84501.19685093894,2.290289601556647
Region_02,2022-05-23,Influencer,2186.138269219309,211817.92007896022,87373.91569477766,2.4242695133282273
Region_02,2022-05-30,Influencer,2252.7572675112438,276228.38879148255,102663.81521625126,2.6906109831359233
Region_02,2022-06-06,Influencer,2079.225566347095,232831.85528629628,88095.16104756802,2.642958506660496
Region_02,2022-06-13,Influencer,2166.6376676781806,250038.66254837104,100923.62657149795,2.4775037426071345
Region_02,2022-06-20,Influencer,1879.008173108357,215063.31677916794,75505.22769047381,2.8483235314619364
Region_02,2022-06-27,Influencer,2045.3918216896625,263586.80351096403,101435.83447589356,2.5985570570093355
Region_02,2022-07-04,Influencer,1918.4055412274172,188502.7112783646,65990.47144548623,2.8565140867963636
Region_02,2022-07-11,Influencer,2097.66670061856,258740.45416542827,79060.12698015549,3.272704763431173
Region_02,2022-07-18,Influencer,2078.3962016437927,212229.2349530579,83336.16094978827,2.5466644075544864
Region_02,2022-07-25,Influencer,1997.614770511127,237725.3560578638,121648.49739310332,1.9541988693017862
Region_02,2022-08-01,Influencer,2171.708105314873,274616.1786493208,114707.98530290982,2.394045871559341
Region_02,2022-08-08,Influencer,2106.8770995985337,203457.5976943105,90213.65460982165,2.255286060345014
Region_02,2022-08-15,Influencer,2014.92747550546,232197.4024903099,92063.02109334605,2.522157102088541
Region_02,2022-08-22,Influencer,2013.6097484626166,216937.46053651982,85966.77309776073,2.5235035900419374
Region_02,2022-08-29,Influencer,1918.266246654096,206396.05901951817,92860.985051961,2.222634822407148
Region_02,2022-09-05,Influencer,2041.6385409121565,227033.33909708267,101434.44422871432,2.238227269083942
Region_02,2022-09-12,Influencer,2285.358486933823,228054.38065685207,93560.91381890459,2.4374962935726714
Region_02,2022-09-19,Influencer,1984.7537921080097,199792.96569741532,81439.34523668897,2.453273231958737
Region_02,2022-09-26,Influencer,2096.7080834420417,247782.25150867362,127281.04115942257,1.9467333803336853
Region_02,2022-10-03,Influencer,1996.8446542012923,240399.0204409299,87575.23826949213,2.745056995462104
Region_02,2022-10-10,Influencer,2133.754286116281,223374.36793497563,89083.98853339994,2.507458092216276
Region_02,2022-10-17,Influencer,2096.150769608415,200994.7291122462,80475.12139779811,2.4976008189997665
Region_02,2022-10-24,Influencer,2030.5794698552074,282732.5194998348,109908.63463896948,2.572432279124942
Region_02,2022-10-31,Influencer,1887.693496005009,233035.8168963869,102872.17534512772,2.26529492658798
Region_02,2022-11-07,Influencer,2023.8282355369402,232217.76095298113,93343.09134715066,2.487787340247219
Region_02,2022-11-14,Influencer,2227.871264605372,222813.11840059338,80640.2104033603,2.763052294706174
Region_02,2022-11-21,Influencer,2109.4046427721028,220510.61225925531,79504.09621122945,2.7735754856378025
Region_02,2022-11-28,Influencer,2252.102882959349,255434.41079031807,97720.63576119601,2.6139249791060895
Region_02,2022-12-05,Influencer,2190.188559860477,220567.64000721328,90637.09403370599,2.4335250634269996
Region_02,2022-12-12,Influencer,2106.063502476631,273233.2783358761,118317.74886037977,2.30931775636049
Region_02,2022-12-19,Influencer,2426.549486768996,272354.6727546194,95895.32933933623,2.8401244839658695
Region_02,2022-12-26,Influencer,2471.3437517082825,284489.04147107963,108170.12692878046,2.6300148622215085
Region_02,2023-01-02,Influencer,2400.3707013343524,240109.08905694506,100056.3303317085,2.399739109568892
Region_02,2023-01-09,Influencer,2436.2705918400047,246647.44425226597,121735.74420050909,2.026088934454754
Region_02,2023-01-16,Influencer,2499.570563295534,256052.7060735171,111427.31684321049,2.2979347733357804
Region_02,2023-01-23,Influencer,2350.9561493878605,267528.75363817293,129017.59814476759,2.07358342958753
Region_02,2023-01-30,Influencer,2399.4562832654055,258827.10542577982,91742.78926493732,2.8212255971238442
Region_02,2023-02-06,Influencer,2264.433371121588,243697.72558582245,95714.11254501705,2.5461002469328076
Region_02,2023-02-13,Influencer,1990.834545140419,227416.95641935826,97791.75119104878,2.325522895842922
Region_02,2023-02-20,Influencer,2257.236983950115,255568.49384426832,105015.19588859436,2.433633453537418
Region_02,2023-02-27,Influencer,2230.470287845096,285913.2886360342,88838.38016834544,3.2183532398298924
Region_02,2023-03-06,Influencer,2210.550599981149,240074.72124251936,85314.32459693315,2.8140024828978074
Region_02,2023-03-13,Influencer,2337.6956943319697,234252.47555090443,106802.38165451096,2.193326327765561
Region_02,2023-03-20,Influencer,2208.3507227495065,244256.10076134192,98956.23034943736,2.468324630989045
Region_02,2023-03-27,Influencer,2280.551809734403,291728.6315302392,131567.21495528394,2.2173353113037293
Region_02,2023-04-03,Influencer,2293.1470283197277,240443.92493667093,113789.32724336833,2.113062189236944
Region_02,2023-04-10,Influencer,2139.6003151622135,238069.42005684043,93623.60348493916,2.5428354730560834
Region_02,2023-04-17,Influencer,1928.0535656418785,206109.63565195227,65124.261521774584,3.1648671452963595
Region_02,2023-04-24,Influencer,1973.1820435032084,227393.13128112926,78090.21453221451,2.9119286282319394
Region_02,2023-05-01,Influencer,2111.8805288475055,239853.8487657549,95532.96888431748,2.5106918749295657
Region_02,2023-05-08,Influencer,1973.9230138780267,201808.27128428043,83749.02489859435,2.40967905630705
Region_02,2023-05-15,Influencer,1908.4136909532492,206635.71431390184,81041.46009545129,2.5497531025542313
Region_02,2023-05-22,Influencer,1968.4191152102262,239149.02740929718,86447.5138547722,2.7664072307626615
Region_02,2023-05-29,Influencer,2020.8812570927248,249265.510010449,115047.18882746145,2.16663712126228
Region_02,2023-06-05,Influencer,1992.3317108453894,241604.22737040187,116068.96993831334,2.081557435193973
Region_02,2023-06-12,Influencer,2027.354657971155,244402.77842840904,81297.29537540986,3.0062842472165934
Region_02,2023-06-19,Influencer,1882.5311544269327,201749.97489467883,78513.02626238205,2.569636969799791
Region_02,2023-06-26,Influencer,1931.8536462625414,206409.29617405657,70523.45174335218,2.926817832530631
Region_02,2023-07-03,Influencer,1931.5529081201141,234380.94103745752,91590.51794069007,2.5590087959676366
Region_02,2023-07-10,Influencer,1951.195689181315,192541.91394298748,66614.18854940156,2.8904039535090487
Region_02,2023-07-17,Influencer,1758.9210543071022,193680.88553241894,82269.56849461484,2.354222698337075
Region_02,2023-07-24,Influencer,1925.7948452745788,177668.56660478775,67673.75449480936,2.625368843964688
Region_02,2023-07-31,Influencer,1821.1525568369202,194293.257301216,66715.00051159618,2.912287428783645
Region_02,2023-08-07,Influencer,2081.7724329932903,215077.8593935164,77806.62783641554,2.764261418008073
Region_02,2023-08-14,Influencer,2096.3067748525,206212.7519930489,86308.02958607928,2.3892649731666356
Region_02,2023-08-21,Influencer,2106.628550222296,246972.35856527073,90456.16089350438,2.7302989218836693
Region_02,2023-08-28,Influencer,2015.3425287842365,207619.7465564785,88671.05235633028,2.341460274116803
Region_02,2023-09-04,Influencer,1887.9922691627964,201669.52120356532,92844.82472240775,2.1721137586992842
Region_02,2023-09-11,Influencer,2025.2570131447353,218678.4078354744,83070.58293094335,2.632440993188431
Region_02,2023-09-18,Influencer,1910.09085543237,196768.74365700036,68555.96835954995,2.870191295745736
Region_02,2023-09-25,Influencer,1986.0694923887697,252945.47430562976,93039.13712564488,2.718699701224003
Region_02,2023-10-02,Influencer,1841.1143138934717,194235.80051476305,87972.7846880416,2.207907834264181
Region_02,2023-10-09,Influencer,1868.8946902251823,211018.22978925562,77462.334743543,2.7241398092102482
Region_02,2023-10-16,Influencer,1968.9047471075946,191787.16528870695,71734.22394957376,2.6735797047658245
Region_02,2023-10-23,Influencer,2103.3174777437152,222354.64066267377,93079.22414445829,2.3888750976005233
Region_02,2023-10-30,Influencer,1931.3986379496737,207207.55662440558,105985.76306791138,1.9550508542513902
Region_02,2023-11-06,Influencer,2176.453222485766,233879.7846218806,84611.3836413773,2.76416451967235
Region_02,2023-11-13,Influencer,2256.429720847892,235957.6994034307,86456.06584476834,2.7292208718714104
Region_02,2023-11-20,Influencer,1879.2205127682928,211074.5924028977,80374.76416366755,2.626130161614974
Region_02,2023-11-27,Influencer,2044.4186925449278,263884.69740389095,125293.07386685774,2.1061395435497667
Region_02,2023-12-04,Influencer,2006.2905318306148,219323.4666306126,101678.9793634847,2.1570187663525737
Region_02,2023-12-11,Influencer,2150.5299347515493,234940.10876125158,85008.02410509449,2.7637403790352506
Region_02,2023-12-18,Influencer,2169.400000069234,231228.41252227288,85416.52752238678,2.70706875155596
Region_02,2023-12-25,Influencer,2272.7948575684063,322920.7422095462,122990.71006069303,2.6255701918477614
Region_03,2021-01-04,Influencer,1762.2042679239898,228681.37382278318,93739.12935543884,2.4395508620063246
Region_03,2021-01-11,Influencer,1854.2129281973355,216908.9001849482,83438.47442734719,2.599626870860617
Region_03,2021-01-18,Influencer,1649.3325053969156,195754.92113212257,82626.89961439889,2.36914276156635
Region_03,2021-01-25,Influencer,1660.9569461728206,171570.66876786944,70789.77946634953,2.423664405529429
Region_03,2021-02-01,Influencer,1557.1512430923128,169895.6428576906,74067.7874813648,2.293785849893731
Region_03,2021-02-08,Influencer,1692.9237931891548,191420.41542487117,74632.22228475715,2.5648494653490546
Region_03,2021-02-15,Influencer,1582.0533239609767,177293.16053946916,73925.55104570385,2.3982663373027706
Region_03,2021-02-22,Influencer,1551.3110925679855,157965.73212946567,57483.90536042832,2.747999307615043
Region_03,2021-03-01,Influencer,1477.5257290402237,151591.90218390553,56449.317061725305,2.6854514824004907
Region_03,2021-03-08,Influencer,1594.7784842374585,185806.6152980805,80572.8746334732,2.3060690852016466
Region_03,2021-03-15,Influencer,1682.1207895485254,192115.56301972189,64018.91785484531,3.000918626199201
Region_03,2021-03-22,Influencer,1557.4669008968135,140275.55240069638,62736.49268837445,2.2359482717255967
Region_03,2021-03-29,Influencer,1519.1797187053655,169799.30936140777,64945.34415229035,2.614495489672752
Region_03,2021-04-05,Influencer,1567.3326057815666,196670.8788437375,70629.56132330491,2.784540568551486
Region_03,2021-04-12,Influencer,1396.6862087765526,145211.78837370698,51130.4261392351,2.84002695338927
Region_03,2021-04-19,Influencer,1458.7084650835043,165426.41031653882,82428.15055339363,2.0069164382061717
Region_03,2021-04-26,Influencer,1473.436098306141,141500.0796698996,51230.21144807653,2.7620436392950376
Region_03,2021-05-03,Influencer,1357.9625804009863,163217.8325708073,57818.017049527356,2.822957979188281
Region_03,2021-05-10,Influencer,1341.7812966816884,133228.04097461223,46175.406305944176,2.8852597439399625
Region_03,2021-05-17,Influencer,1406.322723316812,137775.42700709502,68787.45845280222,2.002914922371033
Region_03,2021-05-24,Influencer,1376.318724499417,147784.53311466723,63238.07010534312,2.3369551421870574
Region_03,2021-05-31,Influencer,1363.0912133035984,190505.18292038687,76956.24170818448,2.4755000853962725
Region_03,2021-06-07,Influencer,1390.6088759891593,145077.47106808095,60669.363182059555,2.3912805979638434
Region_03,2021-06-14,Influencer,1389.522575224117,135992.97767910126,47588.41427422529,2.857690884496595
Region_03,2021-06-21,Influencer,1310.8352034568995,151927.10777393586,65028.37886400072,2.336320087137244
Region_03,2021-06-28,Influencer,1326.2369464846167,150246.8282517438,53165.58876771722,2.82601644661886
Region_03,2021-07-05,Influencer,1400.1719864638785,182484.12870323603,69017.38453731102,2.644031354224739
Region_03,2021-07-12,Influencer,1446.106141388001,141449.20529284986,65417.37127152343,2.1622575555007595
Region_03,2021-07-19,Influencer,1461.2900148907822,138445.14152888148,61141.708459109956,2.2643322376487096
Region_03,2021-07-26,Influencer,1308.6203188837292,140544.36883894232,58913.696476088655,2.38559753071996
Region_03,2021-08-02,Influencer,1439.3850812394253,165474.42728827495,65553.39992283394,2.5242691833385127
Region_03,2021-08-09,Influencer,1414.0415699189095,162220.89012650136,58760.157297800164,2.760729337471915
Region_03,2021-08-16,Influencer,1358.270722060687,167347.23535800196,68170.81649773089,2.454822223870125
Region_03,2021-08-23,Influencer,1392.1365786719427,133199.46529036548,48653.6348481447,2.737708409784819
Region_03,2021-08-30,Influencer,1414.3659026887958,144499.80322002168,67646.42666578616,2.136104009365302
Region_03,2021-09-06,Influencer,1481.5801388304474,162016.43236968483,87901.36497497208,1.8431617349265887
Region_03,2021-09-13,Influencer,1285.299955580032,154596.1109695673,63957.624336079265,2.4171646863743463
Region_03,2021-09-20,Influencer,1393.8868233824442,161784.97498147306,61814.46442297708,2.617267277031295
Region_03,2021-09-27,Influencer,1342.285377178487,142671.38128870123,59167.32583546074,2.411320425152526
Region_03,2021-10-04,Influencer,1336.7361779305731,133972.77470748112,59281.77484470512,2.259931910919283
Region_03,2021-10-11,Influencer,1428.938272665124,172598.62927331228,66184.49167257758,2.607840974698089
Region_03,2021-10-18,Influencer,1406.2152118587874,170976.19706456666,56370.10940954263,3.0331003231230715
Region_03,2021-10-25,Influencer,1286.0249983165309,185880.7051188473,75125.1139798186,2.4742818382782326
Region_03,2021-11-01,Influencer,1338.5195413150032,145716.11279859775,62675.48942690489,2.324929795219848
Region_03,2021-11-08,Influencer,1382.458375750852,179574.45197664195,78166.64538448572,2.2973283693236675
Region_03,2021-11-15,Influencer,1289.1422435519587,126840.41362846155,41680.65438303169,3.0431483263875685
Region_03,2021-11-22,Influencer,1467.5972053302978,154142.50786822417,61906.0695515094,2.489941761525803
Region_03,2021-11-29,Influencer,1432.5998680066077,148511.5562486678,55877.10368282861,2.657824877460611
Region_03,2021-12-06,Influencer,1489.270899147894,157651.84370872538,55818.07157876417,2.824387142903439
Region_03,2021-12-13,Influencer,1546.915044364903,157266.722790525,56482.716265268646,2.7843335658987893
Region_03,2021-12-20,Influencer,1711.8529846879644,179803.2073600257,78867.36891816618,2.27981749393202
Region_03,2021-12-27,Influencer,1605.580573440734,176919.83116855207,64315.64615814425,2.7508054686028967
Region_03,2022-01-03,Influencer,1598.9137919650855,169486.64105409395,62308.61544002197,2.7201156671061186
Region_03,2022-01-10,Influencer,1782.1226296927634,210620.0377183107,80225.47045398546,2.625351232301156
Region_03,2022-01-17,Influencer,1583.936257553396,174038.18234558022,62929.97013915109,2.7655850139567213
Region_03,2022-01-24,Influencer,1554.4954094528591,172183.6355244855,72849.67984837032,2.3635469075892903
Region_03,2022-01-31,Influencer,1451.4627798844294,185777.5193040772,74865.4349280436,2.4814858750588438
Region_03,2022-02-07,Influencer,1590.5585081383629,181731.32536853262,76608.59396583648,2.3722054662636873
Region_03,2022-02-14,Influencer,1494.4935792350152,168093.21918387187,62327.131457650146,2.6969509947379393
Region_03,2022-02-21,Influencer,1534.0767605734602,169630.64843727357,72431.50625415897,2.341945614689374
Region_03,2022-02-28,Influencer,1527.0625076902309,170213.94665435032,65459.53392636707,2.600292676171778
Region_03,2022-03-07,Influencer,1508.9243109472393,176824.74618019993,78907.05640363313,2.240924376594263
Region_03,2022-03-14,Influencer,1453.5082846155244,148856.1799659364,60273.3301270761,2.4696856744450386
Region_03,2022-03-21,Influencer,1435.3268251103545,177889.7463505861,73777.62491559336,2.411161196285515
Region_03,2022-03-28,Influencer,1496.0571093601036,193330.18083630988,78220.44696904729,2.471606700391431
Region_03,2022-04-04,Influencer,1441.6755226197336,178828.59748190196,70587.05262471082,2.5334475775986487
Region_03,2022-04-11,Influencer,1519.1331601142967,160381.82691838287,65343.20934992216,2.454452857672102
Region_03,2022-04-18,Influencer,1322.2760537889126,125322.94313513905,51241.48227232272,2.445732199336284
Region_03,2022-04-25,Influencer,1317.473869188964,139840.87187149283,68802.52858427294,2.032496112409712
Region_03,2022-05-02,Influencer,1266.2536233930214,142411.89862838958,51004.02549945533,2.7921697794208495
Region_03,2022-05-09,Influencer,1412.2093075076234,169674.50412858333,72234.4786351961,2.3489406628860166
Region_03,2022-05-16,Influencer,1232.941291256519,134173.19688285084,54999.019378711935,2.4395561666102044
Region_03,2022-05-23,Influencer,1355.4965264531734,145772.19527428993,63338.16548121919,2.3014906441758844
Region_03,2022-05-30,Influencer,1396.80307236198,179610.72953568143,65012.556588532025,2.7627082976054522
Region_03,2022-06-06,Influencer,1289.2062101371982,133754.9422812465,58565.70971696373,2.2838439579688727
Region_03,2022-06-13,Influencer,1343.4053435554938,165209.27815044977,62833.59914179073,2.629314258723862
Region_03,2022-06-20,Influencer,1165.0631104568947,141040.40970269724,50145.30962548056,2.812634137790422
Region_03,2022-06-27,Influencer,1268.2278831915603,123340.82367234881,41850.780080082746,2.947157100449081
Region_03,2022-07-04,Influencer,1189.4911150294756,135422.9807183405,48100.44275711908,2.815420668831521
Region_03,2022-07-11,Influencer,1300.6404793235447,136439.98925791183,51297.28194130918,2.6597898386510437
Region_03,2022-07-18,Influencer,1288.6919695741385,130102.96251087972,58659.292854935506,2.217942906891573
Region_03,2022-07-25,Influencer,1238.604127078546,114472.739689118,40244.29419497262,2.844446448346909
Region_03,2022-08-01,Influencer,1346.5492254868907,127953.16931631975,45445.00140634953,2.8155609056366373
Region_03,2022-08-08,Influencer,1306.3513092378214,150725.76698002094,55437.758107836045,2.7188286850783756
Region_03,2022-08-15,Influencer,1249.3387232446464,133244.49923316808,49178.548007468635,2.70940287242585
Region_03,2022-08-22,Influencer,1248.5216777473247,142071.65775811684,56379.87175556699,2.519900335603168
Region_03,2022-08-29,Influencer,1189.4047466085256,118740.69096132184,49987.68395932069,2.375398929423324
Region_03,2022-09-05,Influencer,1265.9006932199352,135910.32904650416,48781.625748059654,2.7860967518473934
Region_03,2022-09-12,Influencer,1417.017182470041,152866.10304889386,53821.42853863439,2.8402461101373904
Region_03,2022-09-19,Influencer,1230.6297862979695,117190.9525734524,51972.52709185854,2.2548634659677784
Region_03,2022-09-26,Influencer,1300.0460968586915,122384.05830658869,44659.077286745916,2.740407230556693
Region_03,2022-10-03,Influencer,1238.126622980272,143215.68362232248,55861.2319827362,2.563775959445058
Region_03,2022-10-10,Influencer,1323.0162812016717,148706.1759462869,54407.15762102235,2.733209791662199
Region_03,2022-10-17,Influencer,1299.70053913425,131414.28572542593,51105.79093459133,2.5714167283629146
Region_03,2022-10-24,Influencer,1259.0436098347902,138108.4055005136,49404.056734515296,2.7954871447636913
Region_03,2022-10-31,Influencer,1170.4483713908887,138367.10517902081,49921.31622637308,2.7717038659714355
Region_03,2022-11-07,Influencer,1254.857564150246,166340.78601586027,60842.17765075846,2.733971603887631
Region_03,2022-11-14,Influencer,1381.3727169397412,140292.8416124469,64317.12612922753,2.181267262013031
Region_03,2022-11-21,Influencer,1307.918490984956,153926.51769813412,56654.05786344743,2.716954857305037
Region_03,2022-11-28,Influencer,1396.3973267604567,190382.79411324268,75685.31903397613,2.5154520922053236
Region_03,2022-12-05,Influencer,1358.0078748763403,151428.76873899376,67678.30512805472,2.237478737868421
Region_03,2022-12-12,Influencer,1305.8468452301238,167037.35829286682,62188.68006810216,2.685976903030358
Region_03,2022-12-19,Influencer,1504.5614666252109,129381.78257241054,59223.5054670607,2.184635670449648
Region_03,2022-12-26,Influencer,1532.3357713822058,195657.99372510702,71488.67771269189,2.7369088362697536
Region_03,2023-01-02,Influencer,1488.3295323404259,164722.26118854058,55582.03414675123,2.963588211860515
Region_03,2023-01-09,Influencer,1510.588955527706,139245.8259210275,58464.85125444258,2.381701534055414
Region_03,2023-01-16,Influencer,1549.837566944767,185333.61285762014,67541.24396160917,2.744006506053765
Region_03,2023-01-23,Influencer,1457.6904577389694,178985.83235297917,68337.06693318111,2.619161757820081
Region_03,2023-01-30,Influencer,1487.762555158042,185548.8510878288,69449.16894152538,2.671721691069575
Region_03,2023-02-06,Influencer,1404.042741558193,174952.72540328672,79903.61384842165,2.1895470927657246
Region_03,2023-02-13,Influencer,1234.4001057373678,136356.6282251908,51241.30398988474,2.6610686615646664
Region_03,2023-02-20,Influencer,1399.5806826155863,144095.39655656792,56766.80206334291,2.5383743899432614
Region_03,2023-02-27,Influencer,1382.9842192967608,146447.90732712008,54321.24482336836,2.6959600760864726
Region_03,2023-03-06,Influencer,1370.6331854725117,151332.12594363248,60357.02858884453,2.507282573078861
Region_03,2023-03-13,Influencer,1449.4684248417236,167101.25841139804,59821.83134505353,2.7933156617615835
Region_03,2023-03-20,Influencer,1369.2691702187194,144707.62970480538,56205.185883030514,2.574631280571844
Region_03,2023-03-27,Influencer,1414.0368429648352,157405.73289685862,58723.769440865726,2.6804432752799476
Region_03,2023-04-03,Influencer,1421.8464016202552,171662.54749207612,59804.708488305936,2.870385155804958
Region_03,2023-04-10,Influencer,1326.641062020378,151737.54658823943,59465.49531120445,2.5516906198147673
Region_03,2023-04-17,Influencer,1195.4732908895635,165848.89836622632,59964.83263764946,2.7657693863402297
Region_03,2023-04-24,Influencer,1223.4548215394964,167474.9953901878,65332.26261854789,2.5634347974141876
Region_03,2023-05-01,Influencer,1309.4536431856905,129625.22524375576,49108.835405894715,2.639549974508179
Region_03,2023-05-08,Influencer,1223.9142539475067,128251.76879455136,53906.3605956575,2.3791583660515725
Region_03,2023-05-15,Influencer,1183.2957528558325,115297.14433943472,42595.49739952313,2.706791829615435
Region_03,2023-05-22,Influencer,1220.5016081733588,120620.21248600073,42614.38955670577,2.8305042907043125
Region_03,2023-05-29,Influencer,1253.030315114396,146457.8652643701,58894.51490349429,2.486782776025218
Region_03,2023-06-05,Influencer,1235.3284106580518,124162.66250539484,45783.00574398591,2.7119814544222
Region_03,2023-06-12,Influencer,1257.044092526647,125667.62060437858,48041.998743184624,2.6157866843998896
Region_03,2023-06-19,Influencer,1167.2475051986758,125935.62970236689,56026.47202394266,2.2477879679546637
Region_03,2023-06-26,Influencer,1197.8294987077404,143550.8885270356,55287.66129677551,2.5964362600992814
Region_03,2023-07-03,Influencer,1197.6430285685126,128137.17600752287,44856.120331319675,2.8566263658351714
Region_03,2023-07-10,Influencer,1209.8223686739518,129414.4364756935,54144.111790738076,2.3901848639768657
Region_03,2023-07-17,Influencer,1090.6041090758888,132222.95462144553,62867.02832456192,2.1032162350480705
Region_03,2023-07-24,Influencer,1194.0727904476598,138559.53354623533,54146.21455969784,2.5589883738496484
Region_03,2023-07-31,Influencer,1129.1902253809906,130829.13023237442,55584.50388116549,2.3536979031435625
Region_03,2023-08-07,Influencer,1290.7853732399465,156950.84142025802,51895.93189508417,3.0243380490316456
Region_03,2023-08-14,Influencer,1299.7972688651382,130378.08013065823,52193.28206366359,2.4979858513520474
Region_03,2023-08-21,Influencer,1306.1971983012504,147803.00222276445,58956.40381386991,2.506988090545522
Region_03,2023-08-28,Influencer,1249.5960735163999,130083.9826443615,55178.69736552068,2.357503689923036
Region_03,2023-09-04,Influencer,1170.6336231580256,143449.19946746106,55798.72976933156,2.570832706415917
Region_03,2023-09-11,Influencer,1255.7434656102355,150725.71657958083,63522.5352562563,2.372791261739446
Region_03,2023-09-18,Influencer,1184.3356644925977,118416.60781085714,51594.30483470813,2.295148819045563
Region_03,2023-09-25,Influencer,1231.4455751186192,155588.63609010825,62407.362277159096,2.4931134791295806
Region_03,2023-10-02,Influencer,1141.5673438519648,112755.59484833294,48681.47283527113,2.316191115044454
Region_03,2023-10-09,Influencer,1158.7923310137526,144018.2181934779,50425.47865553633,2.856060508166655
Region_03,2023-10-16,Influencer,1220.802720120067,138001.47147285318,61699.51343373572,2.2366703364859517
Region_03,2023-10-23,Influencer,1304.144195841734,132621.57922717702,53248.76691157885,2.4906037626636324
Region_03,2023-10-30,Influencer,1197.5473746553491,118860.68358247499,50698.58143653938,2.3444577780002724
Region_03,2023-11-06,Influencer,1349.491395217562,145097.8631093191,66242.60650908382,2.19040087272867
Region_03,2023-11-13,Influencer,1399.0801459631693,154632.18756612923,52346.749925995064,2.9539978658606247
Region_03,2023-11-20,Influencer,1165.1947698654162,120378.41099270029,58991.30826084921,2.0406126689106143
Region_03,2023-11-27,Influencer,1267.6245027036694,148426.8384823643,51288.64389409859,2.893951315789083
Region_03,2023-12-04,Influencer,1243.9834594375654,120085.60122183856,54985.82422642624,2.1839374586318434
Region_03,2023-12-11,Influencer,1333.4178801189373,147616.8039031318,58321.1499303753,2.531102423037938
Region_03,2023-12-18,Influencer,1345.1181043692545,149029.46826849258,47567.91674865573,3.132982868599226
Region_03,2023-12-25,Influencer,1409.2272104429974,129874.33164091983,63793.25561353363,2.035863045267864
Region_04,2021-01-04,Influencer,1157.0683056774799,132146.0524092156,60267.42697409723,2.192661260717362
Region_04,2021-01-11,Influencer,1217.4814522053528,119116.17803416196,41743.82682691836,2.8535040289442346
Region_04,2021-01-18,Influencer,1082.9563872107917,93837.35272535017,36773.09264273083,2.5517938792101997
Region_04,2021-01-25,Influencer,1090.5890278971463,113737.64860787259,47830.98092246422,2.3779075071081124
Region_04,2021-02-01,Influencer,1022.4299097010919,110746.25388942138,44281.48736124842,2.500960570406168
Region_04,2021-02-08,Influencer,1111.5785500475017,134602.87046301865,58976.327628763276,2.282320311808829
Region_04,2021-02-15,Influencer,1038.7806864203499,109699.63897737008,43203.74184796002,2.539123563959307
Region_04,2021-02-22,Influencer,1018.595250351387,130450.35544667266,44908.87564765052,2.904778923217094
Region_04,2021-03-01,Influencer,970.147572000544,123822.78106160421,51241.30742057733,2.4164641242522205
Region_04,2021-03-08,Influencer,1047.1360626435214,129179.02744964401,50791.66398018191,2.5433115855398554
Region_04,2021-03-15,Influencer,1104.4852673071207,139382.8591268332,49373.85475326417,2.8230094616547725
Region_04,2021-03-22,Influencer,1022.6371715081794,117263.84517862687,38463.99907608535,3.048664933322927
Region_04,2021-03-29,Influencer,997.4976994084931,104604.77947363598,44168.34196643865,2.3683202677863706
Region_04,2021-04-05,Influencer,1029.1150212348537,121519.65468731687,47029.472472501766,2.583904268931991
Region_04,2021-04-12,Influencer,917.0681143883683,111751.90175365456,47069.23888993698,2.3742024385600633
Region_04,2021-04-19,Influencer,957.7921032729954,108628.60774437686,46121.66735470323,2.3552619403144694
Region_04,2021-04-26,Influencer,967.4623088954294,104617.54897793825,43367.321264106606,2.4123590281451395
Region_04,2021-05-03,Influencer,891.6420704899584,84635.78007713304,35892.359088942154,2.3580445037731703
Region_04,2021-05-10,Influencer,881.0173938406209,104319.26707313013,49267.35689015296,2.11741148009465
Region_04,2021-05-17,Influencer,923.3954770867177,105899.12046445026,51300.46882958613,2.0642914749226593
Region_04,2021-05-24,Influencer,903.6947666145479,88056.85029781856,37703.82805765293,2.335488326627493
Region_04,2021-05-31,Influencer,895.0095453571361,100123.76663497498,39394.719149996505,2.5415529998767323
Region_04,2021-06-07,Influencer,913.0777204940038,108613.72289298156,38434.16887371281,2.8259677801246355
Region_04,2021-06-14,Influencer,912.364452339714,99986.90708447924,41979.29423165829,2.381814866460405
Region_04,2021-06-21,Influencer,860.6981015163964,103002.36617548451,41734.024639784846,2.468066932545318
Region_04,2021-06-28,Influencer,870.8109295431693,103913.94092236427,38822.22117364018,2.6766614011493135
Region_04,2021-07-05,Influencer,919.3568858753392,88044.11953186303,32638.27501979441,2.697572695813923
Region_04,2021-07-12,Influencer,949.5173818962658,102105.60003991271,41157.722931069155,2.4808369552154015
Region_04,2021-07-19,Influencer,959.4871561768499,111490.7545836054,44671.277504984755,2.4958040336134206
Region_04,2021-07-26,Influencer,859.243802042154,104188.36912118807,34566.66350721088,3.0141286010856545
Region_04,2021-08-02,Influencer,945.1043147961442,120316.43929807993,49554.05778246305,2.4279835937201364
Region_04,2021-08-09,Influencer,928.4636935938739,85122.70973556883,35596.95742189585,2.3912917254891415
Region_04,2021-08-16,Influencer,891.8443971751152,98150.84672372698,45876.94322780185,2.1394373691455244
Region_04,2021-08-23,Influencer,914.080814395728,108665.83643789857,41513.91292674255,2.61757634433679
Region_04,2021-08-30,Influencer,928.6766514077656,116080.95004433236,47478.96520984515,2.4448921650099913
Region_04,2021-09-06,Influencer,972.8097089343189,127286.36031383452,42081.016952155616,3.0247928765256287
Region_04,2021-09-13,Influencer,843.9315855490113,85249.06189686203,35112.12271516487,2.4279096592483453
Region_04,2021-09-20,Influencer,915.2300300221813,97723.67283162996,35974.14371634409,2.7164975378477534
Region_04,2021-09-27,Influencer,881.3483745203141,87987.25198502761,32008.179917896214,2.7488989442924474
Region_04,2021-10-04,Influencer,877.704754601487,105403.92931903286,35752.89885416547,2.9481226053577063
Region_04,2021-10-11,Influencer,938.2449107436026,91201.34037555206,41328.04831267912,2.2067662059805566
Region_04,2021-10-18,Influencer,923.3248847593459,114960.38149200789,39311.47886499155,2.9243463947723605
Region_04,2021-10-25,Influencer,844.4076506601535,102598.87361961481,40841.641839971024,2.5121143273726823
Region_04,2021-11-01,Influencer,878.8757160428984,102155.81793612661,41136.36982151525,2.483345476991915
Region_04,2021-11-08,Influencer,907.7260789886336,81150.26426001285,33343.21805919615,2.4337862085159885
Region_04,2021-11-15,Influencer,846.4544426970307,87697.71452318763,36333.12703100868,2.413712270026789
Region_04,2021-11-22,Influencer,963.6284752556152,114939.2640303147,47383.02963257964,2.425747465317936
Region_04,2021-11-29,Influencer,940.6491245994904,90592.3475255968,45372.283931067774,1.9966450810197254
Region_04,2021-12-06,Influencer,977.8594839075475,105785.91542764984,40111.732843285994,2.63728111275942
Region_04,2021-12-13,Influencer,1015.7087926696054,111358.99800656813,44115.98747643249,2.5242322427001773
Region_04,2021-12-20,Influencer,1124.0075107157074,135947.79009567172,59470.90019238392,2.2859548057266794
Region_04,2021-12-27,Influencer,1054.2287449617497,120084.50066518689,48164.686147984445,2.4932063357836722
Region_04,2022-01-03,Influencer,1049.8513173917675,119489.84846241993,38038.67855469838,3.1412723312824187
Region_04,2022-01-10,Influencer,1170.1467583422307,124102.55308233688,47660.81289081036,2.6038698367703565
Region_04,2022-01-17,Influencer,1040.017025941903,115264.3605597501,47720.161620505765,2.415422677659583
Region_04,2022-01-24,Influencer,1020.6860818229628,111571.80792261797,37623.43806964898,2.9654867722634712
Region_04,2022-01-31,Influencer,953.0345658811228,113439.37048569492,48876.00716545332,2.3209623098237957
Region_04,2022-02-07,Influencer,1044.365214403134,113651.52602932014,45988.05647388753,2.4713270084343004
Region_04,2022-02-14,Influencer,981.2887104220312,120379.6522167501,50649.87159930021,2.376702021460076
Region_04,2022-02-21,Influencer,1007.2791392266073,94343.61671275481,38486.384192352256,2.451350489077696
Region_04,2022-02-28,Influencer,1002.6735609477892,125046.43979471303,46407.05305125075,2.694556787663612
Region_04,2022-03-07,Influencer,990.7639696731168,107913.65302116107,40644.39412977428,2.655068560663039
Region_04,2022-03-14,Influencer,954.3776500720672,118176.40596545751,50594.77519393701,2.335743276108461
Region_04,2022-03-21,Influencer,942.4396523454051,105254.8858762873,42490.46510493405,2.47714129785002
Region_04,2022-03-28,Influencer,982.3153287236897,118391.16595389391,46803.41114440064,2.529541395789006
Region_04,2022-04-04,Influencer,946.6082250836213,121525.28893520602,50416.819561578704,2.4104116442088537
Region_04,2022-04-11,Influencer,997.4671289059337,104596.03874807744,41845.54978748961,2.4995737725818596
Region_04,2022-04-18,Influencer,868.2101961981141,96927.41670376225,41458.3226519911,2.337948341938218
Region_04,2022-04-25,Influencer,865.0570682096323,94218.68664826365,40355.008752350615,2.3347457864886616
Region_04,2022-05-02,Influencer,831.4257099736689,94003.46873421382,37313.89370461819,2.519261845958986
Region_04,2022-05-09,Influencer,927.2606249131464,87517.08051824427,38588.220054164645,2.2679740188948925
Region_04,2022-05-16,Influencer,809.5527384884978,88160.84255207062,33743.387382831,2.6126850144549447
Region_04,2022-05-23,Influencer,890.0228524940408,96179.23886020813,39076.89980820304,2.461281200204581
Region_04,2022-05-30,Influencer,917.14484734904,93987.91154575218,40996.15183518549,2.2926032649017025
Region_04,2022-06-06,Influencer,846.4964433377908,91969.49066405885,38926.05558009356,2.362671719327535
Region_04,2022-06-13,Influencer,882.0837476106232,83885.25404832697,35042.35862522285,2.3938244267595588
Region_04,2022-06-20,Influencer,764.9837330219428,97276.37273354616,39396.16712578201,2.4691836752282845
Region_04,2022-06-27,Influencer,832.7220145404226,96391.76600233835,38010.25373093046,2.5359411353758086
Region_04,2022-07-04,Influencer,781.0232299045465,104198.62461390211,42401.02044841233,2.4574555874351307
Region_04,2022-07-11,Influencer,854.0042168206529,86758.15161610763,37646.41463350277,2.304552836192234
Region_04,2022-07-18,Influencer,846.1587915298587,83507.25346060438,28965.402882663035,2.8829998946980586
Region_04,2022-07-25,Influencer,813.2709725032421,92615.99430084412,33816.9128380897,2.73874776045571
Region_04,2022-08-01,Influencer,884.1480293774,83040.17094541757,32757.96124410817,2.5349615113899415
Region_04,2022-08-08,Influencer,857.7539638920914,97138.19392744233,35309.97653229067,2.7510127014276065
Region_04,2022-08-15,Influencer,820.3193387023969,84750.10738200184,32737.312977269175,2.5887924106919593
Region_04,2022-08-22,Influencer,819.7828643183228,87834.80047952717,35918.097291621176,2.4454190812612144
Region_04,2022-08-29,Influencer,780.9665201551086,88682.90431464899,35072.29016613567,2.5285746637748074
Region_04,2022-09-05,Influencer,831.1939750239652,92463.27525756306,28456.404859455462,3.2492957460450054
Region_04,2022-09-12,Influencer,930.4174892097172,123841.04378832148,44843.08262592343,2.7616532257916173
Region_04,2022-09-19,Influencer,808.0349977959817,95243.61340669153,34323.9228117915,2.7748463929644993
Region_04,2022-09-26,Influencer,853.613943613369,83198.10950448929,34475.08647472441,2.4132821121561627
Region_04,2022-10-03,Influencer,812.9574419619759,99174.39382943948,37309.45674906876,2.6581570055134844
Region_04,2022-10-10,Influencer,868.6962316106296,84269.65351068121,26986.337750405717,3.1226783823015882
Region_04,2022-10-17,Influencer,853.3870494342939,95305.64826431734,36464.68265189589,2.6136426079485475
Region_04,2022-10-24,Influencer,826.6915946820507,80924.70660892746,29078.71223130206,2.782953590421218
Region_04,2022-10-31,Influencer,768.5197105802473,78410.69421051271,27675.753581637542,2.8331909365798467
Region_04,2022-11-07,Influencer,823.9430252478099,103876.45754480573,38917.33169556461,2.669156723215032
Region_04,2022-11-14,Influencer,907.0132323431106,95048.17669526227,32529.769697603602,2.921882865413101
Region_04,2022-11-21,Influencer,858.7829798591121,89220.66946024926,34796.27075579965,2.5640871140013894
Region_04,2022-11-28,Influencer,916.8784336396669,96029.68526150145,36494.651231175936,2.631335881337786
Region_04,2022-12-05,Influencer,891.6718109705646,95719.71849864571,40573.01906649508,2.359196350209255
Region_04,2022-12-12,Influencer,857.4227313980573,109457.24669168817,33791.74236216207,3.239171437760833
Region_04,2022-12-19,Influencer,987.8993137535332,97342.45797095246,37693.76221613305,2.5824553519704003
Region_04,2022-12-26,Influencer,1006.1360008002655,98575.14516762887,38894.803100639925,2.534404015687305
Region_04,2023-01-02,Influencer,977.2413797996616,114558.38482922288,39930.4669144641,2.868946788792148
Region_04,2023-01-09,Influencer,991.8569800121195,93788.58881131152,39216.635604302886,2.391551120234826
Region_04,2023-01-16,Influencer,1017.6277292601811,108648.05836665613,43355.98838073474,2.505952751268241
Region_04,2023-01-23,Influencer,957.1236767717386,118477.00571283941,50976.59455617302,2.3241451639592197
Region_04,2023-01-30,Influencer,976.8691009783466,108140.85997972482,43040.412852871355,2.5125423482667735
Region_04,2023-02-06,Influencer,921.8984346164208,97314.34836630701,40303.65772567472,2.414528949919964
Region_04,2023-02-13,Influencer,810.510600202022,83628.60352452706,31647.93785347424,2.6424661193318952
Region_04,2023-02-20,Influencer,918.9686340963952,92900.40008154194,37513.08706644075,2.4764797393774276
Region_04,2023-02-27,Influencer,908.0713493479165,94796.88703334732,40069.33800003551,2.365821143170953
Region_04,2023-03-06,Influencer,899.961625611278,100941.50279630817,41427.4713181032,2.4365837350105943
Region_04,2023-03-13,Influencer,951.7250667202215,119084.98097224894,48051.48251938493,2.4782790192624686
Region_04,2023-03-20,Influencer,899.0660093383229,109445.429400582,45876.10467726263,2.3856739836681458
Region_04,2023-03-27,Influencer,928.4605898624613,97148.0764084035,35388.3576698803,2.7451987830191977
Region_04,2023-04-03,Influencer,933.5883681603545,96090.88082216201,35914.33022012819,2.6755582029010765
Region_04,2023-04-10,Influencer,871.0762729467534,103222.04101088349,40598.98670660742,2.5424782583079657
Region_04,2023-04-17,Influencer,784.9511434913471,72578.59166292715,32484.373406681847,2.2342617096009048
Region_04,2023-04-24,Influencer,803.3238956453993,85092.34216081075,32286.20385587409,2.635563553419403
Region_04,2023-05-01,Influencer,859.7909651353897,92099.04456234117,41574.75498468004,2.215263676148637
Region_04,2023-05-08,Influencer,803.6255602637332,79647.74860508885,31207.385183371687,2.5522083358501875
Region_04,2023-05-15,Influencer,776.9553375813935,77883.3684380751,30925.53057548396,2.518416563556607
Region_04,2023-05-22,Influencer,801.3848073977659,91721.45158017812,38735.51866691907,2.367890110595321
Region_04,2023-05-29,Influencer,822.7432483635713,77262.59323736398,33396.08383283173,2.313522556240772
Region_04,2023-06-05,Influencer,811.1201278381078,81939.50368463903,34959.57633356452,2.3438357176534006
Region_04,2023-06-12,Influencer,825.3787059630649,85592.74656548415,27995.825855914485,3.057339583622305
Region_04,2023-06-19,Influencer,766.4180127866724,85411.12167159471,34958.077533701246,2.4432442427434498
Region_04,2023-06-26,Influencer,786.4982362079104,75925.9560792471,30900.088139595864,2.457143673385008
Region_04,2023-07-03,Influencer,786.3757993871725,96760.75175078087,35182.08309284895,2.750284896304173
Region_04,2023-07-10,Influencer,794.3727885425058,85160.979046722,32623.751340846804,2.610398116298035
Region_04,2023-07-17,Influencer,716.0937421516712,77126.92693085514,27778.735160962253,2.776473676139237
Region_04,2023-07-24,Influencer,784.0315709407013,83588.56487087856,37541.821481823696,2.2265452652943045
Region_04,2023-07-31,Influencer,741.4294952357421,76650.45508160657,33968.95932742317,2.256485232378803
Region_04,2023-08-07,Influencer,847.5333262967896,84993.97652291707,24580.702498977957,3.4577521340755437
Region_04,2023-08-14,Influencer,853.4505624491383,105593.34020781523,42295.16013269352,2.496582111913868
Region_04,2023-08-21,Influencer,857.6527742153268,96655.46382625954,39652.25921932865,2.4375777251840534
Region_04,2023-08-28,Influencer,820.4883156185941,89646.87873633916,35210.79183484115,2.5460057574630683
Region_04,2023-09-04,Influencer,768.641347414425,93652.65148264632,33950.74281494074,2.758486080647181
Region_04,2023-09-11,Influencer,824.5247106516905,84881.73551356145,37982.135717511184,2.234780480614938
Region_04,2023-09-18,Influencer,777.6381465028721,91374.54809994627,35469.00357920836,2.5761802948845536
Region_04,2023-09-25,Influencer,808.5706470425991,89475.37286626197,35792.88817201218,2.4998086892643148
Region_04,2023-10-02,Influencer,749.5563462251856,75803.52295989492,28338.607852928897,2.674920495505581
Region_04,2023-10-09,Influencer,760.8663215063633,90536.5547548832,35519.00739792156,2.548960722370329
Region_04,2023-10-16,Influencer,801.5825183534926,76356.65740279082,32063.151227809914,2.381445817981952
Region_04,2023-10-23,Influencer,856.3047669946978,100789.9710238607,43713.859708642216,2.3056754012488754
Region_04,2023-10-30,Influencer,786.3129927572884,79540.30900259959,40135.51610247019,1.9817936014457824
Region_04,2023-11-06,Influencer,886.0798663427558,101817.61049363058,36959.066743496165,2.754875040548686
Region_04,2023-11-13,Influencer,918.6399803149446,116164.79931307305,53394.982501505816,2.1755751921034348
Region_04,2023-11-20,Influencer,765.0701809618992,89287.06888337173,37032.994745408774,2.411014002437414
Region_04,2023-11-27,Influencer,832.3258332057666,86547.93737989127,29414.927609035214,2.9423134583308252
Region_04,2023-12-04,Influencer,816.8030573424529,89866.19325451589,37326.27711134172,2.4075852243836486
Region_04,2023-12-11,Influencer,875.5259508745127,93155.84875901182,35036.895443667614,2.658792897583862
Region_04,2023-12-18,Influencer,883.2083512044754,86798.50938332785,35339.05128234355,2.4561641083640238
Region_04,2023-12-25,Influencer,925.302571547405,91523.63130738329,34135.96066801442,2.681150010614508
Region_05,2021-01-04,Influencer,1537.8069478614632,170348.20854355537,67768.58616405843,2.5136751138819067
Region_05,2021-01-11,Influencer,1618.09931782517,188159.18238256974,78838.06832698263,2.3866538891107196
Region_05,2021-01-18,Influencer,1439.3081621128688,133407.18548202259,46731.66959030903,2.8547489668481236
Region_05,2021-01-25,Influencer,1449.452358285569,158699.6483848356,64955.702957273905,2.4431980743742225
Region_05,2021-02-01,Influencer,1358.8651690870608,157494.33869435047,71475.3884425975,2.203476499058631
Region_05,2021-02-08,Influencer,1477.3485791367739,164645.2854315171,67797.61098225476,2.4284821108904726
Region_05,2021-02-15,Influencer,1380.5962440101478,137891.36214180657,52231.39163095926,2.6400093475601336
Region_05,2021-02-22,Influencer,1353.768697459826,165235.54511720597,73378.39076158336,2.251828411637962
Region_05,2021-03-01,Influencer,1289.3790879526662,126088.09196060995,46637.436785289814,2.703581085321999
Region_05,2021-03-08,Influencer,1391.7009951686944,163485.22835015538,60591.29230757971,2.6981637480226524
Region_05,2021-03-15,Influencer,1467.9212191202737,189378.672780558,61603.36272002314,3.0741612863124375
Region_05,2021-03-22,Influencer,1359.140631344044,122527.82956037023,51995.03959817446,2.3565292094646693
Region_05,2021-03-29,Influencer,1325.7289004455545,149827.14117733718,56090.80622664691,2.671153282624046
Region_05,2021-04-05,Influencer,1367.7500472860436,155421.57093481935,72808.22096917356,2.134670630128755
Region_05,2021-04-12,Influencer,1218.8335909373204,137306.1880587657,57030.05563877702,2.4076109784715993
Region_05,2021-04-19,Influencer,1272.9579954725775,130042.03793895572,51361.84046112523,2.531880414943113
Region_05,2021-04-26,Influencer,1285.8102266852554,137366.55786709217,52699.086328406396,2.6066212421798185
Region_05,2021-05-03,Influencer,1185.040990473071,113782.48939764452,45636.488930884094,2.4932349543797443
Region_05,2021-05-10,Influencer,1170.9202151567288,130659.21200970476,52586.335768406774,2.484660893376093
Region_05,2021-05-17,Influencer,1227.243001402906,142498.24115957663,60302.52439394801,2.3630559846658397
Region_05,2021-05-24,Influencer,1201.0596816340949,123903.00740736809,51595.82953336108,2.4014151633564547
Region_05,2021-05-31,Influencer,1189.5165484173037,119608.48595590993,46339.14918484929,2.5811541225926575
Region_05,2021-06-07,Influencer,1213.5301395979764,127568.74009428768,48235.142860359796,2.6447260758322573
Region_05,2021-06-14,Influencer,1212.582167280376,133414.50830109103,50054.64780708738,2.6653770258313654
Region_05,2021-06-21,Influencer,1143.914766335343,126711.39215499902,45944.667335592654,2.7579129309929202
Region_05,2021-06-28,Influencer,1157.355266888155,126135.42803173489,44896.36097668835,2.809479995432781
Region_05,2021-07-05,Influencer,1221.8754931979397,135437.25948610913,64245.374121655084,2.108124691275749
Region_05,2021-07-12,Influencer,1261.9604390082668,122154.66546943094,51242.253268977525,2.38386600269556
Region_05,2021-07-19,Influencer,1275.2108133224401,107376.59292826425,43510.53070823415,2.467829998404128
Region_05,2021-07-26,Influencer,1141.9819229372588,133566.55231991544,56688.16375942299,2.356162970576258
Region_05,2021-08-02,Influencer,1256.095231902821,158988.6375169657,57368.379767619386,2.7713635658001303
Region_05,2021-08-09,Influencer,1233.9789378378837,118195.09650832115,43887.37714827963,2.693145596488542
Region_05,2021-08-16,Influencer,1185.3098936835775,122216.55393993053,49266.53388266838,2.4807215833571243
Region_05,2021-08-23,Influencer,1214.8633061568219,137718.06810294883,54311.773549288664,2.5356945484015143
Region_05,2021-08-30,Influencer,1234.2619703988803,149175.79166816594,52719.900874992025,2.8295916568941863
Region_05,2021-09-06,Influencer,1292.917213275804,151651.61512317738,62556.74356618072,2.424224895318287
Region_05,2021-09-13,Influencer,1121.6311512544007,139941.08731017,57543.42838902385,2.4319212676049577
Region_05,2021-09-20,Influencer,1216.3906764652809,133164.5192663657,48704.54537988623,2.7341291911813914
Region_05,2021-09-27,Influencer,1171.36010654978,134258.19854237154,51205.61597862982,2.6219428470190245
Region_05,2021-10-04,Influencer,1166.517536755892,133665.85748506515,46540.550008580925,2.872030035322326
Region_05,2021-10-11,Influencer,1246.9787094309595,131537.0388089028,50651.58858375803,2.5968985867322147
Region_05,2021-10-18,Influencer,1227.1491803458728,151940.66820218472,56420.027217121766,2.693027204993537
Region_05,2021-10-25,Influencer,1122.2638677776663,131286.53642737263,55190.13450114614,2.37880442970557
Region_05,2021-11-01,Influencer,1168.0738084396332,141483.2020753055,61769.04986445338,2.290519319720437
Region_05,2021-11-08,Influencer,1206.417515866914,127774.91281620074,51023.47106315,2.5042379546867384
Region_05,2021-11-15,Influencer,1124.984166138353,136953.47560425394,70466.59570048013,1.9435233707951183
Region_05,2021-11-22,Influencer,1280.7148524715444,127094.70127687616,48761.086292858054,2.6064780532892167
Region_05,2021-11-29,Influencer,1250.1740409023923,142973.73303525295,51973.39698765785,2.750902217709668
Region_05,2021-12-06,Influencer,1299.6286399053852,110685.8575979459,43838.577339391355,2.5248505840194913
Region_05,2021-12-13,Influencer,1349.9324376158984,134543.87705563306,54825.54231605972,2.454036410255844
Region_05,2021-12-20,Influencer,1493.867346418255,176669.68261066318,63510.860737446725,2.78172395334105
Region_05,2021-12-27,Influencer,1401.1275571913739,147502.2607013983,59088.008748726555,2.496314630074198
Region_05,2022-01-03,Influencer,1395.3097169672071,156148.36349367513,56712.962973689086,2.753309919041212
Region_05,2022-01-10,Influencer,1555.1889254650719,145968.16730332279,47201.99373944502,3.0924152930714537
Region_05,2022-01-17,Influencer,1382.2394067316836,176965.07883643568,65874.30825874185,2.6864051177790023
Region_05,2022-01-24,Influencer,1356.5475266335402,158217.1456936252,57696.857968012264,2.742214242954832
Region_05,2022-01-31,Influencer,1266.6349685431965,138996.58012833563,52892.43981336083,2.6279101629421255
Region_05,2022-02-07,Influencer,1388.0183865840243,159047.34257819873,61944.53772993484,2.567576551650312
Region_05,2022-02-14,Influencer,1304.1862691601902,148160.04644183564,57568.715631116225,2.5736208428064056
Region_05,2022-02-21,Influencer,1338.7289679770715,169168.2126682108,67054.36995923726,2.522851422972867
Region_05,2022-02-28,Influencer,1332.6079030050776,149712.22573210567,53841.34842245469,2.7806180587718665
Region_05,2022-03-07,Influencer,1316.7794060023375,125424.93530831482,58393.499251139896,2.1479263431171476
Region_05,2022-03-14,Influencer,1268.42000075803,136090.88693855205,55700.506642201435,2.443261204296532
Region_05,2022-03-21,Influencer,1252.5537500297582,156240.46129677875,58532.300473776435,2.6693032741260083
Region_05,2022-03-28,Influencer,1305.5507009308521,151853.6870225846,65675.25070926131,2.312190442862987
Region_05,2022-04-04,Influencer,1258.0940107801737,132819.7891409652,53523.98858542437,2.481500214226087
Region_05,2022-04-11,Influencer,1325.6882705786707,154810.63001160193,66002.07547909548,2.3455418467959293
Region_05,2022-04-18,Influencer,1153.8987502867265,128394.48375393027,49108.15043446913,2.6145249336006327
Region_05,2022-04-25,Influencer,1149.7080710464509,134250.3482490001,49309.631318171596,2.722598905328382
Region_05,2022-05-02,Influencer,1105.010159862201,104082.94165359883,36133.47639011,2.8805128111638627
Region_05,2022-05-09,Influencer,1232.3799938802113,124171.95687586015,47213.928489989485,2.6299857022528355
Region_05,2022-05-16,Influencer,1075.9397866135125,126334.76441759139,53986.38359492991,2.340122749571542
Region_05,2022-05-23,Influencer,1182.8889613560289,127322.50852248468,49586.12619013754,2.5677042815215634
Region_05,2022-05-30,Influencer,1218.9355732312542,138786.34487695363,52433.98907867067,2.6468774799628925
Region_05,2022-06-06,Influencer,1125.0399872829291,149900.47073575374,52254.19263670541,2.868678342768188
Region_05,2022-06-13,Influencer,1172.337457534159,125095.3717823045,61264.66485625887,2.0418845361483213
Region_05,2022-06-20,Influencer,1016.7051451239477,114520.22907279182,44094.27457533357,2.597167776898969
Region_05,2022-06-27,Influencer,1106.7330194025728,115294.34144117891,54775.469494208744,2.1048535504267774
Region_05,2022-07-04,Influencer,1038.0225121499402,107422.24398064405,40023.43629209189,2.683983533964306
Region_05,2022-07-11,Influencer,1135.0182281251198,123952.77514406436,47390.79989818562,2.615545114460285
Region_05,2022-07-18,Influencer,1124.591229596241,107332.52563465392,40824.06471629633,2.6291484294999283
Region_05,2022-07-25,Influencer,1080.8815226143968,96794.69792859575,35482.91778147605,2.7279238569024242
Region_05,2022-08-01,Influencer,1175.0810007007262,147728.69957615528,56804.22338291451,2.60066401366538
Region_05,2022-08-08,Influencer,1140.0018466987917,124147.41864630255,52684.43752591249,2.356434356639785
Region_05,2022-08-15,Influencer,1090.2491860954096,133863.4157971137,51640.439857189296,2.5922206737067026
Region_05,2022-08-22,Influencer,1089.5361823504008,121300.23157533516,43148.00480326561,2.8112593416174523
Region_05,2022-08-29,Influencer,1037.9471417968944,115859.49676566872,46736.83424567227,2.478976135967041
Region_05,2022-09-05,Influencer,1104.702171462581,129760.18797189473,51628.41969354919,2.513348050203982
Region_05,2022-09-12,Influencer,1236.5756388779193,145927.84701569448,65367.17907727534,2.2324329896993484
Region_05,2022-09-19,Influencer,1073.922626372798,105034.80977080583,37506.15112659647,2.80046889952201
Region_05,2022-09-26,Influencer,1134.4995337258517,140447.0770415221,58797.72164546218,2.3886482862106164
Region_05,2022-10-03,Influencer,1080.464823407997,108106.56460868625,46298.71282943571,2.3349799163305134
Region_05,2022-10-10,Influencer,1154.5447178848412,129562.98056907901,53944.13937558913,2.4017990103983196
Region_05,2022-10-17,Influencer,1134.1979789746767,160175.39580523566,69379.56488176799,2.3086826225877295
Region_05,2022-10-24,Influencer,1098.7182621827765,121825.69421461545,49781.964930933114,2.447185328735716
Region_05,2022-10-31,Influencer,1021.4046523440155,132248.46114279647,46707.89334084445,2.831394260874312
Region_05,2022-11-07,Influencer,1095.0652633477769,116452.08361004674,43068.310527155896,2.703892541515417
Region_05,2022-11-14,Influencer,1205.4701037574766,140821.72582532815,49032.908189275055,2.8719839598690173
Region_05,2022-11-21,Influencer,1141.3694650976192,126199.7327468959,43682.91761287777,2.888995049856562
Region_05,2022-11-28,Influencer,1218.5814948667626,139649.68861075843,60686.20467334698,2.3011768384997016
Region_05,2022-12-05,Influencer,1185.0805171954646,119932.27755360496,45700.136047342254,2.624330864778241
Region_05,2022-12-12,Influencer,1139.5616206307336,114617.08362966731,39626.85399678931,2.8924093656022745
Region_05,2022-12-19,Influencer,1312.9721218906284,149265.38669560224,47824.29761928801,3.1211203117680926
Region_05,2022-12-26,Influencer,1337.2096745993422,126289.44331505458,57670.21537722986,2.1898555864405163
Region_05,2023-01-02,Influencer,1298.8071458008928,131586.0748037938,60145.53885740051,2.18779442837435
Region_05,2023-01-09,Influencer,1318.2320764152728,154415.13958558577,58910.77603111867,2.6211696736776724
Region_05,2023-01-16,Influencer,1352.4828091082409,140122.2740762916,57721.8837536103,2.4275416005896973
Region_05,2023-01-23,Influencer,1272.0696201599676,128321.10531857295,56291.956721657814,2.2795637741475523
Region_05,2023-01-30,Influencer,1298.312366922973,128192.83592773759,49319.55080497703,2.5992295922289936
Region_05,2023-02-06,Influencer,1225.2533502295307,136756.21327766997,58826.474076449056,2.324739250901658
Region_05,2023-02-13,Influencer,1077.2128371248095,114379.41073352339,56672.47591480137,2.0182532858715367
Region_05,2023-02-20,Influencer,1221.3594853872944,136358.38597432905,54528.399312726295,2.5006856554196446
Region_05,2023-02-27,Influencer,1206.8763990242785,130368.3137593932,51400.41577187077,2.5363280004971895
Region_05,2023-03-06,Influencer,1196.0981334316195,157668.111927359,59199.53935170639,2.663333425462107
Region_05,2023-03-13,Influencer,1264.8945726668496,133362.9369500457,48646.37211472405,2.741477548120799
Region_05,2023-03-20,Influencer,1194.9078105091005,108595.88694695439,42585.24136966764,2.5500826918948594
Region_05,2023-03-27,Influencer,1233.9748128093893,137318.69112108133,56046.286557549254,2.450094369411615
Region_05,2023-04-03,Influencer,1240.7899101160056,136549.4641052149,58067.62846248699,2.351559168520701
Region_05,2023-04-10,Influencer,1157.7079227578204,129335.88550945075,60401.85122100075,2.141256979628511
Region_05,2023-04-17,Influencer,1043.242923749448,98138.72235002546,40837.09722622858,2.403175764583815
Region_05,2023-04-24,Influencer,1067.6613144142023,131191.42481115475,47600.91761290822,2.7560692396311874
Region_05,2023-05-01,Influencer,1142.7091325602883,125344.55976437293,47006.51338563406,2.6665359912160644
Region_05,2023-05-08,Influencer,1068.0622431612103,117025.24167924687,38395.3068775209,3.0479048403637328
Region_05,2023-05-15,Influencer,1032.6160611677449,97362.03999212378,39425.27679779782,2.4695334541712626
Region_05,2023-05-22,Influencer,1065.0841602694597,122724.78508830466,58074.004265496806,2.1132482018502463
Region_05,2023-05-29,Influencer,1093.470694367352,119546.5213949874,44089.99517279571,2.7114206052068175
Region_05,2023-06-05,Influencer,1078.0229326300505,135313.14214036835,48913.317771627095,2.7663865038175506
Region_05,2023-06-12,Influencer,1096.973361398684,115904.9173880405,51718.125660423044,2.2410889008055443
Region_05,2023-06-19,Influencer,1018.6113812351225,99359.11348295155,46261.27907964342,2.147781372665786
Region_05,2023-06-26,Influencer,1045.2990944325813,116461.75908645781,45812.43865110729,2.5421427567607324
Region_05,2023-07-03,Influencer,1045.1363692134382,105201.2527261107,39232.46891951167,2.6814843833035056
Region_05,2023-07-10,Influencer,1055.7648043928496,120961.8522048651,53731.114530172774,2.251244055935948
Region_05,2023-07-17,Influencer,951.7276781306174,94233.14997450096,38852.96603094112,2.42537853865409
Region_05,2023-07-24,Influencer,1042.0207616259959,113219.62727110647,48670.03163172372,2.326269851801545
Region_05,2023-07-31,Influencer,985.4002771732246,106054.58173736418,47392.03221612955,2.237814602541337
Region_05,2023-08-07,Influencer,1126.4180613435904,123526.26725976432,55913.77140505538,2.2092279621938693
Region_05,2023-08-14,Influencer,1134.2823912388692,118708.311510561,46759.7629447166,2.5386850581536984
Region_05,2023-08-21,Influencer,1139.8673600939671,115898.29462908627,47942.67219681954,2.4174350180834274
Region_05,2023-08-28,Influencer,1090.4737656422533,119291.018880322,50773.63316479571,2.349467852598607
Region_05,2023-09-04,Influencer,1021.5663143373451,106236.6054105319,54406.88304507073,1.9526317161474838
Region_05,2023-09-11,Influencer,1095.8383550063832,122377.71603601649,41349.97517662224,2.9595596010225504
Region_05,2023-09-18,Influencer,1033.5235515020318,110747.51705450416,48386.73133356385,2.2887993051451123
Region_05,2023-09-25,Influencer,1074.6345334650791,95038.24026349174,38444.936062149674,2.472061342743656
Region_05,2023-10-02,Influencer,996.2013058199159,108952.75990791338,48494.46891186006,2.246704878981927
Region_05,2023-10-09,Influencer,1011.23288043154,127347.93425270452,49043.48756568683,2.5966329185325563
Region_05,2023-10-16,Influencer,1065.34692892356,120724.0787337323,55676.42558265595,2.168315897982856
Region_05,2023-10-23,Influencer,1138.0757849039123,132722.26360111433,52526.87827220809,2.5267495036219874
Region_05,2023-10-30,Influencer,1045.0528957734232,120188.0428619866,48866.15613113276,2.4595354408368224
Region_05,2023-11-06,Influencer,1177.6485174954416,123804.23077829281,45291.917133707466,2.733472959707293
Region_05,2023-11-13,Influencer,1220.9226865690434,118023.66235051259,52333.699434374976,2.255213440404897
Region_05,2023-11-20,Influencer,1016.8200391557356,121023.49570242366,51422.73884546674,2.3535015524186282
Region_05,2023-11-27,Influencer,1106.2064727794757,134826.5700654348,55071.37730516368,2.4482149650684875
Region_05,2023-12-04,Influencer,1085.575856198268,126192.17413981677,41267.36310557116,3.057917071584848
Region_05,2023-12-11,Influencer,1163.6217876519481,133410.9326833288,61335.92781113053,2.1750862413647054
Region_05,2023-12-18,Influencer,1173.8321171076086,134195.45704929729,52132.5792545478,2.5741188901101744
Region_05,2023-12-25,Influencer,1229.777634058111,134947.54442367615,57382.10070404499,2.3517358682925216
Region_06,2021-01-04,Influencer,1116.1363430218807,126113.62069552433,48901.23909864172,2.578945299139204
Region_06,2021-01-11,Influencer,1174.4123394390363,129371.78961694,48554.17267857092,2.6644834517803955
Region_06,2021-01-18,Influencer,1044.6461766714058,118631.58955073875,46757.47446481223,2.537168461483437
Region_06,2021-01-25,Influencer,1052.0088082649486,105635.4795353348,41155.63572566778,2.566731813826715
Region_06,2021-02-01,Influencer,986.2608584216613,102107.22224004673,39718.47198506717,2.5707741797931116
Region_06,2021-02-08,Influencer,1072.2558138909103,124654.59880702743,52674.020256296855,2.3665290441187796
Region_06,2021-02-15,Influencer,1002.0332169275963,106704.05075096547,43519.971142818475,2.4518410272101807
Region_06,2021-02-22,Influencer,982.5618523713587,85574.65522986987,40049.76538783258,2.1367080281540947
Region_06,2021-03-01,Influencer,935.8280387519899,104224.49208969927,43078.4335008429,2.419412304945117
Region_06,2021-03-08,Influencer,1010.0930168690026,89123.43925340005,38321.816596019395,2.3256579977123937
Region_06,2021-03-15,Influencer,1065.413460143062,141004.25559788267,57728.48623779142,2.442542058301462
Region_06,2021-03-22,Influencer,986.4607882220679,116359.44552911259,43339.52513428742,2.6848343439060103
Region_06,2021-03-29,Influencer,962.2106395340736,112981.86588351613,43530.11048268957,2.595487689571685
Region_06,2021-04-05,Influencer,992.7094802561496,102466.80569025302,39147.706927958345,2.617440808955114
Region_06,2021-04-12,Influencer,884.6262977500613,87321.83534114908,31406.835531496334,2.7803449110171705
Region_06,2021-04-19,Influencer,923.9096518994411,99620.91896275719,49985.637303321215,1.9929908737232014
Region_06,2021-04-26,Influencer,933.2377683872344,102906.051779653,39470.73938907414,2.607147810566182
Region_06,2021-05-03,Influencer,860.099714906995,87890.10417784714,35206.652013109924,2.496406194633885
Region_06,2021-05-10,Influencer,849.8508923586684,94974.04076846114,38314.7545667555,2.478785048798593
Region_06,2021-05-17,Influencer,890.7298263217593,104744.01992240794,47424.103545152335,2.208666312957956
Region_06,2021-05-24,Influencer,871.726039913086,101651.58094529384,38551.992456327076,2.636740009234231
Region_06,2021-05-31,Influencer,863.3480633969046,85989.00421629158,30801.929066105047,2.7916759379501106
Region_06,2021-06-07,Influencer,880.7770663549751,78734.24408129373,28529.546448060923,2.7597439806704354
Region_06,2021-06-14,Influencer,880.0890304754884,96910.57697864652,39055.4741772288,2.481357070173533
Region_06,2021-06-21,Influencer,830.2504067898637,85784.93048999364,32262.777178568183,2.6589443932613355
Region_06,2021-06-28,Influencer,840.0054876576288,96529.70009201854,35335.12913957603,2.7318337994668145
Region_06,2021-07-05,Influencer,886.8341026177131,114312.16417596393,38397.33567989615,2.9770858355626695
Region_06,2021-07-12,Influencer,915.9276535924869,118051.86659757483,41976.212004467845,2.8123515905868226
Region_06,2021-07-19,Influencer,925.5447413233356,104745.6680573271,41308.84789367402,2.53567149408124
Region_06,2021-07-26,Influencer,828.8475540033214,101510.71039012562,40215.323038989794,2.5241799075369444
Region_06,2021-08-02,Influencer,911.6707013015366,117540.37188212929,46245.75881015741,2.5416465186492463
Region_06,2021-08-09,Influencer,895.6187517293465,99058.7554080105,38751.64264554741,2.5562466167970928
Region_06,2021-08-16,Influencer,860.2948841682725,97242.35187890628,40762.06067159111,2.385609320940901
Region_06,2021-08-23,Influencer,881.744675227921,105373.62354079048,39135.02496100431,2.692565640261861
Region_06,2021-08-30,Influencer,895.8241760370115,98320.68701823505,41991.338382906564,2.3414516137037085
Region_06,2021-09-06,Influencer,938.3960010471349,98522.65726967865,42519.92602842238,2.317093806885302
Region_06,2021-09-13,Influencer,814.0770160529203,83444.95532723737,32250.739466196494,2.587381148723735
Region_06,2021-09-20,Influencer,882.8532366848025,97306.35235555045,41093.22474847493,2.3679415025505324
Region_06,2021-09-27,Influencer,850.1701644047793,88239.62779134951,36111.886522758294,2.443506454190353
Region_06,2021-10-04,Influencer,846.6554396546442,100673.80075468021,49072.785337288966,2.0515200036583443
Region_06,2021-10-11,Influencer,905.0539526472465,96575.85782810733,35794.06306795096,2.6980971018788513
Region_06,2021-10-18,Influencer,890.6617312389267,112887.16556859337,45162.85546906733,2.4995577537366156
Region_06,2021-10-25,Influencer,814.5362400845382,100773.70274510038,40786.22539229948,2.470777861295462
Region_06,2021-11-01,Influencer,847.7849776556624,82968.66087582298,31740.89006270708,2.6139361785983533
Region_06,2021-11-08,Influencer,875.6147422729318,106995.27536345838,41932.265817081156,2.551621603998173
Region_06,2021-11-15,Influencer,816.5106256655422,86578.73936354119,37008.81874734568,2.33940834357894
Region_06,2021-11-22,Influencer,929.5395588368561,116787.84006233982,38566.15864743868,3.028246632753406
Region_06,2021-11-29,Influencer,907.3731160430339,105034.40234693853,43844.8479638244,2.3955928056496063
Region_06,2021-12-06,Influencer,943.2671373007571,103516.70401713882,37718.16499515613,2.7444787950429914
Region_06,2021-12-13,Influencer,979.7775048048211,115166.62061154109,38671.36652817427,2.9780851040688128
Region_06,2021-12-20,Influencer,1084.245092864075,113327.6692044105,48080.64339959117,2.3570331258373742
Region_06,2021-12-27,Influencer,1016.9347914349804,115690.59119655145,45849.48849209619,2.5232689611465324
Region_06,2022-01-03,Influencer,1012.7122179051122,115834.7916976539,50081.34824605057,2.3129327734659912
Region_06,2022-01-10,Influencer,1128.7521378353708,122719.04544465234,44393.77252423823,2.764330185672999
Region_06,2022-01-17,Influencer,1003.2258202212381,114785.26007733679,47390.39198346542,2.4221209252159284
Region_06,2022-01-24,Influencer,984.5787194665069,98696.35628364183,43835.3973109065,2.2515218827293624
Region_06,2022-01-31,Influencer,919.3204151531754,106922.93648103831,37708.845904453694,2.8354868444385333
Region_06,2022-02-07,Influencer,1007.4201889927919,98982.5742262274,36262.925013109125,2.7295805341252803
Region_06,2022-02-14,Influencer,946.5750529376203,110792.9626518307,48225.58758289543,2.297389585173796
Region_06,2022-02-21,Influencer,971.6460552433357,112109.6475370244,40045.18670119097,2.7995785953893475
Region_06,2022-02-28,Influencer,967.2034019683318,114152.09607060827,44805.770973138504,2.547709672020677
Region_06,2022-03-07,Influencer,955.7151193950614,99978.37177226144,30855.70782192104,3.2401905135111853
Region_06,2022-03-14,Influencer,920.6159869615947,135644.30321769774,46054.39120957789,2.9453066180036256
Region_06,2022-03-21,Influencer,909.1003028310554,98169.120078186,41393.36739370861,2.3716147358696587
Region_06,2022-03-28,Influencer,947.5653540212038,106089.7677485139,43531.24507763571,2.4370947249339716
Region_06,2022-04-04,Influencer,913.1214098900107,93788.65723000259,40781.74876329079,2.29977036478694
Region_06,2022-04-11,Influencer,962.1811504807793,121698.65477611059,48054.69175168686,2.532503078054571
Region_06,2022-04-18,Influencer,837.4967567636254,88395.19964428466,35192.24156994864,2.5117808841073397
Region_06,2022-04-25,Influencer,834.4551725072117,101256.91433067647,37748.76575121404,2.682390068009573
Region_06,2022-05-02,Influencer,802.0135430820859,80932.62599606953,32101.639285309724,2.521136857740026
Region_06,2022-05-09,Influencer,894.458242301232,101721.14016511587,46813.34481346207,2.172909040583317
Region_06,2022-05-16,Influencer,780.914340654113,83242.42689101453,35972.30596357732,2.314069800676642
Region_06,2022-05-23,Influencer,858.537777687169,103590.67687651067,36200.26809110667,2.861599715665084
Region_06,2022-05-30,Influencer,884.700316237728,95043.3002300234,34045.53495416566,2.7916524254348456
Region_06,2022-06-06,Influencer,816.5511405092662,83084.64633420853,33746.6429915753,2.4620121875515215
Region_06,2022-06-13,Influencer,850.8795232453479,98114.55071540325,39754.18277250447,2.4680308805961184
Region_06,2022-06-20,Influencer,737.9219896153069,72780.56414056226,29581.410569804535,2.4603479935082477
Region_06,2022-06-27,Influencer,803.2639901226622,81029.35804399278,32339.30035818033,2.5056002185123383
Region_06,2022-07-04,Influencer,753.3940799894167,89538.45851920194,42034.025350805634,2.130142373278219
Region_06,2022-07-11,Influencer,823.7933221490891,76203.2259828605,27983.90001929498,2.7231095712291054
Region_06,2022-07-18,Influencer,816.2254333299487,96939.63510075447,41286.31464707804,2.3479846997584994
Region_06,2022-07-25,Influencer,784.5010399832303,83460.67430524367,32917.54190668471,2.5354467396696756
Region_06,2022-08-01,Influencer,852.8707798469086,86416.35868978468,43994.89416854688,1.9642360851856768
Region_06,2022-08-08,Influencer,827.4104197422358,93597.02026846838,36609.773161819045,2.55661295290631
Region_06,2022-08-15,Influencer,791.3000661385595,92872.87542842641,32693.41295989305,2.8407213264139504
Region_06,2022-08-22,Influencer,790.7825698470896,82705.44156426373,40948.56270322186,2.0197397931565595
Region_06,2022-08-29,Influencer,753.3393763802687,81907.11031664768,28339.289946700464,2.8902315644003673
Region_06,2022-09-05,Influencer,801.7900058906828,95639.07117781555,36567.57015035127,2.6154067876149774
Region_06,2022-09-12,Influencer,897.5034306916682,106584.25028357282,45722.74731530955,2.331098994304849
Region_06,2022-09-19,Influencer,779.4502909192024,85778.76198366175,39917.55721291567,2.1488980782598412
Region_06,2022-09-26,Influencer,823.4168550829531,84657.09472871604,30304.19998713074,2.7935762951890264
Region_06,2022-10-03,Influencer,784.1986007667747,79300.05536060248,30938.94761874912,2.563114180152215
Region_06,2022-10-10,Influencer,837.9655983914208,87602.51358330883,33111.41150896052,2.6456894946807714
Region_06,2022-10-17,Influencer,823.1979874171091,97112.18941447604,39864.367918395714,2.436064949362031
Region_06,2022-10-24,Influencer,797.4468998656882,93177.15140285317,40217.29023388807,2.3168431005910946
Region_06,2022-10-31,Influencer,741.3328799158779,84414.54892573948,31072.381800734718,2.7167067354889243
Region_06,2022-11-07,Influencer,794.7955626699305,100321.73098039768,43958.48104461356,2.2821928464402794
Region_06,2022-11-14,Influencer,874.9271129910948,94109.5194187473,34539.2012299535,2.724716150561482
Region_06,2022-11-21,Influencer,828.4030336723781,88442.10074680277,41497.08600184133,2.1312846097887057
Region_06,2022-11-28,Influencer,884.4433270678998,94385.84106246546,41242.32732303807,2.288567284847218
Region_06,2022-12-05,Influencer,860.1284033008441,114058.40218225925,52410.034160244075,2.1762703270431922
Region_06,2022-12-12,Influencer,827.0909047898625,75373.18723863632,26603.35717765746,2.8332208876982516
Region_06,2022-12-19,Influencer,952.9518023407342,108432.65423201789,51269.20493106261,2.1149665647793476
Region_06,2022-12-26,Influencer,970.5433560020857,112078.50438613935,49986.20135772662,2.2421888709655833
Region_06,2023-01-02,Influencer,942.6708989843175,104987.47122125517,39427.074759914234,2.66282679758927
Region_06,2023-01-09,Influencer,956.7694638591468,132093.62259844027,51693.47287602642,2.555324981071267
Region_06,2023-01-16,Influencer,981.6285579001193,121423.38630803085,39389.72907911452,3.0826154215011536
Region_06,2023-01-23,Influencer,923.2648713734937,109975.91540272924,36892.84327068593,2.980955265383765
Region_06,2023-01-30,Influencer,942.3117897423065,95883.86205696972,36156.15329993333,2.6519375903062823
Region_06,2023-02-06,Influencer,889.2857425974477,103247.253888519,38663.33598668441,2.6704176257340335
Region_06,2023-02-13,Influencer,781.8383174537607,83623.5084530062,39824.84958866353,2.0997821540250166
Region_06,2023-02-20,Influencer,886.4595854707168,98620.04869290369,42916.71715331,2.2979401788959413
Region_06,2023-02-27,Influencer,875.9477984929258,98907.87786806114,40824.86619204882,2.4227361187854854
Region_06,2023-03-06,Influencer,868.1249609388112,91918.2601644567,37397.26726600666,2.4578870833166064
Region_06,2023-03-13,Influencer,918.0572402848753,107988.34188555412,49266.0128303469,2.1919440133591532
Region_06,2023-03-20,Influencer,867.2610276111571,112083.73709622382,49008.72776532874,2.287015848134657
Region_06,2023-03-27,Influencer,895.6157577942333,109449.42937378664,47473.72109208071,2.3054739939491355
Region_06,2023-04-03,Influencer,900.562137959652,101877.4886349995,36814.76037527262,2.767300061076252
Region_06,2023-04-10,Influencer,840.2614443843562,77635.78208540055,29816.095389788476,2.603821227107743
Region_06,2023-04-17,Influencer,757.1830413540706,92994.00044775727,38398.01564221557,2.4218439128275615
Region_06,2023-04-24,Influencer,774.9058467406242,95095.35565720643,39054.99310861379,2.4349090369249775
Region_06,2023-05-01,Influencer,829.3753608846645,90301.19212521595,35128.8078459661,2.570573772989151
Region_06,2023-05-08,Influencer,775.1968397980559,82178.88110251153,35140.427004669415,2.3385851598101444
Region_06,2023-05-15,Influencer,749.4700917174258,88430.34027037704,36275.56225814768,2.4377386528451432
Region_06,2023-05-22,Influencer,773.0353548648286,79441.08065826003,37464.997972325655,2.1204079796545283
Region_06,2023-05-29,Influencer,793.6382285890941,94877.7614532984,35597.18783841342,2.6653162009307514
Region_06,2023-06-05,Influencer,782.4262826960661,78397.65797299224,28605.590357557714,2.740641147169307
Region_06,2023-06-12,Influencer,796.1804553468874,80985.82279357959,31292.098305929703,2.588059835483553
Region_06,2023-06-19,Influencer,739.3055309011761,82138.7560119748,31389.55412325615,2.616754468363702
Region_06,2023-06-26,Influencer,758.6754047681474,73388.04695978716,28348.3701579737,2.588792461465193
Region_06,2023-07-03,Influencer,758.557299220982,84174.87812668689,27698.70129498766,3.0389467444785625
Region_06,2023-07-10,Influencer,766.2713902450147,89383.75701802215,35065.309450427114,2.5490651136099816
Region_06,2023-07-17,Influencer,690.7615105385181,67724.72745541095,30745.541334962243,2.2027495537506727
Region_06,2023-07-24,Influencer,756.2959992159488,91558.16637306505,40489.24743570451,2.261295829675673
Region_06,2023-07-31,Influencer,715.2009966571903,75284.32926778094,28133.27165599395,2.675989134443281
Region_06,2023-08-07,Influencer,817.5513431319808,95530.39203744574,34507.28915255773,2.768411961168642
Region_06,2023-08-14,Influencer,823.2592536222023,93218.2947428211,34639.08420437971,2.6911304638658646
Region_06,2023-08-21,Influencer,827.312809708998,87964.88962179323,32471.20301338779,2.709012338887646
Region_06,2023-08-28,Influencer,791.4630653983041,83628.10442302315,32862.18256665038,2.5448128484287498
Region_06,2023-09-04,Influencer,741.4502137764716,70102.82822538169,32338.19463973446,2.167802779541849
Region_06,2023-09-11,Influencer,795.3566706151493,82691.7832645433,35403.88680312886,2.335669632104781
Region_06,2023-09-18,Influencer,750.1287458771347,77448.59892613805,36845.51837275404,2.101981525748015
Region_06,2023-09-25,Influencer,779.966991262932,101026.31657956821,41943.3611530739,2.4086366424204493
Region_06,2023-10-02,Influencer,723.0403555776045,88316.19062113774,40259.56916610088,2.1936695411907485
Region_06,2023-10-09,Influencer,733.950233921053,71641.93569928562,28399.09510323349,2.5226837488610174
Region_06,2023-10-16,Influencer,773.2260716807828,92544.70447258424,37634.726036431035,2.4590242634687827
Region_06,2023-10-23,Influencer,826.0124890259258,93636.3198473079,45152.16778678481,2.0737945582031054
Region_06,2023-10-30,Influencer,758.4967144120711,81257.40562335499,30308.35336845884,2.681023433886632
Region_06,2023-11-06,Influencer,854.7342769587445,99103.44612492542,36865.78228177572,2.6882230619019403
Region_06,2023-11-13,Influencer,886.1425580074731,105970.18899599709,48446.81646570207,2.1873509288483115
Region_06,2023-11-20,Influencer,738.0053794092292,77679.3020978844,30655.594503834265,2.53393559495865
Region_06,2023-11-27,Influencer,802.8818239325878,86880.01984059211,32455.75164156507,2.6768759140160405
Region_06,2023-12-04,Influencer,787.908175271904,88858.6293163623,36563.52009496967,2.43025368141694
Region_06,2023-12-11,Influencer,844.5537123736747,85507.19171301168,31521.67175850686,2.712647741785318
Region_06,2023-12-18,Influencer,851.9643433345618,96257.63575820219,37831.233468666775,2.5443959113288317
Region_06,2023-12-25,Influencer,892.5694562093852,98368.242698132,35516.77322303667,2.7696278060060084
Region_01,2021-01-04,App_Install_Ads,1628.7052680253819,83489.88239199588,,
Region_01,2021-01-11,App_Install_Ads,1542.7074915689016,95683.57468722042,,
Region_01,2021-01-18,App_Install_Ads,1526.7109585007772,84785.04114285529,,
Region_01,2021-01-25,App_Install_Ads,1525.0980209503152,97822.47974243926,,
Region_01,2021-02-01,App_Install_Ads,1564.0011505461414,85854.45687638204,,
Region_01,2021-02-08,App_Install_Ads,1540.1640602874288,92670.72981593142,,
Region_01,2021-02-15,App_Install_Ads,1573.651262767712,84707.99233871218,,
Region_01,2021-02-22,App_Install_Ads,1534.2126721033906,92217.45592379235,,
Region_01,2021-03-01,App_Install_Ads,1473.4293871416576,87830.45821777749,,
Region_01,2021-03-08,App_Install_Ads,1436.9505184973293,95017.87492544492,,
Region_01,2021-03-15,App_Install_Ads,1410.7659493860435,100506.814682252,,
Region_01,2021-03-22,App_Install_Ads,1475.222091714542,90269.99625418505,,
Region_01,2021-03-29,App_Install_Ads,1425.1904647393253,81507.86387490047,,
Region_01,2021-04-05,App_Install_Ads,1292.5682570371578,97892.93852278024,,
Region_01,2021-04-12,App_Install_Ads,1345.560568551143,86949.19892350584,,
Region_01,2021-04-19,App_Install_Ads,1291.6198746460964,85557.40647009274,,
Region_01,2021-04-26,App_Install_Ads,1302.4485600619328,86252.50585660452,,
Region_01,2021-05-03,App_Install_Ads,1291.2609178535824,93037.80587595698,,
Region_01,2021-05-10,App_Install_Ads,1266.658521266269,87306.31622141677,,
Region_01,2021-05-17,App_Install_Ads,1221.8708515135986,81481.8096362509,,
Region_01,2021-05-24,App_Install_Ads,1158.3186024440558,77935.08864077032,,
Region_01,2021-05-31,App_Install_Ads,1316.322562845811,75315.15892479915,,
Region_01,2021-06-07,App_Install_Ads,1379.6759761090948,80934.37629342669,,
Region_01,2021-06-14,App_Install_Ads,1247.300767082281,76926.39835720416,,
Region_01,2021-06-21,App_Install_Ads,1334.705710738354,83975.04502996618,,
Region_01,2021-06-28,App_Install_Ads,1278.2010225735435,79824.5031150771,,
Region_01,2021-07-05,App_Install_Ads,1319.4919064639184,84824.86875430965,,
Region_01,2021-07-12,App_Install_Ads,1251.8834073897267,78244.74697225388,,
Region_01,2021-07-19,App_Install_Ads,1286.6998389273626,76860.05417756613,,
Region_01,2021-07-26,App_Install_Ads,1293.868487358461,68597.44634518519,,
Region_01,2021-08-02,App_Install_Ads,1159.595826839877,78573.57308860327,,
Region_01,2021-08-09,App_Install_Ads,1313.6912163224208,86837.5068920121,,
Region_01,2021-08-16,App_Install_Ads,1291.250777368304,73739.35715315882,,
Region_01,2021-08-23,App_Install_Ads,1153.1587666778519,75545.45448110097,,
Region_01,2021-08-30,App_Install_Ads,1341.2559416789227,86970.97443681526,,
Region_01,2021-09-06,App_Install_Ads,1298.6415061716425,81545.85636864041,,
Region_01,2021-09-13,App_Install_Ads,1315.821825296608,68277.57931801875,,
Region_01,2021-09-20,App_Install_Ads,1330.435973527797,73536.84371670026,,
Region_01,2021-09-27,App_Install_Ads,1289.7924915954416,75726.7192589941,,
Region_01,2021-10-04,App_Install_Ads,1263.2479146705,92514.95841127087,,
Region_01,2021-10-11,App_Install_Ads,1324.8106005727657,75807.64533981177,,
Region_01,2021-10-18,App_Install_Ads,1358.8376523259626,81828.71946315697,,
Region_01,2021-10-25,App_Install_Ads,1594.2791513394113,88959.74652168245,,
Region_01,2021-11-01,App_Install_Ads,1626.1913237680837,96516.05625534667,,
Region_01,2021-11-08,App_Install_Ads,1513.4681158667936,97629.44399947819,,
Region_01,2021-11-15,App_Install_Ads,1579.3729018036715,80049.89108378097,,
Region_01,2021-11-22,App_Install_Ads,1690.402632700642,79393.49875195806,,
Region_01,2021-11-29,App_Install_Ads,1747.1886002821793,116359.67486516599,,
Region_01,2021-12-06,App_Install_Ads,1656.1795587405597,103605.10648717445,,
Region_01,2021-12-13,App_Install_Ads,1618.905230223997,95006.97272619516,,
Region_01,2021-12-20,App_Install_Ads,1825.365119726265,125347.36630504609,,
Region_01,2021-12-27,App_Install_Ads,1692.869994065527,116270.63752976852,,
Region_01,2022-01-03,App_Install_Ads,1434.1491088009843,72520.23170355106,,
Region_01,2022-01-10,App_Install_Ads,1379.463564171579,84565.05294690402,,
Region_01,2022-01-17,App_Install_Ads,1477.362942898219,102871.22785904395,,
Region_01,2022-01-24,App_Install_Ads,1578.0827868099282,92019.18217091526,,
Region_01,2022-01-31,App_Install_Ads,1611.6611280448112,97369.9835582471,,
Region_01,2022-02-07,App_Install_Ads,1534.9660245248049,105246.63458381049,,
Region_01,2022-02-14,App_Install_Ads,1420.321312067994,86201.13096508259,,
Region_01,2022-02-21,App_Install_Ads,1516.0063190945068,83856.55261982977,,
Region_01,2022-02-28,App_Install_Ads,1501.491562286135,87397.19634882797,,
Region_01,2022-03-07,App_Install_Ads,1416.481733141072,77348.92251890573,,
Region_01,2022-03-14,App_Install_Ads,1346.4150963796899,88706.82881479226,,
Region_01,2022-03-21,App_Install_Ads,1386.7778451967463,72771.15149550277,,
Region_01,2022-03-28,App_Install_Ads,1322.1487280887059,91093.05415795054,,
Region_01,2022-04-04,App_Install_Ads,1240.603957268599,65613.8024442705,,
Region_01,2022-04-11,App_Install_Ads,1305.6347423463812,81756.15419928101,,
Region_01,2022-04-18,App_Install_Ads,1214.6821353395314,65398.92384689925,,
Region_01,2022-04-25,App_Install_Ads,1351.6273687690978,81636.83214578337,,
Region_01,2022-05-02,App_Install_Ads,1317.4899697099625,90958.58720917856,,
Region_01,2022-05-09,App_Install_Ads,1225.9359083055592,85488.48602304702,,
Region_01,2022-05-16,App_Install_Ads,1299.2892369474248,92270.46029033313,,
Region_01,2022-05-23,App_Install_Ads,1366.0259826959698,84398.83461968874,,
Region_01,2022-05-30,App_Install_Ads,1157.9192418192201,72957.90565187803,,
Region_01,2022-06-06,App_Install_Ads,1276.0172202872309,81410.16810154585,,
Region_01,2022-06-13,App_Install_Ads,1391.4085617320975,92239.89289102737,,
Region_01,2022-06-20,App_Install_Ads,1190.6734590206152,71318.46703358777,,
Region_01,2022-06-27,App_Install_Ads,1273.265384856153,88594.39147946387,,
Region_01,2022-07-04,App_Install_Ads,1197.373333521159,77107.62239254916,,
Region_01,2022-07-11,App_Install_Ads,1278.775489846929,89368.68890202018,,
Region_01,2022-07-18,App_Install_Ads,1141.120973435339,74611.00119449242,,
Region_01,2022-07-25,App_Install_Ads,1184.8626301665672,79037.43195425179,,
Region_01,2022-08-01,App_Install_Ads,1248.8452039645842,72368.51365627814,,
Region_01,2022-08-08,App_Install_Ads,1290.3319023828803,77156.4176002691,,
Region_01,2022-08-15,App_Install_Ads,1305.2792491699568,71509.38564277707,,
Region_01,2022-08-22,App_Install_Ads,1308.152965296166,79168.83391039228,,
Region_01,2022-08-29,App_Install_Ads,1355.353624833843,83012.26441803535,,
Region_01,2022-09-05,App_Install_Ads,1326.7971263592333,89914.44900511928,,
Region_01,2022-09-12,App_Install_Ads,1331.6419198651163,73191.20468218187,,
Region_01,2022-09-19,App_Install_Ads,1228.8575888873681,105846.3225822055,,
Region_01,2022-09-26,App_Install_Ads,1287.5658966346166,79288.12211275683,,
Region_01,2022-10-03,App_Install_Ads,1532.5542521619209,108337.9546699554,,
Region_01,2022-10-10,App_Install_Ads,1490.8857082225475,103114.51254375305,,
Region_01,2022-10-17,App_Install_Ads,1424.21490994203,69003.32744572322,,
Region_01,2022-10-24,App_Install_Ads,1464.1262291741493,88903.60392925015,,
Region_01,2022-10-31,App_Install_Ads,1539.447009315524,111193.06643035122,,
Region_01,2022-11-07,App_Install_Ads,1497.9866197602162,73273.39319595085,,
Region_01,2022-11-14,App_Install_Ads,1748.5718015235425,117705.89863718946,,
Region_01,2022-11-21,App_Install_Ads,1611.13019834854,91640.72147174341,,
Region_01,2022-11-28,App_Install_Ads,1669.6844525441395,99334.29466594888,,
Region_01,2022-12-05,App_Install_Ads,1878.6113373906576,119752.8951039778,,
Region_01,2022-12-12,App_Install_Ads,1513.131451622295,78263.262621364,,
Region_01,2022-12-19,App_Install_Ads,1668.62813735177,106063.74323356066,,
Region_01,2022-12-26,App_Install_Ads,1457.7455901478472,85177.7360895513,,
Region_01,2023-01-02,App_Install_Ads,1476.5665106484032,85391.17834242346,,
Region_01,2023-01-09,App_Install_Ads,1474.9821001282262,98617.26578201125,,
Region_01,2023-01-16,App_Install_Ads,1490.3337098806844,131920.02604386117,,
Region_01,2023-01-23,App_Install_Ads,1552.9108502395434,100170.26985863764,,
Region_01,2023-01-30,App_Install_Ads,1490.526325842155,98188.50679296769,,
Region_01,2023-02-06,App_Install_Ads,1531.1150228323977,94948.42876269562,,
Region_01,2023-02-13,App_Install_Ads,1428.9117543972413,82846.69117497407,,
Region_01,2023-02-20,App_Install_Ads,1451.3644346882534,92827.8998689282,,
Region_01,2023-02-27,App_Install_Ads,1343.381377737904,97455.05073870953,,
Region_01,2023-03-06,App_Install_Ads,1442.8232591347412,91642.06441546408,,
Region_01,2023-03-13,App_Install_Ads,1276.2392255959935,86949.61001001504,,
Region_01,2023-03-20,App_Install_Ads,1376.2305772402835,83846.21432642087,,
Region_01,2023-03-27,App_Install_Ads,1281.1775595180554,102730.88225883213,,
Region_01,2023-04-03,App_Install_Ads,1272.7635203500772,67263.09069571958,,
Region_01,2023-04-10,App_Install_Ads,1358.5074511945816,89762.47533444659,,
Region_01,2023-04-17,App_Install_Ads,1282.5041108012226,84371.24172219692,,
Region_01,2023-04-24,App_Install_Ads,1158.7695659029157,74157.42084844683,,
Region_01,2023-05-01,App_Install_Ads,1301.8150987320173,72550.49671041536,,
Region_01,2023-05-08,App_Install_Ads,1099.9351282583216,61165.39574317676,,
Region_01,2023-05-15,App_Install_Ads,1285.1326584286694,78212.72844862746,,
Region_01,2023-05-22,App_Install_Ads,1243.025859576047,78221.06483056978,,
Region_01,2023-05-29,App_Install_Ads,1182.8996805098561,65280.95658526905,,
Region_01,2023-06-05,App_Install_Ads,1272.0191648614866,71235.45533514344,,
Region_01,2023-06-12,App_Install_Ads,1247.6110520858788,82204.98541343596,,
Region_01,2023-06-19,App_Install_Ads,1398.2241116679868,96577.86705391594,,
Region_01,2023-06-26,App_Install_Ads,1238.9376577151168,72968.07718344974,,
Region_01,2023-07-03,App_Install_Ads,1393.1693743777548,80930.11246042015,,
Region_01,2023-07-10,App_Install_Ads,1354.8712731702785,78478.05815003916,,
Region_01,2023-07-17,App_Install_Ads,1227.4111569688162,97958.68720110062,,
Region_01,2023-07-24,App_Install_Ads,1214.6821661653444,79457.3373182086,,
Region_01,2023-07-31,App_Install_Ads,1349.6966521647164,83515.75062778646,,
Region_01,2023-08-07,App_Install_Ads,1255.5839914086644,86483.08784268903,,
Region_01,2023-08-14,App_Install_Ads,1273.848690360923,99816.56269508933,,
Region_01,2023-08-21,App_Install_Ads,1247.8783340975294,87377.00590089451,,
Region_01,2023-08-28,App_Install_Ads,1190.4124255039246,64272.06644370792,,
Region_01,2023-09-04,App_Install_Ads,1241.6201564256223,76666.68816052552,,
Region_01,2023-09-11,App_Install_Ads,1208.0554196947646,72250.5789177956,,
Region_01,2023-09-18,App_Install_Ads,1178.437973872756,70910.68450691695,,
Region_01,2023-09-25,App_Install_Ads,1261.111344533771,69527.2137589149,,
Region_01,2023-10-02,App_Install_Ads,1413.420021790352,84630.40875094268,,
Region_01,2023-10-09,App_Install_Ads,1426.022546271499,79663.80621340714,,
Region_01,2023-10-16,App_Install_Ads,1344.699629396444,86622.16964172572,,
Region_01,2023-10-23,App_Install_Ads,1402.0662436286584,87693.23349475028,,
Region_01,2023-10-30,App_Install_Ads,1483.8473910700502,80190.69135754887,,
Region_01,2023-11-06,App_Install_Ads,1611.965437582566,84591.71474823063,,
Region_01,2023-11-13,App_Install_Ads,1591.7596126984772,94455.2909285289,,
Region_01,2023-11-20,App_Install_Ads,1580.473750709577,105030.27789540781,,
Region_01,2023-11-27,App_Install_Ads,1621.4471245258242,106076.6883897681,,
Region_01,2023-12-04,App_Install_Ads,1761.7567647339142,108955.60516296384,,
Region_01,2023-12-11,App_Install_Ads,1880.4861880942585,84077.95555687636,,
Region_01,2023-12-18,App_Install_Ads,1567.142938174961,92845.98456966161,,
Region_01,2023-12-25,App_Install_Ads,1412.722037667699,81660.8280914438,,
Region_02,2021-01-04,App_Install_Ads,1632.266697359636,98258.18146743526,,
Region_02,2021-01-11,App_Install_Ads,1546.0808727585556,85171.53471797626,,
Region_02,2021-01-18,App_Install_Ads,1530.0493606655373,91206.37695329695,,
Region_02,2021-01-25,App_Install_Ads,1528.4328961644235,89013.4276452197,,
Region_02,2021-02-01,App_Install_Ads,1567.4210937892276,128092.23678469688,,
Region_02,2021-02-08,App_Install_Ads,1543.5318798503397,103111.2298789282,,
Region_02,2021-02-15,App_Install_Ads,1577.0923075528756,96293.23396933396,,
Region_02,2021-02-22,App_Install_Ads,1537.56747798674,95254.79750405988,,
Region_02,2021-03-01,App_Install_Ads,1476.6512804727208,90833.74263198242,,
Region_02,2021-03-08,App_Install_Ads,1440.092644840822,91355.02450474257,,
Region_02,2021-03-15,App_Install_Ads,1413.850818904518,84509.54628775187,,
Region_02,2021-03-22,App_Install_Ads,1478.44790508613,91870.59572636893,,
Region_02,2021-03-29,App_Install_Ads,1428.3068758099273,98551.65308384904,,
Region_02,2021-04-05,App_Install_Ads,1295.3946680505628,87649.03405509988,,
Region_02,2021-04-12,App_Install_Ads,1348.5028558844822,86585.48301286373,,
Region_02,2021-04-19,App_Install_Ads,1294.4442118669413,92094.08826098517,,
Region_02,2021-04-26,App_Install_Ads,1305.2965759670974,83103.05263906714,,
Region_02,2021-05-03,App_Install_Ads,1294.0844701569376,73004.32351665419,,
Region_02,2021-05-10,App_Install_Ads,1269.4282764225163,66317.79471417764,,
Region_02,2021-05-17,App_Install_Ads,1224.5426711354057,71090.44530999487,,
Region_02,2021-05-24,App_Install_Ads,1160.8514547225764,71808.7239793062,,
Region_02,2021-05-31,App_Install_Ads,1319.2009165177087,85465.62408518301,,
Region_02,2021-06-07,App_Install_Ads,1382.6928623374042,95892.17881384373,,
Region_02,2021-06-14,App_Install_Ads,1250.0281933562258,73459.62901493242,,
Region_02,2021-06-21,App_Install_Ads,1337.624262157165,76804.3012470473,,
Region_02,2021-06-28,App_Install_Ads,1280.9960172888157,86153.87721570447,,
Region_02,2021-07-05,App_Install_Ads,1322.3771904218252,92634.43090367134,,
Region_02,2021-07-12,App_Install_Ads,1254.620854353074,74446.3558833378,,
Region_02,2021-07-19,App_Install_Ads,1289.513417688787,83035.36064668634,,
Region_02,2021-07-26,App_Install_Ads,1296.697741537231,92659.33668714114,,
Region_02,2021-08-02,App_Install_Ads,1162.1314719775594,74707.147832107,,
Region_02,2021-08-09,App_Install_Ads,1316.5638161265802,81506.85384328918,,
Region_02,2021-08-16,App_Install_Ads,1294.0743074978363,65397.14160082097,,
Region_02,2021-08-23,App_Install_Ads,1155.6803361350921,82170.47565704766,,
Region_02,2021-08-30,App_Install_Ads,1344.188816244515,89258.10722219884,,
Region_02,2021-09-06,App_Install_Ads,1301.4811973334247,82045.54373293126,,
Region_02,2021-09-13,App_Install_Ads,1318.6990840242997,78348.6032433592,,
Region_02,2021-09-20,App_Install_Ads,1333.3451884707886,73248.17642267187,,
Region_02,2021-09-27,App_Install_Ads,1292.612832945622,79664.7867205732,,
Region_02,2021-10-04,App_Install_Ads,1266.0102119799435,77969.54813611823,,
Region_02,2021-10-11,App_Install_Ads,1327.7075147215921,92265.09713766574,,
Region_02,2021-10-18,App_Install_Ads,1361.8089721654017,75072.59825118014,,
Region_02,2021-10-25,App_Install_Ads,1597.765302362582,114927.91667515083,,
Region_02,2021-11-01,App_Install_Ads,1629.7472559537757,101808.65998949189,,
Region_02,2021-11-08,App_Install_Ads,1516.7775603992848,106352.88067422979,,
Region_02,2021-11-15,App_Install_Ads,1582.8264578844653,89398.98885155581,,
Region_02,2021-11-22,App_Install_Ads,1694.0989733713511,109187.59019757278,,
Region_02,2021-11-29,App_Install_Ads,1751.0091127196836,123188.89361748318,,
Region_02,2021-12-06,App_Install_Ads,1659.801065086175,104517.66676444546,,
Region_02,2021-12-13,App_Install_Ads,1622.4452301794752,87156.07632522602,,
Region_02,2021-12-20,App_Install_Ads,1829.356577856071,110169.99268777609,,
Region_02,2021-12-27,App_Install_Ads,1696.5717300237175,111435.07527589201,,
Region_02,2022-01-03,App_Install_Ads,1437.2851094059133,77761.71607282916,,
Region_02,2022-01-10,App_Install_Ads,1382.4799859265918,74457.75828137722,,
Region_02,2022-01-17,App_Install_Ads,1480.5934375895986,94366.32124164213,,
Region_02,2022-01-24,App_Install_Ads,1581.5335218441683,89503.53417643318,,
Region_02,2022-01-31,App_Install_Ads,1615.1852875910347,107647.31250295138,,
Region_02,2022-02-07,App_Install_Ads,1538.3224777359217,85115.66890388294,,
Region_02,2022-02-14,App_Install_Ads,1423.4270759432459,73714.5560211964,,
Region_02,2022-02-21,App_Install_Ads,1519.3213138217504,87498.12066813608,,
Region_02,2022-02-28,App_Install_Ads,1504.774818133612,108788.18314649201,,
Region_02,2022-03-07,App_Install_Ads,1419.5791011516515,81045.49929494016,,
Region_02,2022-03-14,App_Install_Ads,1349.3592522773024,83952.89188266195,,
Region_02,2022-03-21,App_Install_Ads,1389.8102608184909,88683.03537713712,,
Region_02,2022-03-28,App_Install_Ads,1325.0398216198091,74998.20215002385,,
Region_02,2022-04-04,App_Install_Ads,1243.3167398771832,86346.14410731342,,
Region_02,2022-04-11,App_Install_Ads,1308.4897253580414,82917.34875242804,,
Region_02,2022-04-18,App_Install_Ads,1217.3382356626043,79243.75843690432,,
Region_02,2022-04-25,App_Install_Ads,1354.5829221492077,71249.52551422613,,
Region_02,2022-05-02,App_Install_Ads,1320.370876107103,68980.3653490432,,
Region_02,2022-05-09,App_Install_Ads,1228.616616836114,58037.81009934635,,
Region_02,2022-05-16,App_Install_Ads,1302.1303444780438,79540.82351762406,,
Region_02,2022-05-23,App_Install_Ads,1369.0130209905196,83296.37442348855,,
Region_02,2022-05-30,App_Install_Ads,1160.451220830691,77677.6137881875,,
Region_02,2022-06-06,App_Install_Ads,1278.8074397631306,92393.64364725337,,
Region_02,2022-06-13,App_Install_Ads,1394.451103169747,84642.60412886973,,
Region_02,2022-06-20,App_Install_Ads,1193.277060462646,72322.51208676481,,
Region_02,2022-06-27,App_Install_Ads,1276.0495869956937,83117.10053830736,,
Region_02,2022-07-04,App_Install_Ads,1199.9915853299876,87080.36272286011,,
Region_02,2022-07-11,App_Install_Ads,1281.5717407284574,73478.15685269117,,
Region_02,2022-07-18,App_Install_Ads,1143.6162202970702,75813.3794592564,,
Region_02,2022-07-25,App_Install_Ads,1187.4535252849043,72130.81322273026,,
Region_02,2022-08-01,App_Install_Ads,1251.5760074013133,75362.533927626,,
Region_02,2022-08-08,App_Install_Ads,1293.1534232426009,87367.73854538212,,
Region_02,2022-08-15,App_Install_Ads,1308.1334548378877,75254.35554775769,,
Region_02,2022-08-22,App_Install_Ads,1311.0134548124465,73350.38116850762,,
Region_02,2022-08-29,App_Install_Ads,1358.3173262797302,90407.77190137227,,
Region_02,2022-09-05,App_Install_Ads,1329.6983843702353,82590.80675386834,,
Region_02,2022-09-12,App_Install_Ads,1334.553771806186,80938.58501486387,,
Region_02,2022-09-19,App_Install_Ads,1231.5446861483663,75671.73914658764,,
Region_02,2022-09-26,App_Install_Ads,1290.381369172272,84451.120737291,,
Region_02,2022-10-03,App_Install_Ads,1535.905431639963,92164.9313777402,,
Region_02,2022-10-10,App_Install_Ads,1494.1457726427489,100454.94016920244,,
Region_02,2022-10-17,App_Install_Ads,1427.3291878031803,92646.70065008778,,
Region_02,2022-10-24,App_Install_Ads,1467.3277796351201,105988.44908875371,,
Region_02,2022-10-31,App_Install_Ads,1542.8132609296995,109057.01348710436,,
Region_02,2022-11-07,App_Install_Ads,1501.2622114800135,101867.99100132486,,
Region_02,2022-11-14,App_Install_Ads,1752.3953385558416,106939.3699758557,,
Region_02,2022-11-21,App_Install_Ads,1614.6531969305106,101752.82421379274,,
Region_02,2022-11-28,App_Install_Ads,1673.3354895395858,98206.21467248829,,
Region_02,2022-12-05,App_Install_Ads,1882.7192270475489,155975.95096787487,,
Region_02,2022-12-12,App_Install_Ads,1516.4401599835835,92370.05114941526,,
Region_02,2022-12-19,App_Install_Ads,1672.2768645420072,110107.7154960411,,
Region_02,2022-12-26,App_Install_Ads,1460.9331883023779,104245.49764479142,,
Region_02,2023-01-02,App_Install_Ads,1479.7952638109543,80414.62189685092,,
Region_02,2023-01-09,App_Install_Ads,1478.2073887191234,84764.50422724304,,
Region_02,2023-01-16,App_Install_Ads,1493.5925672666078,89423.66852404053,,
Region_02,2023-01-23,App_Install_Ads,1556.3065427347424,87752.63340948212,,
Region_02,2023-01-30,App_Install_Ads,1493.7856044142493,81953.80525722346,,
Region_02,2023-02-06,App_Install_Ads,1534.463055201105,90762.31531995526,,
Region_02,2023-02-13,App_Install_Ads,1432.0363026737634,101515.93515036952,,
Region_02,2023-02-20,App_Install_Ads,1454.538079407079,97413.71867486564,,
Region_02,2023-02-27,App_Install_Ads,1346.3188999156073,84158.71527496017,,
Region_02,2023-03-06,App_Install_Ads,1445.9782271821255,90331.17393187927,,
Region_02,2023-03-13,App_Install_Ads,1279.0299305226583,67477.28142774,,
Region_02,2023-03-20,App_Install_Ads,1379.2399295428177,92122.01937251567,,
Region_02,2023-03-27,App_Install_Ads,1283.9790629161425,83471.92662199988,,
Region_02,2023-04-03,App_Install_Ads,1275.546625081137,71309.82105051276,,
Region_02,2023-04-10,App_Install_Ads,1361.4780489954676,86592.85285741012,,
Region_02,2023-04-17,App_Install_Ads,1285.3085149197448,78546.2211724448,,
Region_02,2023-04-24,App_Install_Ads,1161.3034042864872,68694.69769208033,,
Region_02,2023-05-01,App_Install_Ads,1304.661729470813,73626.37268094177,,
Region_02,2023-05-08,App_Install_Ads,1102.3403155616727,64189.393058352696,,
Region_02,2023-05-15,App_Install_Ads,1287.9428102946881,73020.30448828562,,
Region_02,2023-05-22,App_Install_Ads,1245.7439380684789,81280.20339801855,,
Region_02,2023-05-29,App_Install_Ads,1185.486283319065,76609.47150457957,,
Region_02,2023-06-05,App_Install_Ads,1274.8006419380383,82029.5823766818,,
Region_02,2023-06-12,App_Install_Ads,1250.33915684852,76494.78388097209,,
Region_02,2023-06-19,App_Install_Ads,1401.2815564156133,83819.38231598707,,
Region_02,2023-06-26,App_Install_Ads,1241.646796688338,94898.75362567279,,
Region_02,2023-07-03,App_Install_Ads,1396.215766119036,72211.56324109333,,
Region_02,2023-07-10,App_Install_Ads,1357.8339198756933,95361.17659170805,,
Region_02,2023-07-17,App_Install_Ads,1230.0950913708457,79406.23612327261,,
Region_02,2023-07-24,App_Install_Ads,1217.3382665558229,76378.61581928901,,
Region_02,2023-07-31,App_Install_Ads,1352.6479837185168,80100.80639157044,,
Region_02,2023-08-07,App_Install_Ads,1258.3295303016798,76710.2369149413,,
Region_02,2023-08-14,App_Install_Ads,1276.6341679929521,70650.82991599893,,
Region_02,2023-08-21,App_Install_Ads,1250.607023315821,67830.5899348509,,
Region_02,2023-08-28,App_Install_Ads,1193.0154561536567,73514.02758957543,,
Region_02,2023-09-04,App_Install_Ads,1244.3351611191704,65702.96673155647,,
Region_02,2023-09-11,App_Install_Ads,1210.6970296247935,82049.78823149636,,
Region_02,2023-09-18,App_Install_Ads,1181.0148204337288,82275.04487250133,,
Region_02,2023-09-25,App_Install_Ads,1263.8689698846292,55830.40979718246,,
Region_02,2023-10-02,App_Install_Ads,1416.510694870405,75574.41259081861,,
Region_02,2023-10-09,App_Install_Ads,1429.1407768238914,91515.81363155966,,
Region_02,2023-10-16,App_Install_Ads,1347.640034146101,85780.49679049132,,
Region_02,2023-10-23,App_Install_Ads,1405.1320898235815,88546.74575453719,,
Region_02,2023-10-30,App_Install_Ads,1487.0920650634737,96668.41520340265,,
Region_02,2023-11-06,App_Install_Ads,1615.4902625511565,108482.41883059857,,
Region_02,2023-11-13,App_Install_Ads,1595.2402543400547,108411.68239995628,,
Region_02,2023-11-20,App_Install_Ads,1583.9297139757975,118065.76745305187,,
Region_02,2023-11-27,App_Install_Ads,1624.9926827471895,101548.88214296698,,
Region_02,2023-12-04,App_Install_Ads,1765.6091328356954,119970.56568474251,,
Region_02,2023-12-11,App_Install_Ads,1884.5981774175684,99865.24380313476,,
Region_02,2023-12-18,App_Install_Ads,1570.5697514483977,96613.3595409877,,
Region_02,2023-12-25,App_Install_Ads,1415.8111844917878,78115.45155906204,,
Region_03,2021-01-04,App_Install_Ads,1208.1612849306018,86565.19902819881,,
Region_03,2021-01-11,App_Install_Ads,1144.3687829079358,90093.46280964185,,
Region_03,2021-01-18,App_Install_Ads,1132.502675315952,74522.393218621,,
Region_03,2021-01-25,App_Install_Ads,1131.3062104049977,61920.394073400166,,
Region_03,2021-02-01,App_Install_Ads,1160.1642585509944,71510.47725153969,,
Region_03,2021-02-08,App_Install_Ads,1142.4820847646417,71429.28153692423,,
Region_03,2021-02-15,App_Install_Ads,1167.322639020576,74228.96821599662,,
Region_03,2021-02-22,App_Install_Ads,1138.067389892152,79111.56101220031,,
Region_03,2021-03-01,App_Install_Ads,1092.9788075050496,74959.44625664139,,
Region_03,2021-03-08,App_Install_Ads,1065.9190578502953,50985.17073708727,,
Region_03,2021-03-15,App_Install_Ads,1046.4955419546297,74796.36848063221,,
Region_03,2021-03-22,App_Install_Ads,1094.308622237523,64920.268525866144,,
Region_03,2021-03-29,App_Install_Ads,1057.1955386611246,62327.96235235103,,
Region_03,2021-04-05,App_Install_Ads,958.8173851588379,68877.51350497741,,
Region_03,2021-04-12,App_Install_Ads,998.1266821980744,60591.75989715922,,
Region_03,2021-04-19,App_Install_Ads,958.1138822533801,52086.05092338312,,
Region_03,2021-04-26,App_Install_Ads,966.1465194302511,52759.78394262925,,
Region_03,2021-05-03,App_Install_Ads,957.8476108117682,60067.088909899736,,
Region_03,2021-05-10,App_Install_Ads,939.5977385624216,64149.10490666818,,
Region_03,2021-05-17,App_Install_Ads,906.3745829063731,65665.73218851762,,
Region_03,2021-05-24,App_Install_Ads,859.2320038262568,52667.42595571869,,
Region_03,2021-05-31,App_Install_Ads,976.4381500644561,58097.06568056348,,
Region_03,2021-06-07,App_Install_Ads,1023.4332342430107,75059.0991328346,,
Region_03,2021-06-14,App_Install_Ads,925.2383024953596,55111.363678091984,,
Region_03,2021-06-21,App_Install_Ads,990.0746305345235,71425.44259034086,,
Region_03,2021-06-28,App_Install_Ads,948.1598789843144,60524.728890555896,,
Region_03,2021-07-05,App_Install_Ads,978.789145258744,62497.710817403386,,
Region_03,2021-07-12,App_Install_Ads,928.6376705154132,56558.95261973264,,
Region_03,2021-07-19,App_Install_Ads,954.4642368617026,61309.132325959785,,
Region_03,2021-07-26,App_Install_Ads,959.781886205486,57132.360719337215,,
Region_03,2021-08-02,App_Install_Ads,860.1794392508814,50116.32328659954,,
Region_03,2021-08-09,App_Install_Ads,974.4862370577209,59949.46701158323,,
Region_03,2021-08-16,App_Install_Ads,957.840088676263,55967.87938354424,,
Region_03,2021-08-23,App_Install_Ads,855.4044765678194,54987.82537811196,,
Region_03,2021-08-30,App_Install_Ads,994.9335424476311,62572.820268931835,,
Region_03,2021-09-06,App_Install_Ads,963.3224755653537,58515.821653167135,,
Region_03,2021-09-13,App_Install_Ads,976.0667067267725,59662.012498011965,,
Region_03,2021-09-20,App_Install_Ads,986.9073716719811,60150.78191252848,,
Region_03,2021-09-27,App_Install_Ads,956.7583432876246,70992.0719177616,,
Region_03,2021-10-04,App_Install_Ads,937.0677763107902,58379.4965951535,,
Region_03,2021-10-11,App_Install_Ads,982.7345124377232,57747.43134199713,,
Region_03,2021-10-18,App_Install_Ads,1007.9755228130281,61022.85346007302,,
Region_03,2021-10-25,App_Install_Ads,1182.624251197716,78794.67716532563,,
Region_03,2021-11-01,App_Install_Ads,1206.296460039464,73727.48323952677,,
Region_03,2021-11-08,App_Install_Ads,1122.6792345210406,68959.15379813832,,
Region_03,2021-11-15,App_Install_Ads,1171.5669077076752,71206.2474369394,,
Region_03,2021-11-22,App_Install_Ads,1253.927924755661,79487.45099117846,,
Region_03,2021-11-29,App_Install_Ads,1296.0513272559276,84034.36741864911,,
Region_03,2021-12-06,App_Install_Ads,1228.5415065855914,80079.97015380698,,
Region_03,2021-12-13,App_Install_Ads,1200.8916907965788,63584.700727749514,,
Region_03,2021-12-20,App_Install_Ads,1354.0420798108564,75885.81150257358,,
Region_03,2021-12-27,App_Install_Ads,1255.758194808512,60208.802027472935,,
Region_03,2022-01-03,App_Install_Ads,1063.840993264395,71865.9750543202,,
Region_03,2022-01-10,App_Install_Ads,1023.2756686696675,71278.0399680342,,
Region_03,2022-01-17,App_Install_Ads,1095.8966895003325,77815.3431703769,,
Region_03,2022-01-24,App_Install_Ads,1170.6099101347265,74044.48353142558,,
Region_03,2022-01-31,App_Install_Ads,1195.5180704314994,83613.10133873193,,
Region_03,2022-02-07,App_Install_Ads,1138.6262210369455,70731.24438165114,,
Region_03,2022-02-14,App_Install_Ads,1053.5836379302755,64902.74018392717,,
Region_03,2022-02-21,App_Install_Ads,1124.5620545334834,60108.923529343054,,
Region_03,2022-02-28,App_Install_Ads,1113.7951173961594,64221.7211146091,,
Region_03,2022-03-07,App_Install_Ads,1050.7354672384922,61750.52054946028,,
Region_03,2022-03-14,App_Install_Ads,998.7605644968638,68258.68526222926,,
Region_03,2022-03-21,App_Install_Ads,1028.701347173442,75703.88587020428,,
Region_03,2022-03-28,App_Install_Ads,980.759955503575,58351.381080415806,,
Region_03,2022-04-04,App_Install_Ads,920.2706594796022,59555.03427830429,,
Region_03,2022-04-11,App_Install_Ads,968.510005420242,62074.346742915586,,
Region_03,2022-04-18,App_Install_Ads,901.0420474621963,51999.872062603834,,
Region_03,2022-04-25,App_Install_Ads,1002.6269888469429,52633.856070762195,,
Region_03,2022-05-02,App_Install_Ads,977.3041236722777,56516.49135212704,,
Region_03,2022-05-09,App_Install_Ads,909.3900113779989,49114.22927046883,,
Region_03,2022-05-16,App_Install_Ads,963.8029573699636,58223.17177877343,,
Region_03,2022-05-23,App_Install_Ads,1013.3077720706626,62287.41888247351,,
Region_03,2022-05-30,App_Install_Ads,858.9357611265342,52590.54357276091,,
Region_03,2022-06-06,App_Install_Ads,946.5399509174858,58027.229844544825,,
Region_03,2022-06-13,App_Install_Ads,1032.1363777767888,67529.13939135023,,
Region_03,2022-06-20,App_Install_Ads,883.232592430402,50169.00592142368,,
Region_03,2022-06-27,App_Install_Ads,944.498660147696,64342.536711789784,,
Region_03,2022-07-04,App_Install_Ads,888.2025088077614,46855.42387005162,,
Region_03,2022-07-11,App_Install_Ads,948.5860144753634,59502.79695929808,,
Region_03,2022-07-18,App_Install_Ads,846.4749323236138,54855.52964282681,,
Region_03,2022-07-25,App_Install_Ads,878.9221634088701,50623.91431402161,,
Region_03,2022-08-01,App_Install_Ads,926.3839541272722,49245.39444997489,,
Region_03,2022-08-08,App_Install_Ads,957.1584741417771,63591.023944143395,,
Region_03,2022-08-15,App_Install_Ads,968.2463032629241,56428.18965863416,,
Region_03,2022-08-22,App_Install_Ads,970.3780042131987,65396.24705488991,,
Region_03,2022-08-29,App_Install_Ads,1005.3910974941882,67664.68282407949,,
Region_03,2022-09-05,App_Install_Ads,984.2081022847287,61310.96289513318,,
Region_03,2022-09-12,App_Install_Ads,987.8019335703532,61560.863670999584,,
Region_03,2022-09-19,App_Install_Ads,911.557291999713,62702.737297418316,,
Region_03,2022-09-26,App_Install_Ads,955.1066719375641,61811.04314076198,,
Region_03,2022-10-03,App_Install_Ads,1136.837186486554,64557.23016442063,,
Region_03,2022-10-10,App_Install_Ads,1105.9277748359027,70095.94504041324,,
Region_03,2022-10-17,App_Install_Ads,1056.4718794696435,69590.67527145112,,
Region_03,2022-10-24,App_Install_Ads,1086.077795084574,69076.8181189142,,
Region_03,2022-10-31,App_Install_Ads,1141.950181761327,72534.75836943978,,
Region_03,2022-11-07,App_Install_Ads,1111.195177462978,68249.43163923942,,
Region_03,2022-11-14,App_Install_Ads,1297.0773755053503,79896.45451406194,,
Region_03,2022-11-21,App_Install_Ads,1195.1242307868147,67859.4432562784,,
Region_03,2022-11-28,App_Install_Ads,1238.5593349618484,66936.46016264238,,
Region_03,2022-12-05,App_Install_Ads,1393.5397225176303,97171.1329907141,,
Region_03,2022-12-12,App_Install_Ads,1122.4294995234272,65659.42338486842,,
Region_03,2022-12-19,App_Install_Ads,1237.775768318356,78876.9417659641,,
Region_03,2022-12-26,App_Install_Ads,1081.344685174491,58037.202046729086,,
Region_03,2023-01-02,App_Install_Ads,1095.3059020637177,69354.72435589768,,
Region_03,2023-01-09,App_Install_Ads,1094.130598288692,62800.132939376614,,
Region_03,2023-01-16,App_Install_Ads,1105.5183066288075,92601.8320432554,,
Region_03,2023-01-23,App_Install_Ads,1151.937557421127,64873.58158206747,,
Region_03,2023-01-30,App_Install_Ads,1105.6611876964118,62597.684804508295,,
Region_03,2023-02-06,App_Install_Ads,1135.7695770238704,77756.85159172141,,
Region_03,2023-02-13,App_Install_Ads,1059.955963265238,73983.92621760626,,
Region_03,2023-02-20,App_Install_Ads,1076.6111921780869,54409.27681721935,,
Region_03,2023-02-27,App_Install_Ads,996.5101748871945,63704.555478439695,,
Region_03,2023-03-06,App_Install_Ads,1070.2754125658184,72801.01129425,,
Region_03,2023-03-13,App_Install_Ads,946.7046327812716,52239.72843646119,,
Region_03,2023-03-20,App_Install_Ads,1020.877463345623,68105.21484994513,,
Region_03,2023-03-27,App_Install_Ads,950.3678516421819,56204.75027668779,,
Region_03,2023-04-03,App_Install_Ads,944.126380841903,53280.15861305015,,
Region_03,2023-04-10,App_Install_Ads,1007.7305821039837,60652.556583145146,,
Region_03,2023-04-17,App_Install_Ads,951.351877379841,56631.02386489954,,
Region_03,2023-04-24,App_Install_Ads,859.5665251190953,46655.266424245274,,
Region_03,2023-05-01,App_Install_Ads,965.6766225929723,75180.03263692986,,
Region_03,2023-05-08,App_Install_Ads,815.9235829746028,48599.95656480143,,
Region_03,2023-05-15,App_Install_Ads,953.3017141866732,55161.63017796318,,
Region_03,2023-05-22,App_Install_Ads,922.0672083464759,62557.29289653725,,
Region_03,2023-05-29,App_Install_Ads,877.4660621571186,54292.24019889179,,
Region_03,2023-06-05,App_Install_Ads,943.574223554028,67140.48866019618,,
Region_03,2023-06-12,App_Install_Ads,925.4684695710123,56164.67842303533,,
Region_03,2023-06-19,App_Install_Ads,1037.1921013197205,66935.81464665131,,
Region_03,2023-06-26,App_Install_Ads,919.0346110372368,57807.36940793579,,
Region_03,2023-07-03,App_Install_Ads,1033.4425353181584,65479.54928486438,,
Region_03,2023-07-10,App_Install_Ads,1005.0332926678141,61351.12139239927,,
Region_03,2023-07-17,App_Install_Ads,910.4843397108064,56156.18197976742,,
Region_03,2023-07-24,App_Install_Ads,901.0420703285521,66325.84564234423,,
Region_03,2023-07-31,App_Install_Ads,1001.1947978303235,58316.44229953537,,
Region_03,2023-08-07,App_Install_Ads,931.3827358326844,54977.683670226514,,
Region_03,2023-08-14,App_Install_Ads,944.9313517721323,56911.586579002615,,
Region_03,2023-08-21,App_Install_Ads,925.6667373515456,61049.10096946934,,
Region_03,2023-08-28,App_Install_Ads,883.0389597363068,57266.51886328914,,
Region_03,2023-09-04,App_Install_Ads,921.0244683506097,62981.96769252788,,
Region_03,2023-09-11,App_Install_Ads,896.1263997723247,48889.42463444263,,
Region_03,2023-09-18,App_Install_Ads,874.1564018217051,55897.292702330684,,
Region_03,2023-09-25,App_Install_Ads,935.4828846963213,57287.5768881265,,
Region_03,2023-10-02,App_Install_Ads,1048.4643128484427,63508.45701212554,,
Region_03,2023-10-09,App_Install_Ads,1057.8127704665433,67002.68774746897,,
Region_03,2023-10-16,App_Install_Ads,997.4880440258966,51130.55047944458,,
Region_03,2023-10-23,App_Install_Ads,1040.0421658326852,66594.77410027728,,
Region_03,2023-10-30,App_Install_Ads,1100.706804251692,69585.66792905978,,
Region_03,2023-11-06,App_Install_Ads,1195.7438049516538,64672.52725130833,,
Region_03,2023-11-13,App_Install_Ads,1180.755276434987,72892.82016329377,,
Region_03,2023-11-20,App_Install_Ads,1172.383509124017,85198.92171691988,,
Region_03,2023-11-27,App_Install_Ads,1202.777248819963,72126.78472617285,,
Region_03,2023-12-04,App_Install_Ads,1306.8578817803243,86375.43626449225,,
Region_03,2023-12-11,App_Install_Ads,1394.9304726303635,85009.1798178605,,
Region_03,2023-12-18,App_Install_Ads,1162.4948129202426,66844.94244532216,,
Region_03,2023-12-25,App_Install_Ads,1047.9465534901103,59610.89218868512,,
Region_04,2021-01-04,App_Install_Ads,1038.330544619405,62208.97902662285,,
Region_04,2021-01-11,App_Install_Ads,983.5053286536129,69723.4379618703,,
Region_04,2021-01-18,App_Install_Ads,973.3072349783923,65768.22798361284,,
Region_04,2021-01-25,App_Install_Ads,972.2789566532176,56497.52151057991,,
Region_04,2021-02-01,App_Install_Ads,997.0804407115378,68602.02991407689,,
Region_04,2021-02-08,App_Install_Ads,981.8838429007636,60421.35186942387,,
Region_04,2021-02-15,App_Install_Ads,1003.2325705507259,58384.227548888266,,
Region_04,2021-02-22,App_Install_Ads,978.089719890487,63611.21142472613,,
Region_04,2021-03-01,App_Install_Ads,939.339221186329,53484.286061327264,,
Region_04,2021-03-08,App_Install_Ads,916.0832495319321,48868.82188514107,,
Region_04,2021-03-15,App_Install_Ads,899.3900893637278,63717.44430891385,,
Region_04,2021-03-22,App_Install_Ads,940.4821044028619,48911.251961379785,,
Region_04,2021-03-29,App_Install_Ads,908.5859918862282,59746.091386132655,,
Region_04,2021-04-05,App_Install_Ads,824.036815398961,44160.37662953439,,
Region_04,2021-04-12,App_Install_Ads,857.8204205454387,53307.73261207019,,
Region_04,2021-04-19,App_Install_Ads,823.4322036107201,50324.034774571475,,
Region_04,2021-04-26,App_Install_Ads,830.3356962475245,49547.40528622169,,
Region_04,2021-05-03,App_Install_Ads,823.2033618373295,41325.07618257523,,
Region_04,2021-05-10,App_Install_Ads,807.5188667055498,49789.7383669298,,
Region_04,2021-05-17,App_Install_Ads,778.9658765240266,48372.83476937569,,
Region_04,2021-05-24,App_Install_Ads,738.4501106063724,42114.241192781825,,
Region_04,2021-05-31,App_Install_Ads,839.180636550383,51954.51692824293,,
Region_04,2021-06-07,App_Install_Ads,879.5696408647832,60479.52694691355,,
Region_04,2021-06-14,App_Install_Ads,795.177930724642,46164.807225592805,,
Region_04,2021-06-21,App_Install_Ads,850.9002425084486,54402.702754665275,,
Region_04,2021-06-28,App_Install_Ads,814.8774305316391,45333.73822765071,,
Region_04,2021-07-05,App_Install_Ads,841.2011533066559,54452.55109213144,,
Region_04,2021-07-12,App_Install_Ads,798.0994509650681,52994.21182167346,,
Region_04,2021-07-19,App_Install_Ads,820.29558738698,65335.64090909779,,
Region_04,2021-07-26,App_Install_Ads,824.8657369258659,56230.47574855256,,
Region_04,2021-08-02,App_Install_Ads,739.2643654187988,48097.15579076891,,
Region_04,2021-08-09,App_Install_Ads,837.5031031609155,60003.75158724758,,
Region_04,2021-08-16,App_Install_Ads,823.1968970853521,46517.5480274012,,
Region_04,2021-08-23,App_Install_Ads,735.1606172975157,50947.13910850234,,
Region_04,2021-08-30,App_Install_Ads,855.0761391506626,50514.25254388389,,
Region_04,2021-09-06,App_Install_Ads,827.9086270798211,48552.94386266374,,
Region_04,2021-09-13,App_Install_Ads,838.8614068515647,58270.430196232315,,
Region_04,2021-09-20,App_Install_Ads,848.1782039356904,54115.907822899,,
Region_04,2021-09-27,App_Install_Ads,822.2672122059124,58431.772209435876,,
Region_04,2021-10-04,App_Install_Ads,805.3445402183758,43523.67398090684,,
Region_04,2021-10-11,App_Install_Ads,844.5919218263642,54095.77604679371,,
Region_04,2021-10-18,App_Install_Ads,866.2848136419134,51285.82706383764,,
Region_04,2021-10-25,App_Install_Ads,1016.3832413292201,61709.154523069774,,
Region_04,2021-11-01,App_Install_Ads,1036.727857404555,53564.86307307801,,
Region_04,2021-11-08,App_Install_Ads,964.86467125959,65992.24078682697,,
Region_04,2021-11-15,App_Install_Ads,1006.8802241151589,64104.31989178549,,
Region_04,2021-11-22,App_Install_Ads,1077.6637865033174,60983.5064548712,,
Region_04,2021-11-29,App_Install_Ads,1113.8659194510196,60834.36768800923,,
Region_04,2021-12-06,App_Install_Ads,1055.8459268075578,60443.278989367354,,
Region_04,2021-12-13,App_Install_Ads,1032.0828343753412,73872.34416574075,,
Region_04,2021-12-20,App_Install_Ads,1163.7049355114516,71869.7437191737,,
Region_04,2021-12-27,App_Install_Ads,1079.2367762394408,65140.84164794423,,
Region_04,2022-01-03,App_Install_Ads,914.2972976394608,59869.9569476446,,
Region_04,2022-01-10,App_Install_Ads,879.4342242199831,54923.89643240131,,
Region_04,2022-01-17,App_Install_Ads,941.8469376966053,60113.28387468234,,
Region_04,2022-01-24,App_Install_Ads,1006.057751301708,67530.51536680858,,
Region_04,2022-01-31,App_Install_Ads,1027.464581638852,66228.08145941218,,
Region_04,2022-02-07,App_Install_Ads,978.5699963686037,66568.35653676541,,
Region_04,2022-02-14,App_Install_Ads,905.481814571699,50244.5626932607,,
Region_04,2022-02-21,App_Install_Ads,966.4828240288639,60683.47247223129,,
Region_04,2022-02-28,App_Install_Ads,957.2293908646628,57687.66685333591,,
Region_04,2022-03-07,App_Install_Ads,903.0340100753498,56950.55135766985,,
Region_04,2022-03-14,App_Install_Ads,858.3651982673671,53361.64724484361,,
Region_04,2022-03-21,App_Install_Ads,884.0972173037894,51840.45634036505,,
Region_04,2022-03-28,App_Install_Ads,842.894927557148,50838.67999102479,,
Region_04,2022-04-04,App_Install_Ads,790.9085872666428,54185.59449893947,,
Region_04,2022-04-11,App_Install_Ads,832.3669479734301,49216.54494003024,,
Region_04,2022-04-18,App_Install_Ads,774.3829334178233,42781.98075665023,,
Region_04,2022-04-25,App_Install_Ads,861.6881209195177,57030.8208978753,,
Region_04,2022-05-02,App_Install_Ads,839.9248806004537,57694.35094341411,,
Region_04,2022-05-09,App_Install_Ads,781.5574274421508,47524.45342994869,,
Region_04,2022-05-16,App_Install_Ads,828.3215677526296,52375.41676595736,,
Region_04,2022-05-23,App_Install_Ads,870.8675107907001,50090.16377436762,,
Region_04,2022-05-30,App_Install_Ads,738.1955106224307,45192.462267128976,,
Region_04,2022-06-06,App_Install_Ads,813.4852150941358,56632.64475249124,,
Region_04,2022-06-13,App_Install_Ads,887.0493870526836,59936.17004309197,,
Region_04,2022-06-20,App_Install_Ads,759.0769462344978,48106.00559406454,,
Region_04,2022-06-27,App_Install_Ads,811.7308677374049,49354.036399178025,,
Region_04,2022-07-04,App_Install_Ads,763.3482434885833,40642.64718260695,,
Region_04,2022-07-11,App_Install_Ads,815.2436643300742,52525.84678153666,,
Region_04,2022-07-18,App_Install_Ads,727.4862954549467,47534.61755118039,,
Region_04,2022-07-25,App_Install_Ads,755.372432466928,52329.460612667826,,
Region_04,2022-08-01,App_Install_Ads,796.1625385727376,60602.8226406648,,
Region_04,2022-08-08,App_Install_Ads,822.6110968286804,53328.453883375325,,
Region_04,2022-08-15,App_Install_Ads,832.1403143210856,57104.62972084678,,
Region_04,2022-08-22,App_Install_Ads,833.9723629360115,46710.87865582712,,
Region_04,2022-08-29,App_Install_Ads,864.0636799387311,60757.33793334401,,
Region_04,2022-09-05,App_Install_Ads,845.8583697480709,57545.97540286328,,
Region_04,2022-09-12,App_Install_Ads,848.9470176319393,60627.96390252468,,
Region_04,2022-09-19,App_Install_Ads,783.4200543085768,52304.39037670892,,
Region_04,2022-09-26,App_Install_Ads,820.8477156255869,53624.217315486254,,
Region_04,2022-10-03,App_Install_Ads,977.0324456771348,70571.39158447312,,
Region_04,2022-10-10,App_Install_Ads,950.4679574474615,55668.95969786647,,
Region_04,2022-10-17,App_Install_Ads,907.9640571728901,60444.19694256286,,
Region_04,2022-10-24,App_Install_Ads,933.4082812742881,64867.70859728872,,
Region_04,2022-10-31,App_Install_Ads,981.4267092862328,56816.290675238604,,
Region_04,2022-11-07,App_Install_Ads,954.9949234301656,53341.82366639022,,
Region_04,2022-11-14,App_Install_Ads,1114.7477365154439,72711.27999144484,,
Region_04,2022-11-21,App_Install_Ads,1027.1261038727966,65003.37799577038,,
Region_04,2022-11-28,App_Install_Ads,1064.4555531244782,70635.4528177097,,
Region_04,2022-12-05,App_Install_Ads,1197.6504106516045,79756.37816162001,,
Region_04,2022-12-12,App_Install_Ads,964.6500414089923,55974.47694780724,,
Region_04,2022-12-19,App_Install_Ads,1063.7821321252864,68760.37701470469,,
Region_04,2022-12-26,App_Install_Ads,929.3405026987128,64888.71870033076,,
Region_04,2023-01-02,App_Install_Ads,941.3391970096078,56873.28436649046,,
Region_04,2023-01-09,App_Install_Ads,940.3291052080932,57206.51519639317,,
Region_04,2023-01-16,App_Install_Ads,950.1160480196554,53242.75629348434,,
Region_04,2023-01-23,App_Install_Ads,990.0101636126593,67070.30805786193,,
Region_04,2023-01-30,App_Install_Ads,950.2388443537143,71914.605551109,,
Region_04,2023-02-06,App_Install_Ads,976.1149096422894,53434.67524364643,,
Region_04,2023-02-13,App_Install_Ads,910.9583847267543,61392.82312381912,,
Region_04,2023-02-20,App_Install_Ads,925.2723948871048,63222.13704867856,,
Region_04,2023-02-27,App_Install_Ads,856.4311450096117,50740.47409569377,,
Region_04,2023-03-06,App_Install_Ads,919.8272332373728,55505.083464018826,,
Region_04,2023-03-13,App_Install_Ads,813.626747695326,45980.56112088332,,
Region_04,2023-03-20,App_Install_Ads,877.3731336426871,50868.14108025623,,
Region_04,2023-03-27,App_Install_Ads,816.775029371251,51947.96442350267,,
Region_04,2023-04-03,App_Install_Ads,811.4109195821744,54116.08171830729,,
Region_04,2023-04-10,App_Install_Ads,866.074304148691,54825.892874145895,,
Region_04,2023-04-17,App_Install_Ads,817.6207310112947,55624.15392425316,,
Region_04,2023-04-24,App_Install_Ads,738.7376083771687,47171.19631685739,,
Region_04,2023-05-01,App_Install_Ads,829.9318526174958,46354.27545423613,,
Region_04,2023-05-08,App_Install_Ads,701.2295368548411,50566.74549879978,,
Region_04,2023-05-15,App_Install_Ads,819.2964800514349,57565.30389567943,,
Region_04,2023-05-22,App_Install_Ads,792.452595990183,46290.952820286264,,
Region_04,2023-05-29,App_Install_Ads,754.1210147757552,56115.45621231177,,
Region_04,2023-06-05,App_Install_Ads,810.9363788196239,53147.9944032328,,
Region_04,2023-06-12,App_Install_Ads,795.3757433081081,50445.95326623618,,
Region_04,2023-06-19,App_Install_Ads,891.3944295939854,67285.41416286417,,
Region_04,2023-06-26,App_Install_Ads,789.8462896509642,38768.79073321871,,
Region_04,2023-07-03,App_Install_Ads,888.1719385598418,47559.93989916538,,
Region_04,2023-07-10,App_Install_Ads,863.7561715912362,57970.89568369814,,
Region_04,2023-07-17,App_Install_Ads,782.4979264864168,47844.910995110884,,
Region_04,2023-07-24,App_Install_Ads,774.3829530698648,44224.18393199128,,
Region_04,2023-07-31,App_Install_Ads,860.457252411452,62425.26713301108,,
Region_04,2023-08-07,App_Install_Ads,800.4586435674546,52575.87572323859,,
Region_04,2023-08-14,App_Install_Ads,812.1027360762243,44917.78487670675,,
Region_04,2023-08-21,App_Install_Ads,795.5461406673924,46727.21557857882,,
Region_04,2023-08-28,App_Install_Ads,758.9105324094368,51625.08602816662,,
Region_04,2023-09-04,App_Install_Ads,791.556433531322,59016.7632161642,,
Region_04,2023-09-11,App_Install_Ads,770.1582763239034,39691.05545746271,,
Region_04,2023-09-18,App_Install_Ads,751.2765920472347,48231.12187745169,,
Region_04,2023-09-25,App_Install_Ads,803.9824361733776,48534.76346790605,,
Region_04,2023-10-02,App_Install_Ads,901.0821109339448,47618.51367186965,,
Region_04,2023-10-09,App_Install_Ads,909.116459667865,56050.613281014135,,
Region_04,2023-10-16,App_Install_Ads,857.2715554813092,45947.44706770958,,
Region_04,2023-10-23,App_Install_Ads,893.8438616978433,53156.89257745373,,
Region_04,2023-10-30,App_Install_Ads,945.9808965742461,69415.0953354671,,
Region_04,2023-11-06,App_Install_Ads,1027.6585847493432,67714.65256103635,,
Region_04,2023-11-13,App_Install_Ads,1014.7769875885402,68635.32131289018,,
Region_04,2023-11-20,App_Install_Ads,1007.5820362026202,66953.9861079125,,
Region_04,2023-11-27,App_Install_Ads,1033.7033402744723,67071.5317287328,,
Region_04,2023-12-04,App_Install_Ads,1123.1534010023097,77406.3962863499,,
Region_04,2023-12-11,App_Install_Ads,1198.8456635867842,67075.83714350582,,
Region_04,2023-12-18,App_Install_Ads,999.0833900012309,60472.363179829976,,
Region_04,2023-12-25,App_Install_Ads,900.637132797975,61361.78761410397,,
Region_05,2021-01-04,App_Install_Ads,1068.927690494535,62422.39769671159,,
Region_05,2021-01-11,App_Install_Ads,1012.4869050559641,60827.33465090598,,
Region_05,2021-01-18,App_Install_Ads,1001.9882976749243,70676.95827112127,,
Region_05,2021-01-25,App_Install_Ads,1000.9297184190117,72895.56829347058,,
Region_05,2021-02-01,App_Install_Ads,1026.462043566024,60675.36762181656,,
Region_05,2021-02-08,App_Install_Ads,1010.8176379522034,58541.92805129219,,
Region_05,2021-02-15,App_Install_Ads,1032.7954621240194,68570.24727496562,,
Region_05,2021-02-22,App_Install_Ads,1006.9117111085376,64844.61827225144,,
Region_05,2021-03-01,App_Install_Ads,967.0193268384304,56798.89378720042,,
Region_05,2021-03-08,App_Install_Ads,943.0780566913091,62700.559566541946,,
Region_05,2021-03-15,App_Install_Ads,925.8929885662117,61305.23992745281,,
Region_05,2021-03-22,App_Install_Ads,968.1958881208507,61218.200293272195,,
Region_05,2021-03-29,App_Install_Ads,935.3598725910789,78167.48463640756,,
Region_05,2021-04-05,App_Install_Ads,848.3192318008414,60768.788379875914,,
Region_05,2021-04-12,App_Install_Ads,883.0983599050236,59989.726929637014,,
Region_05,2021-04-19,App_Install_Ads,847.6968035328886,58772.54996385461,,
Region_05,2021-04-26,App_Install_Ads,854.8037257734455,71607.13728640965,,
Region_05,2021-05-03,App_Install_Ads,847.4612183335637,59186.98593362772,,
Region_05,2021-05-10,App_Install_Ads,831.3145382183877,48626.699214879,,
Region_05,2021-05-17,App_Install_Ads,801.9201589336715,51920.73932200881,,
Region_05,2021-05-24,App_Install_Ads,760.2104891995024,48045.82431549908,,
Region_05,2021-05-31,App_Install_Ads,863.9093055519562,51288.04258402822,,
Region_05,2021-06-07,App_Install_Ads,905.4884783181686,58282.22003379634,,
Region_05,2021-06-14,App_Install_Ads,818.6099440359561,52646.446908625825,,
Region_05,2021-06-21,App_Install_Ads,875.9742605849925,54672.140507962315,,
Region_05,2021-06-28,App_Install_Ads,838.8899415200997,50201.997833238,,
Region_05,2021-07-05,App_Install_Ads,865.9893621592479,58928.22856259437,,
Region_05,2021-07-12,App_Install_Ads,821.6175545695328,44119.44053989429,,
Region_05,2021-07-19,App_Install_Ads,844.4677586459934,57440.539202708016,,
Region_05,2021-07-26,App_Install_Ads,849.1725796850457,53343.659848871815,,
Region_05,2021-08-02,App_Install_Ads,761.0487381758339,49063.01603894494,,
Region_05,2021-08-09,App_Install_Ads,862.1823392202585,42901.636471792706,,
Region_05,2021-08-16,App_Install_Ads,847.4545630806323,62679.36579417841,,
Region_05,2021-08-23,App_Install_Ads,756.8240623012912,40108.75518210924,,
Region_05,2021-08-30,App_Install_Ads,880.273211026773,50771.5044896247,,
Region_05,2021-09-06,App_Install_Ads,852.3051366165074,56967.27205239419,,
Region_05,2021-09-13,App_Install_Ads,863.5806689087761,51083.20418269192,,
Region_05,2021-09-20,App_Install_Ads,873.172009972128,52663.60449462801,,
Region_05,2021-09-27,App_Install_Ads,846.4974825861627,42706.778162991664,,
Region_05,2021-10-04,App_Install_Ads,829.0761394711295,49863.219016849136,,
Region_05,2021-10-11,App_Install_Ads,869.4800486092954,55718.32267556567,,
Region_05,2021-10-18,App_Install_Ads,891.8121786508345,59819.33853471987,,
Region_05,2021-10-25,App_Install_Ads,1046.3336520737932,63858.5355961499,,
Region_05,2021-11-01,App_Install_Ads,1067.2777758772368,68443.48082300539,,
Region_05,2021-11-08,App_Install_Ads,993.2969515669272,65080.06565298013,,
Region_05,2021-11-15,App_Install_Ads,1036.5506034136197,60912.758707743604,,
Region_05,2021-11-22,App_Install_Ads,1109.4199900079282,64709.20359322314,,
Region_05,2021-11-29,App_Install_Ads,1146.6889142086968,87206.45540537854,,
Region_05,2021-12-06,App_Install_Ads,1086.9592095782523,62781.212613994765,,
Region_05,2021-12-13,App_Install_Ads,1062.4958750031453,75250.49364529998,,
Region_05,2021-12-20,App_Install_Ads,1197.996568221249,75729.03505784571,,
Region_05,2021-12-27,App_Install_Ads,1111.0393320320252,80563.73965119438,,
Region_05,2022-01-03,App_Install_Ads,941.2394770196945,55506.29490122313,,
Region_05,2022-01-10,App_Install_Ads,905.3490712650574,59789.83837694071,,
Region_05,2022-01-17,App_Install_Ads,969.6009398244254,62875.881010616555,,
Region_05,2022-01-24,App_Install_Ads,1035.703894271206,63591.225115996924,,
Region_05,2022-01-31,App_Install_Ads,1057.741533279003,68454.98014321728,,
Region_05,2022-02-07,App_Install_Ads,1007.4061401987851,58661.04945189527,,
Region_05,2022-02-14,App_Install_Ads,932.1642225113432,58063.15692319354,,
Region_05,2022-02-21,App_Install_Ads,994.9627874719677,60068.84841233675,,
Region_05,2022-02-28,App_Install_Ads,985.436677513428,66655.87364911633,,
Region_05,2022-03-07,App_Install_Ads,929.6442870046554,57847.06110408355,,
Region_05,2022-03-14,App_Install_Ads,883.6591909382157,48402.50175052992,,
Region_05,2022-03-21,App_Install_Ads,910.1494717287577,55097.02122304702,,
Region_05,2022-03-28,App_Install_Ads,867.7330479317408,53956.61463225145,,
Region_05,2022-04-04,App_Install_Ads,814.2147931216972,46789.21077949824,,
Region_05,2022-04-11,App_Install_Ads,856.8948336845406,61290.70905800667,,
Region_05,2022-04-18,App_Install_Ads,797.2021673311251,52074.516930686535,,
Region_05,2022-04-25,App_Install_Ads,887.0800322634195,60488.04782700551,,
Region_05,2022-05-02,App_Install_Ads,864.6754807143155,50369.56665760297,,
Region_05,2022-05-09,App_Install_Ads,804.5880767292756,48578.590041586096,,
Region_05,2022-05-16,App_Install_Ads,852.7302456744887,59097.91506723676,,
Region_05,2022-05-23,App_Install_Ads,896.5299170481808,48913.31054130648,,
Region_05,2022-05-30,App_Install_Ads,759.9483867560704,49462.08685728267,,
Region_05,2022-06-06,App_Install_Ads,837.4567007857372,53041.48283568125,,
Region_05,2022-06-13,App_Install_Ads,913.1886349393421,54589.17833551244,,
Region_05,2022-06-20,App_Install_Ads,781.4451488986103,49498.425548543164,,
Region_05,2022-06-27,App_Install_Ads,835.6506569607982,47211.13402274107,,
Region_05,2022-07-04,App_Install_Ads,785.8423111827063,50436.265307673486,,
Region_05,2022-07-11,App_Install_Ads,839.2669673625649,46764.09070697845,,
Region_05,2022-07-18,App_Install_Ads,748.9235963410069,41485.693353299815,,
Region_05,2022-07-25,App_Install_Ads,777.6314718701403,56002.34197134542,,
Region_05,2022-08-01,App_Install_Ads,819.6235659490949,48036.00342897416,,
Region_05,2022-08-08,App_Install_Ads,846.8515006756014,43207.51448157184,,
Region_05,2022-08-15,App_Install_Ads,856.6615216743678,59180.38209409846,,
Region_05,2022-08-22,App_Install_Ads,858.5475564298456,49967.5434307861,,
Region_05,2022-08-29,App_Install_Ads,889.5255933895944,39522.431803380816,,
Region_05,2022-09-05,App_Install_Ads,870.7838157565651,54363.26467967795,,
Region_05,2022-09-12,App_Install_Ads,873.9634787900402,60101.8928816077,,
Region_05,2022-09-19,App_Install_Ads,806.5055908050189,52415.72407795129,,
Region_05,2022-09-26,App_Install_Ads,845.0361567982092,62817.13378232912,,
Region_05,2022-10-03,App_Install_Ads,1005.8232815241878,62378.590938205285,,
Region_05,2022-10-10,App_Install_Ads,978.4760006417572,65155.25374681225,,
Region_05,2022-10-17,App_Install_Ads,934.7196109323886,53157.36993966446,,
Region_05,2022-10-24,App_Install_Ads,960.9136161517015,61308.69751367324,,
Region_05,2022-10-31,App_Install_Ads,1010.3470336910076,73735.01545133378,,
Region_05,2022-11-07,App_Install_Ads,983.1363656073403,64863.32854831814,,
Region_05,2022-11-14,App_Install_Ads,1147.5967163368323,73216.33940540683,,
Region_05,2022-11-21,App_Install_Ads,1057.393081373559,54670.14317137597,,
Region_05,2022-11-28,App_Install_Ads,1095.8225412240915,66303.29835732166,,
Region_05,2022-12-05,App_Install_Ads,1232.9423362450566,68204.89162433337,,
Region_05,2022-12-12,App_Install_Ads,993.0759970821539,67304.98211327105,,
Region_05,2022-12-19,App_Install_Ads,1095.1292761004497,63945.203113706346,,
Region_05,2022-12-26,App_Install_Ads,956.7259697603237,62246.91140338722,,
Region_05,2023-01-02,App_Install_Ads,969.0782372200044,55141.376415515835,,
Region_05,2023-01-09,App_Install_Ads,968.0383804015996,73172.76531485334,,
Region_05,2023-01-16,App_Install_Ads,978.1137212752516,54726.525441611186,,
Region_05,2023-01-23,App_Install_Ads,1019.1834221196804,64868.217165095535,,
Region_05,2023-01-30,App_Install_Ads,978.2401361269066,79554.52972728724,,
Region_05,2023-02-06,App_Install_Ads,1004.878707872035,64447.23506259616,,
Region_05,2023-02-13,App_Install_Ads,937.8021742387674,54041.439024113846,,
Region_05,2023-02-20,App_Install_Ads,952.5379844311058,63541.519966452885,,
Region_05,2023-02-27,App_Install_Ads,881.6681457042882,61038.86564941508,,
Region_05,2023-03-06,App_Install_Ads,946.9323667433866,64781.533975075086,,
Region_05,2023-03-13,App_Install_Ads,837.6024040180112,43327.16616214401,,
Region_05,2023-03-20,App_Install_Ads,903.2272452221795,57938.88008832907,,
Region_05,2023-03-27,App_Install_Ads,840.8434581103826,42823.77055787024,,
Region_05,2023-04-03,App_Install_Ads,835.3212806899942,63234.90364184843,,
Region_05,2023-04-10,App_Install_Ads,891.5954659406254,56384.204383438846,,
Region_05,2023-04-17,App_Install_Ads,841.7140805779809,50510.1745331857,,
Region_05,2023-04-24,App_Install_Ads,760.5064588497762,51030.66664314,,
Region_05,2023-05-01,App_Install_Ads,854.3879818265834,56295.0944792477,,
Region_05,2023-05-08,App_Install_Ads,721.8931131526585,40335.932169375556,,
Region_05,2023-05-15,App_Install_Ads,843.4392099797958,62166.38765203357,,
Region_05,2023-05-22,App_Install_Ads,815.8043001313,50020.08317128973,,
Region_05,2023-05-29,App_Install_Ads,776.3431778587573,40992.8462269737,,
Region_05,2023-06-05,App_Install_Ads,834.8327563332881,60191.172709358696,,
Region_05,2023-06-12,App_Install_Ads,818.813585688502,59820.47857319145,,
Region_05,2023-06-19,App_Install_Ads,917.6617156098878,65229.01085811012,,
Region_05,2023-06-26,App_Install_Ads,813.1211921072326,53907.484082956886,,
Region_05,2023-07-03,App_Install_Ads,914.3442653849893,52584.130927011836,,
Region_05,2023-07-10,App_Install_Ads,889.2090234982444,61261.57885679948,,
Region_05,2023-07-17,App_Install_Ads,805.5562900564373,60790.63515262225,,
Region_05,2023-07-24,App_Install_Ads,797.2021875622657,54264.85375368405,,
Region_05,2023-07-31,App_Install_Ads,885.8128929709783,65168.69580520901,,
Region_05,2023-08-07,App_Install_Ads,824.0462669992776,47939.42692588482,,
Region_05,2023-08-14,App_Install_Ads,836.033483380229,58076.52489336909,,
Region_05,2023-08-21,App_Install_Ads,818.9890042550365,56433.334175725795,,
Region_05,2023-08-28,App_Install_Ads,781.273831251633,42350.887775345305,,
Region_05,2023-09-04,App_Install_Ads,814.8817298838751,43581.20848717999,,
Region_05,2023-09-11,App_Install_Ads,792.8530195824278,46380.49295482629,,
Region_05,2023-09-18,App_Install_Ads,773.4149367184544,48975.68174340707,,
Region_05,2023-09-25,App_Install_Ads,827.6738974408067,54375.53901596587,,
Region_05,2023-10-02,App_Install_Ads,927.634870011086,56986.45738426909,,
Region_05,2023-10-09,App_Install_Ads,935.9059720038767,58415.27886209529,,
Region_05,2023-10-16,App_Install_Ads,882.533321085321,54825.206274053926,,
Region_05,2023-10-23,App_Install_Ads,920.1833266858287,58312.65013732309,,
Region_05,2023-10-30,App_Install_Ads,973.8567166948783,64823.133929298376,,
Region_05,2023-11-06,App_Install_Ads,1057.9412532024135,69809.51653779439,,
Region_05,2023-11-13,App_Install_Ads,1044.6800658335826,65276.29003891248,,
Region_05,2023-11-20,App_Install_Ads,1037.273096243768,66861.22058835508,,
Region_05,2023-11-27,App_Install_Ads,1064.1641333792156,63934.537727182134,,
Region_05,2023-12-04,App_Install_Ads,1156.250075879781,78609.9104489794,,
Region_05,2023-12-11,App_Install_Ads,1234.1728104578967,73759.13880841553,,
Region_05,2023-12-18,App_Install_Ads,1028.5240150350364,76035.4717519432,,
Region_05,2023-12-25,App_Install_Ads,927.1767794216612,58115.69779374947,,
Region_06,2021-01-04,App_Install_Ads,586.9252867388225,37892.468823315,,
Region_06,2021-01-11,App_Install_Ads,555.9348610328781,32393.27568464237,,
Region_06,2021-01-18,App_Install_Ads,550.1703007148418,33405.16120440402,,
Region_06,2021-01-25,App_Install_Ads,549.5890575317553,35100.03319086928,,
Region_06,2021-02-01,App_Install_Ads,563.6083100885733,35479.134007205554,,
Region_06,2021-02-08,App_Install_Ads,555.0183022401453,32788.06466818411,,
Region_06,2021-02-15,App_Install_Ads,567.0858544877352,31754.630710752015,,
Region_06,2021-02-22,App_Install_Ads,552.8736415179229,34877.15150399573,,
Region_06,2021-03-01,App_Install_Ads,530.969588245998,33875.76799064853,,
Region_06,2021-03-08,App_Install_Ads,517.823949891836,34358.70664473254,,
Region_06,2021-03-15,App_Install_Ads,508.38799727629225,36151.323456323014,,
Region_06,2021-03-22,App_Install_Ads,531.6156128313755,32383.97047047515,,
Region_06,2021-03-29,App_Install_Ads,513.5860604102427,26474.2123521898,,
Region_06,2021-04-05,App_Install_Ads,465.79390991397656,28855.610825390977,,
Region_06,2021-04-12,App_Install_Ads,484.89038380701373,25367.044341560733,,
Region_06,2021-04-19,App_Install_Ads,465.4521478912587,25741.593431591176,,
Region_06,2021-04-26,App_Install_Ads,469.35440658561396,32669.169176110074,,
Region_06,2021-05-03,App_Install_Ads,465.3227931071187,30932.223624661747,,
Region_06,2021-05-10,App_Install_Ads,456.4569970942048,26904.633909605058,,
Region_06,2021-05-17,App_Install_Ads,440.31717337777536,25976.95559253221,,
Region_06,2021-05-24,App_Install_Ads,417.4152876036469,25999.007607263407,,
Region_06,2021-05-31,App_Install_Ads,474.35408530097504,25038.17150571566,,
Region_06,2021-06-07,App_Install_Ads,497.1843179866695,32770.37581346777,,
Region_06,2021-06-14,App_Install_Ads,449.48117669986715,27283.17366505266,,
Region_06,2021-06-21,App_Install_Ads,480.9786935464399,36290.906500827194,,
Region_06,2021-06-28,App_Install_Ads,460.6164886992567,26052.71147155998,,
Region_06,2021-07-05,App_Install_Ads,475.49619980649686,33015.65198294615,,
Region_06,2021-07-12,App_Install_Ads,451.1325911879712,26493.923992772303,,
Region_06,2021-07-19,App_Install_Ads,463.67914854529107,32250.936916059272,,
Region_06,2021-07-26,App_Install_Ads,466.26246494915654,26584.403545435107,,
Region_06,2021-08-02,App_Install_Ads,417.8755521520977,28250.59395747769,,
Region_06,2021-08-09,App_Install_Ads,473.4058450987299,28477.766704471567,,
Region_06,2021-08-16,App_Install_Ads,465.3191388503623,26940.31842440595,,
Region_06,2021-08-23,App_Install_Ads,415.5558731681081,25729.176445928337,,
Region_06,2021-08-30,App_Install_Ads,483.3391551035267,31850.80625744856,,
Region_06,2021-09-06,App_Install_Ads,467.982484826622,30619.761759536523,,
Region_06,2021-09-13,App_Install_Ads,474.1736379631929,34870.06626039164,,
Region_06,2021-09-20,App_Install_Ads,479.4400377897455,32699.517723395966,,
Region_06,2021-09-27,App_Install_Ads,464.7936264619717,22471.586582668086,,
Region_06,2021-10-04,App_Install_Ads,455.2279403130463,27492.908274286234,,
Region_06,2021-10-11,App_Install_Ads,477.41286092756997,24608.008387102833,,
Region_06,2021-10-18,App_Install_Ads,489.6749549351216,29622.326844041305,,
Region_06,2021-10-25,App_Install_Ads,574.5193844531902,38422.36645994876,,
Region_06,2021-11-01,App_Install_Ads,586.0193539816645,32241.380949561204,,
Region_06,2021-11-08,App_Install_Ads,545.3980688305479,30477.836943445625,,
Region_06,2021-11-15,App_Install_Ads,569.1477220936944,36289.7224528519,,
Region_06,2021-11-22,App_Install_Ads,609.1587406140957,37203.707657026156,,
Region_06,2021-11-29,App_Install_Ads,629.622308185129,46332.19249132407,,
Region_06,2021-12-06,App_Install_Ads,596.8260074355153,38736.83730444829,,
Region_06,2021-12-13,App_Install_Ads,583.3937146922713,38665.40883733782,,
Region_06,2021-12-20,App_Install_Ads,657.7942414328135,49216.927668494565,,
Region_06,2021-12-27,App_Install_Ads,610.0478866155261,36477.46220984467,,
Region_06,2022-01-03,App_Install_Ads,516.8144251966198,32480.25030823365,,
Region_06,2022-01-10,App_Install_Ads,497.1077725614286,28305.254635692236,,
Region_06,2022-01-17,App_Install_Ads,532.3870966102475,34336.10263784833,,
Region_06,2022-01-24,App_Install_Ads,568.6828122493572,39629.13590648171,,
Region_06,2022-01-31,App_Install_Ads,580.7832075414971,41841.32679530401,,
Region_06,2022-02-07,App_Install_Ads,553.1451219353039,34645.22115589793,,
Region_06,2022-02-14,App_Install_Ads,511.8313974372046,29973.403510821943,,
Region_06,2022-02-21,App_Install_Ads,546.3127436255972,31817.941682934426,,
Region_06,2022-02-28,App_Install_Ads,541.0821608007341,29600.132034153557,,
Region_06,2022-03-07,App_Install_Ads,510.44775485503726,32479.908382998252,,
Region_06,2022-03-14,App_Install_Ads,485.1983241082104,34928.87503556176,,
Region_06,2022-03-21,App_Install_Ads,499.74356957901256,24803.95911106657,,
Region_06,2022-03-28,App_Install_Ads,476.4536202953694,24112.04993230091,,
Region_06,2022-04-04,App_Install_Ads,447.0678935250077,32323.691094327663,,
Region_06,2022-04-11,App_Install_Ads,470.5025891252144,25193.643989677115,,
Region_06,2022-04-18,App_Install_Ads,437.7266252997527,28444.935603407608,,
Region_06,2022-04-25,App_Install_Ads,487.07663476807767,27010.54837916272,,
Region_06,2022-05-02,App_Install_Ads,474.7747756627822,32275.208516068782,,
Region_06,2022-05-09,App_Install_Ads,441.7820698633891,30034.69094119986,,
Region_06,2022-05-16,App_Install_Ads,468.21590309987823,29942.654698180402,,
Region_06,2022-05-23,App_Install_Ads,492.26536398359536,33612.863375141504,,
Region_06,2022-05-30,App_Install_Ads,417.2713727690568,26372.84786510726,,
Region_06,2022-06-06,App_Install_Ads,459.82952692769635,30592.00709259725,,
Region_06,2022-06-13,App_Install_Ads,501.4123089658585,37831.067516311974,,
Region_06,2022-06-20,App_Install_Ads,429.07478416597684,30112.420374136982,,
Region_06,2022-06-27,App_Install_Ads,458.83786696861637,27023.585728914655,,
Region_06,2022-07-04,App_Install_Ads,431.48917174090826,25048.51399693588,,
Region_06,2022-07-11,App_Install_Ads,460.82350550934086,28303.36074625121,,
Region_06,2022-07-18,App_Install_Ads,411.21789662362846,25281.75414985104,,
Region_06,2022-07-25,App_Install_Ads,426.9807758402795,27051.49806491017,,
Region_06,2022-08-01,App_Install_Ads,450.037734769514,26652.87544696627,,
Region_06,2022-08-08,App_Install_Ads,464.9880102079464,31221.109373772422,,
Region_06,2022-08-15,App_Install_Ads,470.37448250052125,29703.84721994104,,
Region_06,2022-08-22,App_Install_Ads,471.41006376528026,30748.673821492397,,
Region_06,2022-08-29,App_Install_Ads,488.4194399718173,30750.90842770799,,
Region_06,2022-09-05,App_Install_Ads,478.1287315271967,31988.54395737191,,
Region_06,2022-09-12,App_Install_Ads,479.8746163557503,26793.104104455047,,
Region_06,2022-09-19,App_Install_Ads,442.83493574827475,32630.270047373328,,
Region_06,2022-09-26,App_Install_Ads,463.9912437893732,30225.566770503377,,
Region_06,2022-10-03,App_Install_Ads,552.2760081592118,36350.75640949141,,
Region_06,2022-10-10,App_Install_Ads,537.2602023042602,35940.03620824344,,
Region_06,2022-10-17,App_Install_Ads,513.234506454857,35987.23680019441,,
Region_06,2022-10-24,App_Install_Ads,527.6170733589577,35742.11218000147,,
Region_06,2022-10-31,App_Install_Ads,554.7599035258083,35754.512571111656,,
Region_06,2022-11-07,App_Install_Ads,539.8191088309187,33367.74827469472,,
Region_06,2022-11-14,App_Install_Ads,630.1207628786468,33654.48779417227,,
Region_06,2022-11-21,App_Install_Ads,580.5918800678652,37338.72889572525,,
Region_06,2022-11-28,App_Install_Ads,601.6926728928286,36713.51241479023,,
Region_06,2022-12-05,App_Install_Ads,676.9822137344689,41304.10427311764,,
Region_06,2022-12-12,App_Install_Ads,545.2767474582184,43652.446578794246,,
Region_06,2022-12-19,App_Install_Ads,601.3120158707515,31438.112440332206,,
Region_06,2022-12-26,App_Install_Ads,525.3177264705978,33259.764466669265,,
Region_06,2023-01-02,App_Install_Ads,532.1000918121614,37818.34818870953,,
Region_06,2023-01-09,App_Install_Ads,531.5291287182713,36842.03901018049,,
Region_06,2023-01-16,App_Install_Ads,537.0612824680949,38279.10316588754,,
Region_06,2023-01-23,App_Install_Ads,559.6117750399937,31044.93355099158,,
Region_06,2023-01-30,App_Install_Ads,537.1306941539511,30726.67712659092,,
Region_06,2023-02-06,App_Install_Ads,551.7573630099041,36965.06272188445,,
Region_06,2023-02-13,App_Install_Ads,514.9270759041991,31483.423692209948,,
Region_06,2023-02-20,App_Install_Ads,523.0181934787338,39086.85054615207,,
Region_06,2023-02-27,App_Install_Ads,484.10508384020665,31194.990813048753,,
Region_06,2023-03-06,App_Install_Ads,519.9402689399928,33397.62477282773,,
Region_06,2023-03-13,App_Install_Ads,459.90952944998264,30275.155208753957,,
Region_06,2023-03-20,App_Install_Ads,495.9427233539842,30404.07040516015,,
Region_06,2023-03-27,App_Install_Ads,461.6891227933088,29433.58340452887,,
Region_06,2023-04-03,App_Install_Ads,458.65701351715694,27010.731926580007,,
Region_06,2023-04-10,App_Install_Ads,489.5559626303001,30729.413289087206,,
Region_06,2023-04-17,App_Install_Ads,462.1671629320202,27745.93463962763,,
Region_06,2023-04-24,App_Install_Ads,417.5777981957082,26993.843855288807,,
Region_06,2023-05-01,App_Install_Ads,469.1261304941703,25656.731559079453,,
Region_06,2023-05-08,App_Install_Ads,396.37603759322906,21516.470026068433,,
Region_06,2023-05-15,App_Install_Ads,463.11439451543373,30556.10478503816,,
Region_06,2023-05-22,App_Install_Ads,447.9406577593713,28875.575436599796,,
Region_06,2023-05-29,App_Install_Ads,426.27340120796447,24396.477892920135,,
Region_06,2023-06-05,App_Install_Ads,458.38877526241964,28241.7744545991,,
Region_06,2023-06-12,App_Install_Ads,449.59299196705064,25515.147631701177,,
Region_06,2023-06-19,App_Install_Ads,503.8683816997879,38943.918395884335,,
Region_06,2023-06-26,App_Install_Ads,446.46742064484914,24069.970051426702,,
Region_06,2023-07-03,App_Install_Ads,502.0468408773311,37556.785022728094,,
Region_06,2023-07-10,App_Install_Ads,488.24561822886346,28344.43740999248,,
Region_06,2023-07-17,App_Install_Ads,442.31369505162405,29080.339127382904,,
Region_06,2023-07-24,App_Install_Ads,437.72663640823845,26878.131197676263,,
Region_06,2023-07-31,App_Install_Ads,486.3808757385683,29515.654069331962,,
Region_06,2023-08-07,App_Install_Ads,452.46614513358423,31321.892160139796,,
Region_06,2023-08-14,App_Install_Ads,459.0480687512007,31398.481638527963,,
Region_06,2023-08-21,App_Install_Ads,449.68931054255216,27541.65165319638,,
Region_06,2023-08-28,App_Install_Ads,428.9807173175176,24695.476649352484,,
Region_06,2023-09-04,App_Install_Ads,447.4340942080463,34704.93741442767,,
Region_06,2023-09-11,App_Install_Ads,435.33860147721265,31583.604438400147,,
Region_06,2023-09-18,App_Install_Ads,424.66556675274745,27155.64615048256,,
Region_06,2023-09-25,App_Install_Ads,454.4579992655432,27815.340672885366,,
Region_06,2023-10-02,App_Install_Ads,509.34442704753803,33070.167386630164,,
Region_06,2023-10-09,App_Install_Ads,513.8859118943932,32669.331676913735,,
Region_06,2023-10-16,App_Install_Ads,484.5801331004208,34436.8315052891,,
Region_06,2023-10-23,App_Install_Ads,505.2529443011232,28927.342523623367,,
Region_06,2023-10-30,App_Install_Ads,534.7238524845679,33787.909862206245,,
Region_06,2023-11-06,App_Install_Ads,580.8928694712585,33867.44378688088,,
Region_06,2023-11-13,App_Install_Ads,573.6114356865772,41219.368486887746,,
Region_06,2023-11-20,App_Install_Ads,569.5444274230373,43010.00481917086,,
Region_06,2023-11-27,App_Install_Ads,584.3097196142475,36510.74267014906,,
Region_06,2023-12-04,App_Install_Ads,634.8721371541598,42254.577426646014,,
Region_06,2023-12-11,App_Install_Ads,677.657840754536,49185.43125375628,,
Region_06,2023-12-18,App_Install_Ads,564.7404944322471,34563.0046299397,,
Region_06,2023-12-25,App_Install_Ads,509.092899322191,29243.382339567142,,
