geo,time,population,price_index,promo_flag,holiday_flag,temperature_c,consumer_climate_index,competitor_spend_proxy_eur,organic_search_clicks,social_organic_reach,distribution_points,assortment_breadth_skus,revenue_eur,website_sessions
Region_01,2021-01-04,5148593.843771477,99.93775490691345,0,0,3.74910729924695,-0.09612655468029806,19880.833341239962,862.1906232088402,13998.842933026977,6.0,3000,437444.232038628,10579.145040529127
Region_01,2021-01-11,5148593.843771477,99.96089668644353,0,0,0.42133183645075145,-0.4387410678053932,18860.798863405085,914.7174391049853,11999.371498333376,6.0,3002,451220.631470077,12597.513829555639
Region_01,2021-01-18,5148593.843771477,99.94278448389643,0,0,1.9212163873263286,-0.6958721011466099,19068.570126841638,884.8819813069196,10797.664468925324,6.0,3004,413947.92238627793,11818.824015830274
Region_01,2021-01-25,5148593.843771477,99.55259303261447,0,0,2.8457577894294617,-0.11789621773474024,15862.166567142684,907.3601050432648,11674.570618106245,6.0,3006,469108.720864055,11338.340732314926
Region_01,2021-02-01,5148593.843771477,100.10611848878385,0,0,3.4280534600272676,-0.5590984616611581,19585.200301753986,780.7078684579483,11392.411069376541,6.0,3008,427073.5484445427,11497.705532338869
Region_01,2021-02-08,5148593.843771477,99.86496276118794,0,0,3.6363369607177556,-0.8048566784590524,24982.80555175567,873.9126484136478,13546.631380572295,6.0,3010,475082.37790697254,10760.45359336887
Region_01,2021-02-15,5148593.843771477,99.92957303652997,0,0,0.39500387959401095,-0.6517361470635894,17423.878366408535,859.931570579208,10610.833648778089,6.0,3012,482020.49133220786,11194.46038145202
Region_01,2021-02-22,5148593.843771477,98.89940541351078,0,0,4.819956851085736,-0.792736975035225,22655.724707877125,1033.2618404912228,12802.308671023018,6.0,3014,457635.2375965102,10656.209628203129
Region_01,2021-03-01,5148593.843771477,98.79181826948162,0,0,5.22935046683787,-0.7460696558048324,11776.932875139522,823.3876374648045,13095.009259448418,6.0,3016,434651.7338052033,11291.66582059473
Region_01,2021-03-08,5148593.843771477,98.24202368777512,0,0,7.578379253019136,-0.3172047659992491,17556.87315491846,786.5330433113793,11521.813549449493,6.0,3018,485726.89750515594,11795.857054890177
Region_01,2021-03-15,5148593.843771477,97.75251280292547,0,0,8.247616366513821,-0.12081640870022245,14868.407904629263,782.4586833859967,13680.074438661735,7.0,3020,458706.33980715094,11715.434717675675
Region_01,2021-03-22,5148593.843771477,98.96360577640885,0,0,8.44674145218951,-0.2614211137174147,23836.73417851695,779.8578776318618,9592.971913418576,7.0,3022,458408.4632215805,12326.634516028795
Region_01,2021-03-29,5148593.843771477,99.08836872672428,1,0,9.50545275056605,-0.30153695753765175,22592.408529163615,834.4950248794104,9830.104974438296,7.0,3024,449947.71900060226,11570.038319660453
Region_01,2021-04-05,5148593.843771477,99.70137981574872,0,0,12.0285746488445,-0.1423551546019112,16956.433083908916,817.7878840534956,10652.609729267775,7.0,3026,460317.09167541435,10066.066910446656
Region_01,2021-04-12,5148593.843771477,100.12903160740912,0,0,12.689737602686122,0.04814177524620117,20680.45100171628,718.5814810658724,9789.022879403288,7.0,3028,449720.9753383103,12494.613967594314
Region_01,2021-04-19,5148593.843771477,100.62065304840814,0,0,12.327523317692204,0.05436759720435557,23713.718010758355,650.4847334429323,9566.000683721893,7.0,3030,424359.13754105405,10887.663046962238
Region_01,2021-04-26,5148593.843771477,100.5211172176116,0,0,16.054966527779293,0.16255029722157818,24273.277132654195,864.283490395414,8400.545615744884,7.0,3032,484723.4319011375,11425.970351210543
Region_01,2021-05-03,5148593.843771477,101.32431822356736,1,0,12.775490889514659,0.2710250293354626,18632.897219246875,899.7648539130773,8394.889575315261,7.0,3034,513489.15410089947,11459.730980683244
Region_01,2021-05-10,5148593.843771477,101.7476618728556,0,0,12.766353311709404,0.2433570631339231,14217.432583148428,872.7983197941988,8848.770387700917,7.0,3036,477460.9307917748,11506.734188320313
Region_01,2021-05-17,5148593.843771477,101.76832934875677,0,0,15.28872425559392,0.06178578121499945,17305.360177193765,830.4154725319759,10017.947048150067,7.0,3038,473048.3407800516,11377.009435827998
Region_01,2021-05-24,5148593.843771477,101.89997416098556,0,0,15.427371192179832,0.28456446062149976,22213.916782277207,849.7851683559595,9195.29996891348,7.0,3040,494025.1614580432,11375.126897021872
Region_01,2021-05-31,5148593.843771477,101.83160795275431,0,0,12.885858962947104,0.37210309909559247,27129.763555581016,856.2456316957985,11758.711061104197,7.0,3042,431714.5367208757,10702.339196875539
Region_01,2021-06-07,5148593.843771477,101.8577275451875,0,0,16.1050769902386,-0.25219081563758283,19641.5758227121,848.7492036231436,12412.329685849614,7.0,3044,431965.4115131063,12999.615779463908
Region_01,2021-06-14,5148593.843771477,101.83592717764414,0,0,17.99550767219048,-0.4999414715436441,18079.415347358306,871.3007703135894,10467.80962836945,7.0,3046,444728.6768071751,11759.269302498673
Region_01,2021-06-21,5148593.843771477,102.02669399326237,1,0,17.68049292077539,-0.6441429546236029,28380.47783023876,935.2587998945158,10458.223684338842,7.0,3048,476388.26240545633,11445.329019099254
Region_01,2021-06-28,5148593.843771477,102.89668089396761,0,0,16.776978875243096,-0.7044823616477468,21044.877545682633,876.2960345974132,11269.026477370635,7.0,3050,445699.54766041203,12492.589527138744
Region_01,2021-07-05,5148593.843771477,102.29407383548823,0,0,18.06348827933411,-0.3432988857287981,16471.507736790907,834.4034067973689,11250.701472479966,7.0,3052,430832.93734289636,10809.566053919782
Region_01,2021-07-12,5148593.843771477,102.86525121724264,0,0,18.126279711649136,0.617398885395463,19452.218831596423,782.9676808671694,11035.30336489072,7.0,3054,452820.43059731537,11890.353800241404
Region_01,2021-07-19,5148593.843771477,102.68113397538701,0,0,18.84014611520043,-0.1202474079518916,23006.721959030492,746.9190200509711,9706.130250419774,7.0,3056,449573.66985535616,11058.841613372404
Region_01,2021-07-26,5148593.843771477,103.31596554951942,1,0,16.517878973190427,-0.028925500062041795,19594.348007121855,913.3318664873347,9927.80685505189,7.0,3058,487282.02126477996,11626.097361451744
Region_01,2021-08-02,5148593.843771477,103.14924286801234,0,0,18.394433391000362,-0.008049663982027989,22308.134174973387,860.266658567873,8826.1610779657,7.0,3060,452689.5538044209,11612.062259328155
Region_01,2021-08-09,5148593.843771477,103.35561970628245,0,0,14.947906465760235,-0.06219660058382376,15565.332726796674,939.4694518439265,9337.775406603749,7.0,3062,411581.65291840537,10128.593339013765
Region_01,2021-08-16,5148593.843771477,103.27619758188477,1,0,15.233020606569294,0.10068526302482014,15969.348464604056,721.7938794934053,9654.353528991236,7.0,3064,475424.9408369119,10577.810964787892
Region_01,2021-08-23,5148593.843771477,102.41090152019565,0,0,17.853471068327426,0.14562188519866454,17735.510606309548,784.3892953805347,10025.247538306945,7.0,3066,490222.87774142384,12312.62902526713
Region_01,2021-08-30,5148593.843771477,103.28038995834264,0,0,13.008701322453469,0.03719169250702821,18981.56560637215,825.5252625094759,9150.932606378092,7.0,3068,452667.9129767115,11218.686347372848
Region_01,2021-09-06,5148593.843771477,102.80901315158165,0,0,12.729634407403944,0.045964491664911254,20819.490858530153,829.4889378913156,9168.034804941555,7.0,3070,476094.31719738117,12583.456594852212
Region_01,2021-09-13,5148593.843771477,102.85095458215982,0,0,10.957172505448808,0.21293449108483206,21786.953384495588,935.1388759777092,7741.301439480427,7.0,3072,441729.80592785834,12126.903478551887
Region_01,2021-09-20,5148593.843771477,102.32474368907228,0,0,10.673625739332604,0.3513758704392106,28666.074695016516,812.7091719289587,12532.6275650592,7.0,3074,467934.4222570395,11284.236982367529
Region_01,2021-09-27,5148593.843771477,101.65624286332856,0,0,11.17183817908574,0.4079655627251163,17725.668137457684,870.4356808694213,9319.26902880682,7.0,3076,438927.6860085535,11208.316045347568
Region_01,2021-10-04,5148593.843771477,101.55377294348399,0,0,11.059813439264422,0.23293127439927175,18891.25157831889,1188.579039858859,10557.540871830077,7.0,3078,452527.0271876198,12451.26147593211
Region_01,2021-10-11,5148593.843771477,101.25701731244885,0,0,9.00774935767941,1.0786741393667922,17800.009639892218,1048.6016081247044,10668.131470866889,7.0,3080,453062.031410139,12734.417091442485
Region_01,2021-10-18,5148593.843771477,100.67260980179563,0,0,7.598439911868542,1.186528132723267,23282.582222711546,958.2709592023228,11343.87185941206,7.0,3082,468495.030595052,11259.488642521976
Region_01,2021-10-25,5148593.843771477,100.65489349443205,0,0,5.299000074479757,1.4152671009241082,23473.91592960231,1039.0141758164195,11824.852962755387,7.0,3084,441093.5607582037,12396.037952253515
Region_01,2021-11-01,5148593.843771477,99.91394013288313,0,0,5.1915189408769375,1.2629263650657918,18516.25430543662,968.3828168408813,10270.282872205242,7.0,3086,427186.06815869175,12037.607845979877
Region_01,2021-11-08,5148593.843771477,99.9766770320904,0,0,3.136428328069328,1.319798473314653,26995.202368126276,1314.4536059897641,14524.32326173513,7.0,3088,472676.6045541924,12241.951969163192
Region_01,2021-11-15,5148593.843771477,99.91301362259165,0,1,5.799858171400449,1.3742808963548152,17804.69943809338,1156.5970060509785,13937.271468148752,7.0,3090,496885.9687299781,11578.279407257183
Region_01,2021-11-22,5148593.843771477,98.67281060534101,0,1,5.221023812602009,0.8006959598303554,23110.451658428843,968.8095487987129,13437.18304399586,7.0,3092,489563.3835237901,11116.893952676299
Region_01,2021-11-29,5148593.843771477,98.41125565381608,0,1,3.3554576738534294,0.5856977317264819,24630.257565465483,938.8962530942908,14953.857745816864,7.0,3094,511090.58686698624,10922.818283817513
Region_01,2021-12-06,5148593.843771477,98.64546065892947,0,1,3.578528270601228,0.3651547258518484,16144.19135028177,1067.8748310926296,13002.796161362512,7.0,3096,484127.1370114483,10828.60970471248
Region_01,2021-12-13,5148593.843771477,98.11368771645121,0,1,3.834218918537526,0.1850176959564857,21594.57507036352,969.6930292566523,12922.04369361885,7.0,3098,494390.4356179426,12690.65526746904
Region_01,2021-12-20,5148593.843771477,98.36958381366911,0,1,2.384278792115394,-0.13593404459184072,13158.137376336494,839.5996441802847,16432.158696343708,7.0,3100,479531.6068934659,11562.34819018532
Region_01,2021-12-27,5148593.843771477,98.5859234186259,0,0,4.148745033204206,-0.12277723370155713,22408.24874593093,1211.3640252209618,10879.323950942096,7.0,3102,457563.72713225824,10939.143880450598
Region_01,2022-01-03,5148593.843771477,98.0770627051498,0,0,0.46431095563745206,0.2964303504679654,16786.188114190023,994.9290925086533,13732.713085660924,7.0,3104,471268.29366567347,12143.052392914895
Region_01,2022-01-10,5148593.843771477,98.0709215534968,1,0,1.5353236651403932,0.33557696038818224,21561.681343986616,988.6051256612234,12507.723800845462,7.0,3106,535155.4114999761,11252.513849990773
Region_01,2022-01-17,5148593.843771477,98.48341709517064,0,0,1.5308522085201683,-0.01880417631339243,22176.775342037363,955.5057464806398,14357.839098284516,7.0,3108,480644.80852879153,11182.227475683236
Region_01,2022-01-24,5148593.843771477,98.04520597994038,0,0,3.4907271995609443,-0.3280753472730717,23425.33331961561,923.1364660429551,9853.941777333972,7.0,3110,473805.4956066549,12742.484865945455
Region_01,2022-01-31,5148593.843771477,97.94230070114973,0,0,0.7651398007852026,-0.441190692035919,22631.20232266003,950.2460409417373,14583.12256403626,7.0,3112,479932.2025848865,10781.235622920232
Region_01,2022-02-07,5148593.843771477,98.5174202601403,0,0,5.588090983522571,-0.8658726464045086,19969.00924808832,914.4559307635702,11762.93107620131,7.0,3114,408194.3109042449,11620.424218702554
Region_01,2022-02-14,5148593.843771477,98.0886042277607,0,0,4.85457558537377,-0.7745355212162511,18703.7831080366,818.9672423014781,11558.416961714822,7.0,3116,465582.4204148466,11115.772916519803
Region_01,2022-02-21,5148593.843771477,98.31818337066176,0,0,7.320460443000593,-0.3686058602862174,19582.550435890626,840.8537605476633,10589.174163890724,7.0,3118,479046.68047148985,11026.942271152135
Region_01,2022-02-28,5148593.843771477,97.77858781651562,0,0,5.394625206073675,-0.5413771241059793,16749.979897533318,925.9152705050749,10638.370662523123,7.0,3120,460573.910820657,10652.74207166235
Region_01,2022-03-07,5148593.843771477,97.69810686491812,0,0,5.456735675174219,-0.5185369520722899,19183.37642670638,852.0206167965102,11459.163038420515,7.0,3122,456241.3209172177,11445.085249884474
Region_01,2022-03-14,5148593.843771477,97.92147022220506,0,0,8.148820038301157,-0.6472251583736516,18957.373108004973,1013.6033841309303,9692.520006754654,7.0,3124,436263.9110539984,10912.762992553751
Region_01,2022-03-21,5148593.843771477,96.7192068272367,1,0,9.631322302570949,-0.8361135137566986,17594.11570573389,1107.0180068032398,10796.456503045378,7.0,3126,464483.1518523773,11805.642323317797
Region_01,2022-03-28,5148593.843771477,96.45204528667739,0,0,7.964075297250097,-0.7792406933799558,15250.591704592907,808.0556063414108,10789.488071911703,7.0,3128,439087.37366196717,11387.828198889809
Region_01,2022-04-04,5148593.843771477,96.66671125027058,0,0,7.003605238624525,-0.9782323425134194,16350.473671785485,710.8039782391058,9314.178018579774,7.0,3130,480849.2724174113,11196.588848904781
Region_01,2022-04-11,5148593.843771477,96.77963330486978,0,0,8.224895354201173,-1.2207524782604124,12345.363318000911,923.8405892928555,9538.336832002875,7.0,3132,493588.50490780006,10949.581088639281
Region_01,2022-04-18,5148593.843771477,96.51844411255122,0,0,12.30660270307093,-1.7065398928392388,18908.57280007891,827.4771849760299,10694.30112553457,7.0,3134,503272.10932157526,12249.136864280825
Region_01,2022-04-25,5148593.843771477,95.96615310976064,1,0,15.147123178148917,-1.687163424517645,20902.569260936038,792.0383394491199,8568.924715808593,7.0,3136,453006.11799984606,11822.34959788814
Region_01,2022-05-02,5148593.843771477,96.28038555085776,0,0,11.766527377263124,-1.3670606060318342,13242.248331097819,866.6699586170886,8571.292028936474,7.0,3138,443800.19049350027,11007.029013360485
Region_01,2022-05-09,5148593.843771477,96.11918218209685,0,0,14.135968459009609,-1.1548679694691326,20518.04006401595,853.2531335186686,10166.580338697759,7.0,3140,440868.09258840996,10627.413314826525
Region_01,2022-05-16,5148593.843771477,96.39185578291135,0,0,14.78230693757845,-0.7072699702445497,19441.81504428357,1109.5879507970378,10168.173924277313,7.0,3142,435736.362615918,10370.824277421234
Region_01,2022-05-23,5148593.843771477,96.58196735067011,0,0,18.86888408620608,-0.9096246066634218,16598.028463632265,945.4435813772249,9275.756948153481,7.0,3144,434565.15472631674,12005.384413375461
Region_01,2022-05-30,5148593.843771477,96.35825820788587,0,0,19.971914556780362,-0.6543817904514153,18562.00044558551,979.0468774642534,8836.041213520102,7.0,3146,446358.5206805631,11887.288145391783
Region_01,2022-06-06,5148593.843771477,96.8945390793832,0,0,17.720327237649578,-0.9851715760050569,23182.968903399593,915.7255601252955,10158.06273009391,7.0,3148,477565.3749060839,12009.515793652678
Region_01,2022-06-13,5148593.843771477,96.5974002743651,0,0,18.827130491865546,-0.7723939822866883,17110.09989363944,918.0864609654394,9657.470115467671,7.0,3150,441517.39003217156,11338.966755755278
Region_01,2022-06-20,5148593.843771477,97.19262726144106,0,0,19.07283303088321,-0.27913779858955695,20037.88930721468,934.6507723903317,8453.444500795677,7.0,3152,481218.2630155684,11815.093836420683
Region_01,2022-06-27,5148593.843771477,97.85327352671483,0,0,16.02118863833092,-0.12962334765592257,20859.024223278004,866.4532157268385,8760.156233623153,7.0,3154,488980.83208162396,11968.341525153111
Region_01,2022-07-04,5148593.843771477,98.37833086395993,1,0,19.047784523153798,0.36892013742719965,17504.64351334773,914.161456770788,9137.61885152281,7.0,3156,477762.3835092887,11317.91168843004
Region_01,2022-07-11,5148593.843771477,98.28805028727679,0,0,16.412261285834294,0.189300538004404,23035.532984616624,920.7605738809286,9234.188797234943,7.0,3158,485762.90260556666,11181.327793771632
Region_01,2022-07-18,5148593.843771477,99.56158985946078,0,0,17.510230795943492,0.14903121835039035,21038.90677241317,909.0873590860342,9456.454944752988,7.0,3160,425393.8659227292,10849.926016048024
Region_01,2022-07-25,5148593.843771477,99.6375120890054,0,0,19.189735509108015,-0.12567389020173803,19067.982976474053,1006.3725124552207,10258.030515402494,7.0,3162,443413.9112814088,11673.3278737827
Region_01,2022-08-01,5148593.843771477,99.75804032842863,0,0,17.205048193935966,-0.1152369356651091,28227.12390016346,1081.3014418861965,8964.850885280257,7.0,3164,460010.6786301828,11747.464539522092
Region_01,2022-08-08,5148593.843771477,99.74700965580958,0,0,18.237615588739814,-0.034334789533682256,23050.421391292202,895.3103185836305,7985.027541974965,7.0,3166,460262.18579718017,11174.721971605202
Region_01,2022-08-15,5148593.843771477,99.18212641728141,0,0,17.936981148351656,-0.02652427074396379,15377.004089189706,831.1217240711251,9679.503434950235,7.0,3168,489252.61323221616,11236.661493279977
Region_01,2022-08-22,5148593.843771477,99.8296630359738,0,0,12.669580722932572,-0.16876595493573865,18679.444125936076,895.35035546216,9352.539608553314,7.0,3170,432623.5914073444,11248.805298868467
Region_01,2022-08-29,5148593.843771477,99.54346132114182,0,0,11.277971629528311,-0.31598068314764827,28668.348557713838,906.2989044265478,8172.910170201701,7.0,3172,443442.2129957787,11880.176580445455
Region_01,2022-09-05,5148593.843771477,100.00326683416047,1,0,15.460924058596824,-0.2124295055526365,17089.599530227828,888.3104680723336,9320.001614580748,7.0,3174,467700.4177514187,10631.646772136779
Region_01,2022-09-12,5148593.843771477,100.58304338831975,0,0,14.64045015128959,-0.26021558465768585,20000.301616002427,1137.061104253094,9176.130488220913,7.0,3176,444447.32117940433,10799.602803829219
Region_01,2022-09-19,5148593.843771477,100.8847040785944,0,0,12.29941723875506,-0.6057564862083469,23818.11181300127,814.2701023808874,8192.161754906527,7.0,3178,431201.46097539755,10802.535123093678
Region_01,2022-09-26,5148593.843771477,100.53871944064524,0,0,11.55261746744828,-1.174942300000279,21837.867921545167,910.510763914132,8460.91066783787,7.0,3180,444808.4234286801,11319.715741924674
Region_01,2022-10-03,5148593.843771477,100.36818031288915,0,0,11.33957154712414,-1.3535888460795422,22315.19166642328,982.7801665107868,9778.76140252481,7.0,3182,451058.4824407664,11617.124729684136
Region_01,2022-10-10,5148593.843771477,99.02964222254849,0,0,10.347319924985195,-1.7682694670944807,22118.978387923707,1120.0279229066555,12147.277426014694,7.0,3184,494550.49510089075,10899.097523927427
Region_01,2022-10-17,5148593.843771477,98.97140839436518,0,0,7.629198711811449,-2.0189404636533013,19877.852938493994,1086.0449471028473,11828.189400724446,7.0,3186,436871.0330665202,12007.437888686038
Region_01,2022-10-24,5148593.843771477,99.37276348821518,0,0,8.596936256669032,-2.1459320389514827,17583.309467790972,1079.5616825943093,9733.737661579395,7.0,3188,480333.25084928726,12375.756402108887
Region_01,2022-10-31,5148593.843771477,99.25401094867422,0,0,5.7625049015190255,-2.1897617908186424,21136.722153559866,1013.1599914375555,10422.279252141903,7.0,3190,491071.9484188882,11713.663310639557
Region_01,2022-11-07,5148593.843771477,98.95897080254555,0,0,5.8208086773981424,-2.3895635403929196,18641.323151334644,1181.7806299199683,11487.987261256225,7.0,3192,450309.33122419333,12190.725165517812
Region_01,2022-11-14,5148593.843771477,98.81009734049081,0,1,4.995052417345614,-1.7322032079444698,18422.902748395605,1159.6734498692135,13713.618917890277,7.0,3194,494288.23032879573,11030.452663855538
Region_01,2022-11-21,5148593.843771477,99.41778032565031,0,1,2.722755366695595,-2.1105341180238595,24733.734186769816,1044.0198993676263,11426.622889906896,7.0,3196,500744.6880795225,11045.523792939706
Region_01,2022-11-28,5148593.843771477,99.39059748120359,0,1,2.3016481435372658,-1.747770380641739,18702.325727451607,1091.028876416927,15488.07392771153,7.0,3198,498217.7782365124,11889.717090073449
Region_01,2022-12-05,5148593.843771477,100.3195555694079,0,1,6.267515109946574,-1.7965407835495817,25577.59685976389,1300.3186529239251,15332.860584250493,7.0,3200,490383.6316880782,11610.053970099158
Region_01,2022-12-12,5148593.843771477,100.03418881696552,0,1,1.1820414293553174,-1.9937987009517595,20579.845775747046,968.3124756978201,16286.46104441097,7.0,3202,471058.19242605724,11089.200991033234
Region_01,2022-12-19,5148593.843771477,100.14280470953116,0,1,2.7874043605748877,-1.817525897834378,19335.158558000127,962.9877371944459,15404.954920654294,7.0,3204,503699.292331778,12466.225980629233
Region_01,2022-12-26,5148593.843771477,99.92610374671764,1,0,2.9280277719154792,-1.95338916321488,15076.888776364101,1157.3816295811566,12800.970857349317,7.0,3206,467996.4247531797,11746.846133741145
Region_01,2023-01-02,5148593.843771477,100.96334695359664,1,0,1.9186755630771506,-2.1954785691467107,27215.20010229607,1143.0927900752808,13329.472361581878,7.0,3208,476774.10137054697,11992.486486326226
Region_01,2023-01-09,5148593.843771477,101.05319960925132,0,0,3.0655639102603005,-1.6585355984721286,19784.560326591694,1188.7392600126618,12693.658398368341,7.0,3210,465499.8585314677,11190.470325381299
Region_01,2023-01-16,5148593.843771477,102.11723767785192,0,0,2.725940359700605,-2.3168736123526097,14085.98478454806,1108.7476465676414,11368.86933492216,7.0,3212,479069.3012660231,12557.72061956113
Region_01,2023-01-23,5148593.843771477,101.90717390040075,1,0,1.214492736340618,-2.3903357600003288,22964.6512184755,1044.2462863949672,14485.662129948729,7.0,3214,523154.6777953264,11508.479211400196
Region_01,2023-01-30,5148593.843771477,102.67096348832828,0,0,3.721577735982191,-2.333314273852092,19653.756951684874,1034.8279353152388,12034.250290000598,7.0,3216,441716.6177143076,12163.620734275977
Region_01,2023-02-06,5148593.843771477,102.72996517446504,0,0,2.599069438734224,-1.9109075138988156,17220.46440385124,1131.4780620567203,12066.681087698542,7.0,3218,459358.87367870955,11214.213256685614
Region_01,2023-02-13,5148593.843771477,103.14829297173783,0,0,6.622917789633428,-2.0304367832524606,22770.704001581245,1119.403470342861,10863.831294792417,7.0,3220,424279.649915319,11627.917855346828
Region_01,2023-02-20,5148593.843771477,102.53843748278331,0,0,5.338706649899261,-1.2321322099519598,13510.773791038439,1055.6024719514662,11258.732364082862,7.0,3222,493603.0841379372,11880.355873807197
Region_01,2023-02-27,5148593.843771477,102.71264445738795,0,0,4.405251737022877,-1.0043964915474857,17790.82733409629,903.8171532836154,12349.219789399775,7.0,3224,458256.67514023645,12748.883541546365
Region_01,2023-03-06,5148593.843771477,102.17808423839261,0,0,6.795648954572817,-1.7145843347738265,18932.630718183158,1014.5366651363626,11036.438471300098,7.0,3226,449845.37880733516,11218.386808676143
Region_01,2023-03-13,5148593.843771477,102.30663243874513,0,0,5.77587924529528,-2.1506891534640955,22502.47892041442,917.6032350503613,11951.980545637341,7.0,3228,455968.13753917516,11611.989041912926
Region_01,2023-03-20,5148593.843771477,101.54743741222605,0,0,8.472143305689917,-2.0796089532265642,27711.154371394685,912.8380603494057,9338.803298730927,7.0,3230,456735.9978950217,11798.028459064413
Region_01,2023-03-27,5148593.843771477,101.50039590244033,0,0,8.697159873457636,-2.4227688304336428,19088.42181124169,860.1469769518524,9713.753192022474,7.0,3232,437488.1820330249,10655.140548507808
Region_01,2023-04-03,5148593.843771477,102.04820192100368,0,0,8.759693247409825,-2.25841885704113,21216.706515860435,1129.2244589167228,11584.24669357265,7.0,3234,483022.8630274283,10293.313389534407
Region_01,2023-04-10,5148593.843771477,102.32197886050079,0,0,9.705131350237124,-2.3945377920205715,29905.89234974816,935.9914214871908,7726.497177747729,7.0,3236,467543.5533092498,10866.219307134903
Region_01,2023-04-17,5148593.843771477,101.70500383570534,0,0,15.566926701545091,-2.7533457131841788,19816.358956471468,932.8023888432496,11596.27454898557,7.0,3238,471711.9661607613,12013.438211073475
Region_01,2023-04-24,5148593.843771477,100.7558106442868,0,0,12.973927518892815,-3.0427225253675334,21242.993932605114,990.78540328542,9333.603106104238,7.0,3240,438591.1209896478,12438.539546334041
Region_01,2023-05-01,5148593.843771477,101.00428293451718,1,0,13.070176629406346,-2.787148443843626,16447.846564183743,980.7428378145261,9761.212675866596,7.0,3242,453088.49233505595,10935.378664043143
Region_01,2023-05-08,5148593.843771477,101.79488233219638,0,0,13.637140074236465,-3.394034507015968,26567.06682834088,909.1624639608058,9407.760583782865,7.0,3244,449173.7338249318,10721.987926381222
Region_01,2023-05-15,5148593.843771477,101.31290931376131,0,0,16.011730420280237,-3.0804520594662987,17793.813373240377,874.257262522095,10182.744547659178,7.0,3246,472375.593073204,12332.275679323111
Region_01,2023-05-22,5148593.843771477,102.36161135284948,0,0,15.030341933538915,-2.7580909976239356,20616.319679176064,982.077965129642,10193.698779560931,7.0,3248,465865.6648996525,11140.363554994781
Region_01,2023-05-29,5148593.843771477,102.35836470876498,0,0,14.941943976808624,-2.8575130387623027,20528.879551478756,977.096698654225,10375.564982537835,7.0,3250,436310.8853053164,11203.732582548379
Region_01,2023-06-05,5148593.843771477,101.3790179419278,0,0,17.035026609869327,-3.2788458316144866,20057.397405593438,808.1739777668557,9974.420662930308,7.0,3252,468907.7836212997,12260.658889168168
Region_01,2023-06-12,5148593.843771477,100.59857776357104,0,0,17.420176307756314,-3.112086568884768,18553.3475489123,1086.9109617274307,11577.821608745497,7.0,3254,434976.1777623318,12242.864376228656
Region_01,2023-06-19,5148593.843771477,100.98355233825676,0,0,17.14198207206877,-3.25799436403764,20532.237707908032,850.1585285075148,10033.593467440454,7.0,3256,441169.12719183066,12028.74607048291
Region_01,2023-06-26,5148593.843771477,101.04833635867428,0,0,16.604732573624947,-3.712529668258761,25774.855059700076,1089.1454471724767,10990.02859924328,7.0,3258,458593.2524125527,10513.707197019885
Region_01,2023-07-03,5148593.843771477,101.7894468415709,0,0,17.41354259879476,-3.1397875998749427,27880.77495796101,804.1414941719964,10385.840497108202,7.0,3260,427578.5092240712,10708.316121577958
Region_01,2023-07-10,5148593.843771477,101.19038445822181,0,0,17.237214946311436,-3.405111588651578,19288.823872654175,983.3057051020471,8427.012407906786,7.0,3262,432344.3425414368,12038.141628781708
Region_01,2023-07-17,5148593.843771477,101.2496318573037,1,0,16.85498827580907,-3.846756854670602,18511.234017289902,854.4766022522921,11670.00932396387,7.0,3264,507576.6795506175,11624.253249356152
Region_01,2023-07-24,5148593.843771477,101.25301238799788,0,0,17.894880043841372,-3.7612416087283305,17539.976044893156,896.0832308039676,8852.78775227124,7.0,3266,486671.7153046534,10994.098091595719
Region_01,2023-07-31,5148593.843771477,101.18150512646926,0,0,20.422990179687034,-3.7815958396134297,29627.93381469108,927.893411681808,10337.03683848401,7.0,3268,510872.05303690914,11282.533911706672
Region_01,2023-08-07,5148593.843771477,100.99020151214576,0,0,18.581518682655297,-3.3357393288404165,20188.68946391389,1181.9100634191186,10022.155155569018,7.0,3270,467088.9991136441,12129.665501552905
Region_01,2023-08-14,5148593.843771477,100.80885182437652,1,0,18.90096518930158,-3.4498954113651266,23407.4341529303,1004.3497749427358,10602.142925630596,7.0,3272,485249.3343361748,12355.524353640474
Region_01,2023-08-21,5148593.843771477,100.89617473651671,0,0,14.453444302375306,-3.5608823063756323,21983.59254061569,846.8506288464256,8550.826513095813,7.0,3274,449361.04211602104,11375.03315748991
Region_01,2023-08-28,5148593.843771477,101.04746525043582,0,0,17.05655033005604,-3.4603138367167836,27579.08071194636,862.5480207591618,10115.176140224226,7.0,3276,446067.4676380922,11066.788132720612
Region_01,2023-09-04,5148593.843771477,101.17375167548744,1,0,14.058699100903901,-3.400458460350369,19080.030100310352,880.2686352862029,8735.744922261643,7.0,3278,489181.0099620962,11255.706197712994
Region_01,2023-09-11,5148593.843771477,101.776745429941,0,0,14.316384333919935,-3.3314471458791695,16772.439594064337,903.7360314292799,10627.974421873312,7.0,3280,485553.91886071174,12230.813410806324
Region_01,2023-09-18,5148593.843771477,101.17610617379664,0,0,12.601081251372705,-3.2498616967388467,26172.65198041516,997.959596077296,9310.395141044326,7.0,3282,472818.4116145946,12213.49761640011
Region_01,2023-09-25,5148593.843771477,100.27026440654427,0,0,10.449392617727378,-3.20047680827019,22675.686065420938,1035.2230143274548,9984.073351023315,7.0,3284,436946.55311473814,11543.637920053503
Region_01,2023-10-02,5148593.843771477,100.7787469337382,0,0,11.079246427909073,-3.325421697956736,21205.05826584939,872.9333013256148,8554.892458789689,7.0,3286,463636.911974276,11110.527393833578
Region_01,2023-10-09,5148593.843771477,100.3069844132837,0,0,9.763102388385125,-3.075618418926066,24930.106744063698,1257.8279315765271,9506.750663831894,7.0,3288,441303.40108033735,12115.925435730915
Region_01,2023-10-16,5148593.843771477,100.11724650397612,0,0,5.433194936580194,-3.1835876397629317,21387.290808379654,1255.1344037628937,10766.740754536904,7.0,3290,453108.31826116564,12488.729420425609
Region_01,2023-10-23,5148593.843771477,99.81119668403473,0,0,6.976974556990027,-2.9422825504821946,25060.236553575476,1393.7790409570755,10262.272610381413,7.0,3292,500262.57202147006,10705.30653586884
Region_01,2023-10-30,5148593.843771477,99.49444052298884,0,0,7.590820903517265,-2.5259539239986286,20548.461452377498,1013.4723499464831,12403.616988229987,7.0,3294,432585.1371925811,11343.542483828434
Region_01,2023-11-06,5148593.843771477,98.76530850387638,0,0,5.871614445941596,-2.7292161841997107,22671.068791042762,1134.5461543430927,10439.805572654926,7.0,3296,512845.3186366567,12156.139384449878
Region_01,2023-11-13,5148593.843771477,98.48054471000903,0,1,5.399225190570334,-2.007871158598978,21429.232276434035,1172.6659368946948,12187.806781980695,7.0,3298,500791.3377665981,11568.298837204016
Region_01,2023-11-20,5148593.843771477,98.80521026614879,0,1,2.8847782739137635,-2.2216550301516533,18859.272920576015,1194.8898304476631,14295.864053154433,7.0,3300,476946.1877594455,11306.21257113496
Region_01,2023-11-27,5148593.843771477,98.8032445463438,0,1,3.800444982457777,-2.4332714837471894,19201.50610286941,1058.2455659174116,11732.773842385961,7.0,3302,489397.28592174617,11669.604415929212
Region_01,2023-12-04,5148593.843771477,99.05549811059726,0,1,2.7718378779879136,-2.2712742342990455,18669.06643868227,1215.6897333947218,14804.214750583275,7.0,3304,472287.0177011721,11821.562226418637
Region_01,2023-12-11,5148593.843771477,98.80745711187484,0,1,2.2146902066120266,-2.138805512980623,20606.784157503487,1053.9741824891594,12859.41828608189,7.0,3306,475358.6043320598,10970.422104715024
Region_01,2023-12-18,5148593.843771477,99.2588801072658,0,1,1.213580818541523,-2.1172609453276188,18493.640650284142,1142.2488147495508,12780.980473392661,7.0,3308,489669.15952934744,11655.53470118988
Region_01,2023-12-25,5148593.843771477,99.00469916959403,0,0,3.4306225392103107,-1.8717856189344628,21140.322165255384,1313.9112264083815,15257.889158415072,7.0,3310,456864.7141768989,11849.124724322242
Region_02,2021-01-04,2297686.9103863616,98.94572134973706,0,0,2.518202874268523,0.07578901275098869,9386.399770899812,811.8423504260763,8290.880802000622,3.0,3000,197924.25482071599,5160.267827455153
Region_02,2021-01-11,2297686.9103863616,99.1040332462002,0,0,2.425150669624585,0.6955116120010334,9113.434957837015,899.6446855042783,7611.098109402743,3.0,3002,210133.61739936293,5191.387980783691
Region_02,2021-01-18,2297686.9103863616,99.48772563071454,0,0,5.30864245432895,0.6795439866391172,9137.203484743357,827.7281869369702,6332.149191717998,3.0,3004,198544.6531065456,5216.931505854584
Region_02,2021-01-25,2297686.9103863616,99.20810612450492,1,0,3.2305688127928756,0.42319590016324865,8117.748280432669,758.0048587858156,6765.6157268378,3.0,3006,213838.41385279392,5105.997026099596
Region_02,2021-02-01,2297686.9103863616,99.80770925820913,0,0,4.717096826239411,0.25768311110473746,8471.267290465436,789.2293314833394,6918.913311043409,3.0,3008,199053.77667158033,5581.452921299673
Region_02,2021-02-08,2297686.9103863616,99.38236316435672,0,0,3.825528314192396,0.39908042562359425,6878.394380740898,986.5529902468738,6882.2791688036905,3.0,3010,231579.73131619304,5103.02907491245
Region_02,2021-02-15,2297686.9103863616,99.71772657079039,0,0,3.482168482613654,0.5448659316202227,8679.779904908337,867.5027589894082,5942.173883948049,3.0,3012,216615.3592030432,5392.766072014793
Region_02,2021-02-22,2297686.9103863616,100.59011454186896,0,0,3.1063127516071,0.6068087411955537,7622.503729844598,864.5390203925712,5822.520718880676,3.0,3014,217677.3807603479,5241.184349996872
Region_02,2021-03-01,2297686.9103863616,100.60848003405474,0,0,5.817567218147426,0.351957669574296,8970.61681872795,738.5566678907754,7357.467169887476,3.0,3016,211439.78911227814,5168.5716980391135
Region_02,2021-03-08,2297686.9103863616,100.49523849104322,0,0,2.286980316715091,0.6845521055575107,7939.12609307158,817.8422848076082,5910.210542674296,3.0,3018,216645.15245931482,5693.220433598367
Region_02,2021-03-15,2297686.9103863616,100.44240265330619,0,0,7.571861517496501,1.2656493025639939,6497.228191985484,645.3023613920557,5578.0746609365715,3.0,3020,223061.07824177586,5281.674030780216
Region_02,2021-03-22,2297686.9103863616,101.25655034678209,1,0,8.558572275191834,1.2744168991325804,12389.42171059192,643.5162169231619,4335.830006812489,3.0,3022,227504.75723505547,5092.866231533035
Region_02,2021-03-29,2297686.9103863616,101.45794163367768,0,0,8.709355188186798,1.8175983820758186,8535.740968062082,750.3856531114767,5991.1560253765565,3.0,3024,228297.19575773913,5140.078681988205
Region_02,2021-04-05,2297686.9103863616,102.53004297228702,0,0,9.86145045861193,2.077475181008423,10979.558798315318,922.8643974074735,5541.869630071575,3.0,3026,209500.13780290642,5438.7560863662375
Region_02,2021-04-12,2297686.9103863616,102.66966866625903,0,0,9.087539164953945,2.7430813334024235,8165.582940660653,889.6231939754281,5350.170553510363,3.0,3028,214897.43144262428,5509.115247284117
Region_02,2021-04-19,2297686.9103863616,102.34277033630715,1,0,13.99293074440655,2.884874560572987,11400.919811500818,673.6350054738774,5685.143117482563,3.0,3030,231963.141388799,5647.835369940917
Region_02,2021-04-26,2297686.9103863616,102.05101686870054,0,0,12.330962662175995,2.9258554833048507,7435.173343795454,742.0695828411458,4256.064914625982,3.0,3032,198646.31008650694,5198.512624956048
Region_02,2021-05-03,2297686.9103863616,102.08182050144703,0,0,12.259646256745098,3.1785758531987405,9073.710805841181,629.5814641783852,5328.444808617838,3.0,3034,208875.34056632564,5203.041490019617
Region_02,2021-05-10,2297686.9103863616,101.06115919346217,0,0,15.36150957169948,3.0485003533969586,7501.726250352026,807.9371975018216,4811.670702776978,3.0,3036,191331.38731580344,5300.608485206764
Region_02,2021-05-17,2297686.9103863616,100.82366427510186,0,0,15.471115427611862,3.1706355697548503,13053.914520075212,751.8589213993296,5175.253378435611,3.0,3038,208378.04326879536,5298.100992794986
Region_02,2021-05-24,2297686.9103863616,100.59726535807698,0,0,15.450583808577422,3.569850503740822,8512.939946155811,819.9298543456699,5366.1838986228395,3.0,3040,207801.7164151828,5081.577725396604
Region_02,2021-05-31,2297686.9103863616,100.71716023578641,0,0,15.887820878858088,3.815703640456475,10006.595810960333,854.3281742820107,4825.420815393734,3.0,3042,207556.26848754374,5692.401423907241
Region_02,2021-06-07,2297686.9103863616,101.68806934598715,1,0,17.07519016611371,3.806416343034967,9455.184237728005,841.6911086952272,5651.141583401601,3.0,3044,221117.58886545955,5307.08340387278
Region_02,2021-06-14,2297686.9103863616,101.71547759019172,0,0,19.498853897286367,3.866541021264436,8803.498767655748,852.6948464882151,5589.460670713078,3.0,3046,216200.73640000558,5454.373928170262
Region_02,2021-06-21,2297686.9103863616,100.75414804662854,0,0,18.47185415513823,4.093844055654972,9550.892001279439,748.8564708633908,4677.3837939031555,3.0,3048,200631.707373506,5383.4253853886175
Region_02,2021-06-28,2297686.9103863616,100.29719422169006,0,0,17.890058572023197,4.311178038591934,10835.768006927063,841.6161005601713,5360.746898622573,3.0,3050,231676.59667814316,5399.784617283584
Region_02,2021-07-05,2297686.9103863616,100.42833815262553,0,0,19.278650813581862,4.536197353530493,9768.935101942336,685.5634642997181,5191.836293171495,3.0,3052,216420.52949003555,5008.705547107485
Region_02,2021-07-12,2297686.9103863616,100.47483553246487,1,0,17.982968829476793,4.63802878515638,9055.250948089437,775.2111986514866,4921.185093151578,3.0,3054,217136.37762354309,5271.735366947686
Region_02,2021-07-19,2297686.9103863616,101.28706329362116,0,0,18.36986295316144,4.390665393325017,9553.188894555344,725.652086606482,4875.082113541974,3.0,3056,216694.46854299618,5911.210457773545
Region_02,2021-07-26,2297686.9103863616,101.76710194280685,0,0,17.706821539463323,4.191119534183194,11777.988128091081,858.5314643984825,5143.9205345077335,3.0,3058,221203.80263664864,5752.11380522885
Region_02,2021-08-02,2297686.9103863616,102.23215967969571,1,0,17.968318832246446,4.329469563615247,8301.6560397076,905.4930791763986,4262.671739676846,3.0,3060,229063.4444866913,5320.494560105904
Region_02,2021-08-09,2297686.9103863616,102.12359313361945,0,0,15.917654665838846,4.578907389467967,6691.871213009312,698.9122822207164,5348.679265286926,3.0,3062,199022.46573017884,5179.522545334259
Region_02,2021-08-16,2297686.9103863616,102.67315365189489,0,0,14.279071690024946,4.789488256672419,7496.988661553191,715.4863824354763,5870.910650822525,3.0,3064,233980.66231865983,4731.992373840628
Region_02,2021-08-23,2297686.9103863616,102.22519208879625,0,0,16.665253491548558,4.5869232417670975,7581.098026592809,735.2856292992632,5029.777168826779,3.0,3066,216416.62323304274,5155.621702552019
Region_02,2021-08-30,2297686.9103863616,102.70933924344311,0,0,16.80191045056869,4.541573031072309,7742.96452829968,708.3175837431711,4449.509315133889,3.0,3068,195839.54829984088,5228.19884219972
Region_02,2021-09-06,2297686.9103863616,102.56812979186444,0,0,12.079963750710606,4.189289431756431,7782.989559221882,843.3012185330522,4768.536122375112,3.0,3070,212328.8547435972,5219.3328734040415
Region_02,2021-09-13,2297686.9103863616,101.84413308888416,0,0,13.10577660756014,3.771860827874983,8806.029325022044,797.125467797407,5177.632294442063,3.0,3072,207789.7343641671,5206.222403808226
Region_02,2021-09-20,2297686.9103863616,102.1407514391916,0,0,11.241220030344046,3.796304617972913,9171.393733017809,925.8121732898322,5000.620958504549,3.0,3074,211177.55135625091,5473.559986218746
Region_02,2021-09-27,2297686.9103863616,102.8395232484988,0,0,12.289361480043729,4.203751527383597,9156.621992300568,810.6316506617054,4832.5731849977365,3.0,3076,198136.34143916704,5049.189329094899
Region_02,2021-10-04,2297686.9103863616,102.63622231284081,0,0,10.369968602242572,4.233692727595041,7920.345959995511,1056.8882941135928,4552.293867847727,3.0,3078,211889.42835542004,5385.779098836708
Region_02,2021-10-11,2297686.9103863616,103.41760318796254,0,0,14.026914987602337,4.806133356257148,10258.037902568094,957.5374048946945,5135.971478013898,3.0,3080,203237.0022213543,5290.1608272227495
Region_02,2021-10-18,2297686.9103863616,102.58963273080177,0,0,7.633324457733776,4.75690216490529,9574.898619658989,847.1994274381893,5862.097782488333,3.0,3082,208282.63844680323,5079.175261146702
Region_02,2021-10-25,2297686.9103863616,101.99123611241359,1,0,9.46909940912241,4.766267327349358,11202.902195556502,975.8795414426411,4586.822859253239,3.0,3084,231509.12293929237,5772.715234274897
Region_02,2021-11-01,2297686.9103863616,101.91787309153752,0,0,8.734160591676556,4.468965260043614,10034.114425615553,1019.0303787194955,6263.320477540032,3.0,3086,209079.95641942762,5562.767525704389
Region_02,2021-11-08,2297686.9103863616,101.73249114857367,0,0,6.2558782147258505,4.364792065042487,8385.85879085963,1121.3898022895778,5998.490531081295,3.0,3088,212121.78111401683,5176.96036126176
Region_02,2021-11-15,2297686.9103863616,101.39892445554406,0,1,4.750643713140931,4.0078105949566645,10748.861255734186,997.0638811120612,6898.023154119498,3.0,3090,249879.21984430772,5517.760729801965
Region_02,2021-11-22,2297686.9103863616,101.46576331495318,0,1,4.154170560866234,3.544209409671434,9207.464250372026,850.6412835233309,6613.221994513703,3.0,3092,229131.08961279306,5009.225679757754
Region_02,2021-11-29,2297686.9103863616,101.20146808603799,0,1,3.4314363510092374,3.192330024504962,9960.959143924254,861.6980435862624,6309.675873619135,3.0,3094,230776.05307928286,5182.650989075667
Region_02,2021-12-06,2297686.9103863616,101.02198075413664,0,1,4.616301363394035,3.2179125514947766,9845.761262868913,917.1655467654897,6972.322160752777,3.0,3096,225350.66545912184,5798.729374033085
Region_02,2021-12-13,2297686.9103863616,101.16119328931181,0,1,1.210915612900118,2.9969006674240926,8673.987451450977,781.7449088896847,6576.997486131413,3.0,3098,228777.53786424044,5484.503401257309
Region_02,2021-12-20,2297686.9103863616,100.82742484807613,0,1,1.9909895009747405,2.84693882221545,8975.217165397657,1094.535724330872,7424.062315700223,3.0,3100,241195.17996028147,5464.133560152998
Region_02,2021-12-27,2297686.9103863616,100.77441576741664,0,0,1.6350500706303044,2.9698999931328487,8664.813321024083,1167.1852250530974,6932.9228382212095,3.0,3102,223583.58135811024,5723.853334075043
Region_02,2022-01-03,2297686.9103863616,100.45164624423685,0,0,-0.5892916316859402,2.505260481376407,7775.942172625071,876.160989628095,6700.164697917193,3.0,3104,206892.98809605706,5576.832818723802
Region_02,2022-01-10,2297686.9103863616,99.84883603585683,0,0,3.346701371859185,2.5295712990021384,6406.238985658471,836.1840028740362,5946.031745328931,3.0,3106,221709.0263823213,5316.542926324801
Region_02,2022-01-17,2297686.9103863616,100.23068712319369,0,0,3.826844532681593,2.7839939297958525,7963.795762666846,986.223815662671,5969.60974895348,3.0,3108,215535.0516526029,5634.125204855883
Region_02,2022-01-24,2297686.9103863616,101.0845843436147,0,0,1.5685424081743315,3.064361777119723,9105.252294023172,820.0861514906913,7649.500877276927,3.0,3110,198920.51417304593,4957.261729921981
Region_02,2022-01-31,2297686.9103863616,101.61687034115165,0,0,4.461550479756436,3.219331892045725,10400.088394706994,748.7914176530579,6065.649012258778,3.0,3112,212808.2737090911,5146.004314529324
Region_02,2022-02-07,2297686.9103863616,101.78272838208231,0,0,1.0406424912948165,3.20367721098795,9957.988287068318,835.6360703629896,6140.694150462453,3.0,3114,224008.50334749778,5302.981173386063
Region_02,2022-02-14,2297686.9103863616,101.46196416071433,1,0,4.0478457694348435,3.016555542044836,8474.2708102001,817.1920821289181,8638.487501939955,3.0,3116,207860.59107170827,5566.583320468521
Region_02,2022-02-21,2297686.9103863616,101.31850479862297,0,0,4.505631028040553,2.9918479160726994,7980.093104671004,908.8841416997725,6598.055162909005,3.0,3118,236044.2204502931,5317.673480495191
Region_02,2022-02-28,2297686.9103863616,101.84701542885662,0,0,5.587105088750141,3.4878868844496944,8602.006113127258,874.9596161386226,5360.287498831949,3.0,3120,205308.65852689737,4890.113173712345
Region_02,2022-03-07,2297686.9103863616,100.70627204534492,0,0,6.406032379027997,3.5698067452137714,7634.867652326185,909.8307180048056,6198.917669940515,3.0,3122,195669.8961491152,4848.189001321658
Region_02,2022-03-14,2297686.9103863616,100.52464193314799,0,0,7.047598408827595,3.537742184116493,6434.577160828747,851.9968271148091,5137.743213687026,3.0,3124,214442.29178693908,5337.260156228652
Region_02,2022-03-21,2297686.9103863616,100.89169989302013,0,0,7.503815312575496,3.706850014455672,7009.068986101721,1035.0120582637562,5742.64627717946,3.0,3126,221415.21285553573,5197.9532308115095
Region_02,2022-03-28,2297686.9103863616,100.32255970192787,1,0,8.872647605270764,3.721767289112863,10861.101943399583,754.3223972674239,5896.267188991317,3.0,3128,223683.82182687204,5087.870356698404
Region_02,2022-04-04,2297686.9103863616,100.53425384405064,0,0,12.044831858652127,3.789505174316553,11676.39531568349,687.9830761402594,5266.744916270524,3.0,3130,214104.84392069525,5029.235990514891
Region_02,2022-04-11,2297686.9103863616,100.72274847943349,0,0,10.096215017179233,3.7154900278971335,9895.377409956998,755.1198440028583,6066.8710034805945,3.0,3132,234957.22644636076,5358.903060002871
Region_02,2022-04-18,2297686.9103863616,99.99558226430224,0,0,15.297535334080159,3.591008701674722,8760.506123470588,736.6348576208064,5684.822767305432,3.0,3134,213450.17079572598,5644.042571092643
Region_02,2022-04-25,2297686.9103863616,100.0390713193737,0,0,11.88409241727042,3.8898087797336904,7170.888154217014,751.7318328953075,5032.60748849177,3.0,3136,245314.27448356108,5331.618348836125
Region_02,2022-05-02,2297686.9103863616,99.73034868537295,0,0,14.077874201725514,3.3047038726158786,8626.223171863354,793.7086571923862,4610.941446000445,3.0,3138,224588.59265127513,5632.798695770097
Region_02,2022-05-09,2297686.9103863616,99.93839802331472,0,0,15.401327728604087,3.4482843936403555,9686.686925341199,791.8145939862209,4704.148111253067,3.0,3140,211043.61963930115,5173.7541175670385
Region_02,2022-05-16,2297686.9103863616,100.27329236626035,0,0,14.867347407896197,3.3052584976899753,10008.740533609585,984.8756771122722,4990.331128188215,3.0,3142,214220.96700803898,5413.208126174373
Region_02,2022-05-23,2297686.9103863616,100.47276183314692,0,0,18.061630804045357,2.7336947585407545,9799.17524871818,999.0348738184814,5565.288236867845,3.0,3144,208365.0635449487,5690.235178337495
Region_02,2022-05-30,2297686.9103863616,100.50905799526846,0,0,17.401688602216254,2.4413119318050303,10595.313533490886,666.9679790760723,5137.034530941961,3.0,3146,212267.363163015,5249.280960814537
Region_02,2022-06-06,2297686.9103863616,100.65349363147976,0,0,16.776294666599764,2.4304981050156695,11827.406383664453,728.567422340788,6219.993598591842,3.0,3148,215186.68566444307,5282.615863722291
Region_02,2022-06-13,2297686.9103863616,100.06546108702176,0,0,19.53702710105054,2.460941873766787,8316.348039882188,759.7770905633282,5196.4406093772495,3.0,3150,205946.96011849237,5195.676660665011
Region_02,2022-06-20,2297686.9103863616,100.05008519509015,0,0,16.24429686863108,2.6829432104208206,13460.687240962718,928.6504140092738,5207.450805624685,3.0,3152,196652.31302570377,5464.272669096287
Region_02,2022-06-27,2297686.9103863616,99.65184357172915,0,0,17.0934457134817,2.9253486807843045,6527.2514367000795,781.3507613407962,5159.860772609736,3.0,3154,224688.8718352264,5526.1128481415035
Region_02,2022-07-04,2297686.9103863616,100.16761294847267,1,0,18.843855647891612,2.4613341918161384,7863.484720737233,738.3511629945845,5168.220641871033,3.0,3156,236127.5393232188,5370.077236624898
Region_02,2022-07-11,2297686.9103863616,100.50923202646338,0,0,19.143870630906232,2.5745852677215555,9106.392247743628,882.2527145107824,4331.94318257054,3.0,3158,195693.062273895,5218.092059441717
Region_02,2022-07-18,2297686.9103863616,100.84943270152331,0,0,18.251467367141593,2.7931484597483873,9595.847589228411,953.1554568756051,5288.202315906331,3.0,3160,212198.5254025083,4903.727805166224
Region_02,2022-07-25,2297686.9103863616,101.70617847940531,0,0,17.289341458248145,2.8588252460280064,8599.733596768476,887.5372536286179,5074.977682824429,3.0,3162,221788.56047224626,5322.962988414379
Region_02,2022-08-01,2297686.9103863616,101.54118974700513,0,0,16.706482103311362,3.0095576915900235,8203.91666867531,844.8906738420725,5227.237720665144,3.0,3164,220582.7041582107,5269.231399058164
Region_02,2022-08-08,2297686.9103863616,101.26668607089971,0,0,18.28097231611234,2.429801449648104,12297.111357575732,890.3790015973807,4979.1095061031165,3.0,3166,202490.96522542823,5346.2004588446125
Region_02,2022-08-15,2297686.9103863616,101.089884712771,0,0,16.348677959673168,2.132736952823363,8145.357941929987,825.9567764766749,5237.020141538996,3.0,3168,220540.45250046346,5316.76336685263
Region_02,2022-08-22,2297686.9103863616,100.2887665088519,0,0,13.996623107325313,2.542551053537998,7584.225361008952,852.3279829488703,5394.249835079874,3.0,3170,211584.16310675035,5744.473403981246
Region_02,2022-08-29,2297686.9103863616,99.52697494842889,0,0,13.149664429056617,2.4586385568955667,11388.45840168074,795.3478828486582,5238.273659456115,3.0,3172,215311.00320316345,5123.237391811122
Region_02,2022-09-05,2297686.9103863616,99.83752645291294,0,0,15.987977345241042,3.125569731316317,10037.71478592514,873.6781193688506,5253.435567875317,3.0,3174,202926.1384931141,4940.727148000218
Region_02,2022-09-12,2297686.9103863616,99.13995638745102,0,0,11.758696678357143,2.7420430078418168,10414.344732434633,937.8270024816222,4323.3542675396275,3.0,3176,171660.50915804255,5025.614852013576
Region_02,2022-09-19,2297686.9103863616,98.60250010494599,0,0,12.323621914927688,3.21117468018157,9100.753928302776,958.5784964268314,5250.601122148788,3.0,3178,204926.3392289528,5161.1501053787515
Region_02,2022-09-26,2297686.9103863616,98.55164016639351,0,0,12.990653094148183,3.0279629962861767,7189.190439799401,1064.1160387376044,4290.925315646153,3.0,3180,218591.46033943573,5604.745898723517
Region_02,2022-10-03,2297686.9103863616,98.34552636502468,0,0,10.813160936169243,3.286693791170684,8950.143189124034,1005.74714814678,5400.6312441772725,3.0,3182,212764.84140892763,5015.103491228052
Region_02,2022-10-10,2297686.9103863616,98.78835254392271,0,0,7.899242946452283,3.198079066523142,7042.219810863442,950.8300393351383,5298.029492706261,3.0,3184,221944.99233710716,5031.7891825428205
Region_02,2022-10-17,2297686.9103863616,98.81858319642346,0,0,6.561933542923963,3.2327825108947255,9164.365366493876,1197.8012199764266,5527.186101479348,3.0,3186,228641.45194601448,5500.8861164925265
Region_02,2022-10-24,2297686.9103863616,98.41934885683736,1,0,9.967993612929257,3.4114455031202007,9747.267738471131,1155.745466967558,6381.251613904665,3.0,3188,227853.15734885994,5617.363364262181
Region_02,2022-10-31,2297686.9103863616,98.9051653617089,1,0,4.720467735745876,3.2274395246882395,10384.242644666398,1395.4997444515259,6141.909947679539,3.0,3190,227849.48350412957,5012.701916275803
Region_02,2022-11-07,2297686.9103863616,99.26956105412829,0,0,4.625578175298891,3.467771443150677,8715.633427271334,1108.325967372884,6161.793562841807,3.0,3192,194683.98022647598,4957.538972858288
Region_02,2022-11-14,2297686.9103863616,98.56406933534134,0,1,5.253774192000436,3.3880093191342215,9886.696053194873,1169.0025337350041,6285.009575290213,3.0,3194,225969.0501161391,5257.959356742151
Region_02,2022-11-21,2297686.9103863616,98.69020265767136,0,1,3.6835963410164663,3.4414242992483275,7716.799786519855,1073.4973359260637,6677.649944225379,3.0,3196,227104.73165606137,5616.171134192928
Region_02,2022-11-28,2297686.9103863616,98.33266426287878,0,1,4.276836880194185,2.647872880745693,10216.165230921919,1012.2847281395032,7549.126803982051,3.0,3198,250229.9589487716,5489.8104507560065
Region_02,2022-12-05,2297686.9103863616,97.9619453664787,0,1,0.7146936066375367,2.5466722984186103,9778.276721063688,1122.6270031178055,7759.386849395707,3.0,3200,240198.62551239575,5276.562783528638
Region_02,2022-12-12,2297686.9103863616,98.89670269713496,0,1,2.204270982657089,2.925734894924103,7837.641297030033,1022.0224715587767,7550.578640131033,3.0,3202,235956.0473345982,5645.033356040211
Region_02,2022-12-19,2297686.9103863616,98.95883839136086,1,1,3.24899858160541,3.1341380510597134,9569.021659054908,1090.7472962600802,6768.003519994175,3.0,3204,248581.04281421026,5449.435926938838
Region_02,2022-12-26,2297686.9103863616,98.85006914710388,0,0,3.079938622741528,3.400101735362831,10406.543127868295,1110.795512385072,6631.6394246106875,3.0,3206,209178.41720313704,5411.032238384469
Region_02,2023-01-02,2297686.9103863616,98.89254475975169,0,0,1.14132008554396,3.416097038721257,8942.126839004064,1116.0654999973253,7286.8269187335,3.0,3208,228465.67381850677,5027.041146633332
Region_02,2023-01-09,2297686.9103863616,99.32966489116633,0,0,0.525763940318817,3.9189793895885785,7811.520876381127,1014.6358848259331,6700.679031471485,3.0,3210,219617.5303061145,5270.079008470225
Region_02,2023-01-16,2297686.9103863616,98.97886265318961,0,0,2.553035121719892,4.005511004559209,9076.057882928171,1024.2132532576643,5641.404497567747,3.0,3212,227202.62750601882,5941.93533454194
Region_02,2023-01-23,2297686.9103863616,98.71343766846911,0,0,0.5511760900806124,3.807480979896696,9600.778469425699,898.5665944295195,6949.139201065667,3.0,3214,194033.4873643122,5321.430479561662
Region_02,2023-01-30,2297686.9103863616,99.04177339754227,0,0,4.842757688720178,4.06402324242898,7802.729872554154,1199.1886635239066,5645.129306765816,3.0,3216,224115.09474714196,5196.816592683208
Region_02,2023-02-06,2297686.9103863616,98.28357875229709,0,0,3.6522422192121926,4.340802750275503,7597.581575446476,960.9014626791392,6152.879279121296,3.0,3218,212259.56506565545,5311.636251443574
Region_02,2023-02-13,2297686.9103863616,98.77896467275174,0,0,2.9666966502982395,4.529680117705738,9556.484458798324,1040.210275192925,5648.705904201905,3.0,3220,213161.71216038358,5425.178909843567
Region_02,2023-02-20,2297686.9103863616,97.97637480533996,0,0,3.1132666229944936,4.408799951466737,9998.891796319422,929.863432448968,5934.644086426159,3.0,3222,231663.29900160278,5613.8538843934275
Region_02,2023-02-27,2297686.9103863616,97.85349140105225,0,0,4.505897027462198,4.493241603087708,12200.051534628783,986.384480138884,6641.16667045027,3.0,3224,212242.300180851,5542.377583093789
Region_02,2023-03-06,2297686.9103863616,97.05407496446858,0,0,3.9393180221332385,4.911239061387627,9765.302746478668,836.7132175625993,5661.7338054149795,3.0,3226,222038.65097758203,5169.166050688518
Region_02,2023-03-13,2297686.9103863616,96.52594913350141,0,0,7.905329508967182,5.054504059736498,7371.449175632915,803.2754688416613,5194.098762121087,3.0,3228,206046.46563997853,5706.25641765928
Region_02,2023-03-20,2297686.9103863616,97.17478256280388,1,0,6.881204799268614,4.611175298728841,12000.44946457072,808.5220757560105,6149.936243026078,3.0,3230,231175.36418567275,5576.726428130876
Region_02,2023-03-27,2297686.9103863616,97.69701149972124,0,0,9.635214200591497,4.422546184987987,10352.46489968083,958.0119883411447,4771.8124074433945,3.0,3232,198762.48975094993,5231.419374833108
Region_02,2023-04-03,2297686.9103863616,98.2726726496103,0,0,10.806318576193572,4.21996658291022,6541.626961932487,937.8824959075324,5254.724605689046,3.0,3234,214365.4556980622,5307.726907532005
Region_02,2023-04-10,2297686.9103863616,97.5481785078411,0,0,12.413289289866816,3.9936695593459954,7571.817051569508,935.7800672870643,4459.021941733913,3.0,3236,219121.07336766357,5484.507503978807
Region_02,2023-04-17,2297686.9103863616,97.02265042874026,0,0,12.292296709792797,3.36028426867248,8209.096023014601,1016.9636499117969,5350.540747426016,3.0,3238,227323.2486523766,5612.181322874803
Region_02,2023-04-24,2297686.9103863616,97.19258671315583,0,0,14.524690653085546,3.9274575270078182,10021.084291662626,839.1597942121911,5413.544115861296,3.0,3240,206315.1801711224,4941.3440766446
Region_02,2023-05-01,2297686.9103863616,97.55024545824551,0,0,15.796951028459786,3.664571243104957,6184.5752486489955,922.8588312384879,5384.077866566664,3.0,3242,208630.94800610968,5340.743030796434
Region_02,2023-05-08,2297686.9103863616,97.15048861569619,0,0,14.931840729584216,3.423386750242053,8680.765459008215,875.1268902809347,4845.36014390928,3.0,3244,206375.86544617178,5290.481387055227
Region_02,2023-05-15,2297686.9103863616,96.86102792442423,0,0,15.782771128264299,2.8408742137239087,9935.695732999722,804.6558791423508,4977.250995594241,3.0,3246,210948.49287525323,5159.972870429962
Region_02,2023-05-22,2297686.9103863616,96.29535410139492,0,0,15.151875286946009,3.1008029091320033,5776.856700942275,890.0670261444361,4893.082626821874,3.0,3248,204921.72725618305,5173.022098203521
Region_02,2023-05-29,2297686.9103863616,97.12447674668569,0,0,15.10243387631073,3.073543453265215,9884.722037603186,934.520956841517,4519.771093478545,3.0,3250,192887.50067362623,5619.065008351151
Region_02,2023-06-05,2297686.9103863616,96.88699884715892,0,0,19.006759969192338,2.9682693717403454,10064.53734684762,844.6697856476223,5612.367558987342,3.0,3252,203751.24090684042,5466.340041062285
Region_02,2023-06-12,2297686.9103863616,96.90264499896531,0,0,18.38874551014285,2.8788689660061806,7783.286616269771,911.2429912716135,5437.879210845624,3.0,3254,214352.04378216053,5935.491493159359
Region_02,2023-06-19,2297686.9103863616,96.94446730007662,0,0,18.79777812378196,3.0552102836862676,7433.400929931254,811.8793632271589,4618.523104133647,3.0,3256,211119.0717342246,5132.873268875971
Region_02,2023-06-26,2297686.9103863616,97.49727752681353,0,0,17.055606582636194,2.911203830483741,7765.047240418777,1086.3316667188883,4766.169945799784,3.0,3258,219280.30955869236,5348.5559802565895
Region_02,2023-07-03,2297686.9103863616,97.02104424449732,0,0,20.435882255418363,2.3145335116784675,5918.966707925274,749.4148200030702,4856.095589927472,3.0,3260,221689.11947934664,5375.444219481772
Region_02,2023-07-10,2297686.9103863616,97.6051746616104,0,0,17.598750106027385,1.9270727293844594,8415.2714887545,978.7406202390694,4704.256551029984,3.0,3262,207918.99378334457,5548.496629207586
Region_02,2023-07-17,2297686.9103863616,96.96581430379956,0,0,16.564773470180413,1.5240312863637553,9133.198958837555,813.1062746751439,4836.034557121342,3.0,3264,196713.03127392055,5665.218551840063
Region_02,2023-07-24,2297686.9103863616,97.54867443268841,1,0,16.619618753688567,1.6066266387869317,7360.118654342332,858.3760592540393,4697.536562723386,3.0,3266,232573.89857770738,5327.5070217360735
Region_02,2023-07-31,2297686.9103863616,96.69102464013605,0,0,19.44043563030454,1.8856323509468762,10224.471474960163,880.2180089508644,4239.659442717072,3.0,3268,213713.3194877761,5039.918610956769
Region_02,2023-08-07,2297686.9103863616,96.638746814202,0,0,14.917299488134557,2.3253740399079215,8974.270509721122,1004.8208950841191,4518.320373767217,3.0,3270,212148.11533088348,5137.9444669492495
Region_02,2023-08-14,2297686.9103863616,97.45146542505344,0,0,14.86140222028457,1.8349057147275456,9188.74380894911,985.8584351119636,4238.605307546228,3.0,3272,226532.02854046234,5329.528052064008
Region_02,2023-08-21,2297686.9103863616,97.80009347917627,0,0,19.652745243823176,2.0209867424033217,8320.123298762071,884.3532152718157,4634.272938771906,3.0,3274,217126.6491396003,5581.753354307029
Region_02,2023-08-28,2297686.9103863616,98.0107146234969,0,0,15.956074578336567,1.8364653847419952,9879.21609422364,992.961923443724,4929.42229818808,3.0,3276,214617.67875655924,4950.659949456915
Region_02,2023-09-04,2297686.9103863616,97.4865070526848,0,0,12.618201608212331,2.713502808086658,10724.819947884132,1077.7204753147569,4301.673543870158,3.0,3278,216486.92415930828,5036.381274953279
Region_02,2023-09-11,2297686.9103863616,97.11910643060062,0,0,11.2146680583221,3.128569047282029,8313.23461943973,967.7340142665514,5051.467951422482,3.0,3280,224333.83828442858,5545.344854159061
Region_02,2023-09-18,2297686.9103863616,97.7913043411162,0,0,9.405479524278395,3.639137670922376,9905.907926009362,910.0082097830737,4636.775533790267,3.0,3282,207213.21498419257,4987.722853642118
Region_02,2023-09-25,2297686.9103863616,98.02747408674469,0,0,11.109964661374915,3.879869616996368,9922.259746616362,1048.638131280877,5061.1137874055175,3.0,3284,206439.06039185546,5067.411260444366
Region_02,2023-10-02,2297686.9103863616,98.47259871024498,0,0,11.092030531683225,3.994436075938926,9408.910494211132,1048.6468267805294,5360.096227564032,3.0,3286,212853.74737779977,5660.913508541831
Region_02,2023-10-09,2297686.9103863616,98.50949561648535,0,0,11.31390387280886,3.8736611847277502,11364.957330530544,1146.610830074083,4598.264366277521,3.0,3288,204830.23172139408,5323.891947913718
Region_02,2023-10-16,2297686.9103863616,98.3686298744786,0,0,5.244499313954382,3.6938649414801987,7924.847865633604,939.0143914350525,5430.378522809371,3.0,3290,216313.21300106143,5293.999726842548
Region_02,2023-10-23,2297686.9103863616,98.75196068971633,0,0,5.175088649800568,3.4538334153929044,8295.758221049402,960.6373492404126,4610.444498230784,3.0,3292,217253.10392819496,5733.141063164117
Region_02,2023-10-30,2297686.9103863616,98.8816372069443,0,0,6.102888757299535,3.639106112811505,7865.079678784509,1129.6411466745574,6197.162947670373,3.0,3294,216718.89160398796,5117.543633679557
Region_02,2023-11-06,2297686.9103863616,98.79665720640028,0,0,9.63698710993937,4.107226952562095,9852.545226456628,1213.4789756909872,5179.228797306949,3.0,3296,213506.81093782146,5078.303628282621
Region_02,2023-11-13,2297686.9103863616,98.08965367812958,0,1,6.023872487669896,4.000184600345179,8483.334857600597,1076.263240707423,6857.321678562755,3.0,3298,263571.68631041044,5850.549337017967
Region_02,2023-11-20,2297686.9103863616,98.56660782678937,0,1,4.571113675263801,3.7834799573502904,7961.474352565328,1244.2143924028699,6388.795674233584,3.0,3300,255993.29378942522,5523.834187209796
Region_02,2023-11-27,2297686.9103863616,98.78662098260907,0,1,1.578743687060926,3.338428935807546,11341.274908005917,1120.5333988738143,8592.61460532888,3.0,3302,242892.07536328692,5658.355432149967
Region_02,2023-12-04,2297686.9103863616,98.48348995803514,1,1,-0.26362615387377986,3.411836436325601,11593.011339577391,1170.5245830770878,6516.945609039502,3.0,3304,259876.78412642138,5363.3476436414785
Region_02,2023-12-11,2297686.9103863616,99.07311632509916,0,1,2.5781445869024657,3.780616680630557,8412.112552799965,1027.8982189309959,6444.318995873237,3.0,3306,259813.09966082592,5423.606573111213
Region_02,2023-12-18,2297686.9103863616,99.19502257463247,0,1,2.0834112268587104,4.164414877446504,7198.447395199006,1036.5918261865513,7561.90111934543,3.0,3308,236189.9004567449,5254.832414025641
Region_02,2023-12-25,2297686.9103863616,99.32672199418002,0,0,1.6566177263886623,4.577946499523573,11687.316468610867,1105.7522046015415,8514.518943770601,3.0,3310,209948.92101466938,5601.7281720744295
Region_03,2021-01-04,6727234.291610769,100.44194778812242,1,0,1.429349498525815,0.12462198389852953,27766.974187095013,1561.1247486012821,28371.78073383121,8.0,3000,610709.1830465695,15484.643404935576
Region_03,2021-01-11,6727234.291610769,100.77630109827507,1,0,0.9357979765558706,0.15167857509750088,27559.467136502368,1572.2228932339253,22913.64781984114,8.0,3002,622210.480936812,15078.558511675927
Region_03,2021-01-18,6727234.291610769,100.92313833784048,0,0,0.7660022700384508,0.5363542537019268,26284.723275994216,1412.040872497281,25313.429011544842,8.0,3004,611749.1852560478,15780.069153690478
Region_03,2021-01-25,6727234.291610769,100.82884581106799,0,0,4.604131755858928,0.20333587505614692,22947.066239683747,1580.7118533822154,19835.133504425634,8.0,3006,621926.7389397826,15426.61030555738
Region_03,2021-02-01,6727234.291610769,101.82067788818526,0,0,1.586559350001262,0.0710823970955404,24318.68382403754,1381.32917663144,23350.66441488579,8.0,3008,574966.7224268377,14177.05763478848
Region_03,2021-02-08,6727234.291610769,101.45377747775325,1,0,3.001906984698209,0.5843368212057244,28642.618366146417,1568.1881909387057,20995.632347749284,8.0,3010,570709.7808711969,14863.680885566253
Region_03,2021-02-15,6727234.291610769,101.82676339725029,0,0,3.9532968560569413,0.26195516427827803,24193.976588181467,1405.1781865744429,21953.660835533195,8.0,3012,578015.6914458277,14575.515196418068
Region_03,2021-02-22,6727234.291610769,101.78483381406413,0,0,5.75443923662058,0.25161772443894553,27610.200400803988,1768.771969764676,16117.60586033144,8.0,3014,612522.8658352594,15482.526652801327
Region_03,2021-03-01,6727234.291610769,102.01219062779572,0,0,4.177736514356186,0.44101690615126277,25925.903175451756,1227.5470472163586,19822.882441847025,8.0,3016,566269.9094662791,15225.651118989294
Region_03,2021-03-08,6727234.291610769,102.62890228698085,0,0,7.7493166559002615,0.4658264727487091,22080.717311093067,1355.3606383104675,20418.742508181807,8.0,3018,539848.665562091,15006.338017760407
Region_03,2021-03-15,6727234.291610769,102.47311307349645,0,0,6.293661361329798,0.8106517247346252,32996.69323243206,1566.8772838880975,18202.769842423833,8.0,3020,598867.2153920423,15673.752309483569
Region_03,2021-03-22,6727234.291610769,102.77403124456329,0,0,7.8426289318149145,1.2683551753871938,28285.31298334757,1301.1419244278582,17691.475629616867,9.0,3022,575007.1170340276,13492.3782156435
Region_03,2021-03-29,6727234.291610769,102.90680988481817,0,0,11.500354436447145,1.4122544714709446,27189.6097634221,1440.664173116676,19820.632257286106,9.0,3024,544353.3921705774,14457.21956245903
Region_03,2021-04-05,6727234.291610769,102.586159137679,0,0,8.546158430351998,1.8292732891981727,28120.277577428107,1397.7640162919524,18223.919131486484,9.0,3026,594263.3833056914,14477.018618335218
Region_03,2021-04-12,6727234.291610769,103.21520863703861,0,0,12.045650510703599,1.550670649859027,19772.73559533209,1302.9015167901507,15401.328268157338,9.0,3028,578731.6191700432,14970.818668591126
Region_03,2021-04-19,6727234.291610769,103.57080253487555,0,0,13.421441616389787,1.5034088794432394,24028.98511174979,1363.3093335768847,15938.77924261943,9.0,3030,643711.1727311021,15250.22472788876
Region_03,2021-04-26,6727234.291610769,103.35352756911972,0,0,13.30168579970077,2.2249662334213474,20576.35649931787,1259.447599708591,14440.489857323688,9.0,3032,593902.077314731,14783.50647233013
Region_03,2021-05-03,6727234.291610769,103.90532445773877,0,0,13.541489143072388,2.8078453597727666,26362.451021438337,1381.283934381434,17297.809328513624,9.0,3034,609163.9978380221,13857.987180298778
Region_03,2021-05-10,6727234.291610769,103.48961463270226,0,0,17.733074026472497,2.424763594575996,27170.303277951505,1527.3163047893113,16109.316904673851,9.0,3036,592490.8732148642,15153.964643604904
Region_03,2021-05-17,6727234.291610769,103.47514750125968,0,0,15.284213174297326,2.4209348720233566,26428.38385670544,1384.036157023967,16002.181282027044,9.0,3038,573342.2974183311,14877.592973637345
Region_03,2021-05-24,6727234.291610769,103.26053558398162,0,0,16.294202235418012,2.461757259980374,30877.449503510074,1245.591622250964,18488.95505310718,9.0,3040,578027.5635757443,13802.941194985206
Region_03,2021-05-31,6727234.291610769,103.63619157849162,0,0,16.079080766332957,2.5867149714055953,20668.998544630147,1605.6619676559264,16664.174329687015,9.0,3042,625385.8133058518,14620.653424674823
Region_03,2021-06-07,6727234.291610769,103.39634990072506,0,0,17.31027099129526,2.9689277699183463,22950.73837269855,1671.444083148543,20181.648876197534,9.0,3044,616894.7822780707,15159.662508537303
Region_03,2021-06-14,6727234.291610769,103.77559145920557,0,0,18.926306909543,3.5206754947996783,27533.128568968816,1321.7991307846535,14965.338460972744,9.0,3046,549467.054781728,16083.987015184373
Region_03,2021-06-21,6727234.291610769,104.0728215305001,0,0,17.35457652804165,3.5319003474782007,26918.88953945928,1294.6585344073505,15812.384594338544,9.0,3048,555248.3007493468,14007.353557819924
Region_03,2021-06-28,6727234.291610769,103.88519695679351,0,0,14.778875300888844,3.8684960864673212,21240.784803622042,1393.0815365106732,20146.13459232505,9.0,3050,559328.225869358,15473.411038831451
Region_03,2021-07-05,6727234.291610769,104.80005575252166,0,0,18.77035527422523,4.062954911399177,30960.65593858121,1421.4198353591132,18241.325460609885,9.0,3052,624682.2508661356,14091.43016853263
Region_03,2021-07-12,6727234.291610769,104.42743842765992,0,0,16.32416933112121,4.056615677995797,32613.329113456304,1428.7713615476118,15093.165695108255,9.0,3054,542338.8313449213,13888.688845401364
Region_03,2021-07-19,6727234.291610769,103.72293138463155,0,0,18.880349202347176,3.5471682256863817,27579.584473839597,1418.2135212332528,16101.662769658202,9.0,3056,616445.7696677614,13944.669525104358
Region_03,2021-07-26,6727234.291610769,104.1509809529659,0,0,17.478142843893263,3.8527103116980967,20632.696890247804,1515.7758459513898,16774.196827432115,9.0,3058,604321.4286564771,15279.51571525429
Region_03,2021-08-02,6727234.291610769,103.07627698257215,0,0,18.498311860192953,4.034268425363702,26501.37296778444,1453.437437894218,14647.834583398328,9.0,3060,597028.3596625705,14933.771455135658
Region_03,2021-08-09,6727234.291610769,103.82218539573748,0,0,15.161355275273436,4.151145194397705,27229.17856902693,1597.822208469141,17070.462176207202,9.0,3062,577991.4066182097,14575.486005930965
Region_03,2021-08-16,6727234.291610769,103.87306233400066,0,0,15.18525417961732,3.856765422893321,24840.152777061547,1395.4174848293162,20818.948369141475,9.0,3064,628186.6923499824,15189.089388191813
Region_03,2021-08-23,6727234.291610769,103.15956979659805,0,0,14.794927226936336,4.444506604875114,31668.561853885352,1391.8097916112208,17033.86855851949,9.0,3066,596986.3711066484,14866.282929004781
Region_03,2021-08-30,6727234.291610769,102.68533754535936,0,0,12.321094669923603,4.490248169609773,25427.898969087964,1267.1553716083642,17958.172778771237,9.0,3068,551672.3075522679,14878.60604639396
Region_03,2021-09-06,6727234.291610769,101.86829320760185,0,0,15.38491568942322,4.147835496964909,35478.22429222061,1537.7918034338152,17073.704817050548,9.0,3070,560904.0565325944,14638.64703608753
Region_03,2021-09-13,6727234.291610769,102.05973468395362,0,0,10.398704722173289,3.757139383023589,29099.044457517983,1664.0596170851327,14514.151735630947,9.0,3072,548743.7389324394,14118.572123287035
Region_03,2021-09-20,6727234.291610769,101.39627759845749,0,0,13.560495741267728,3.960381103162759,26967.967544285653,1401.4289665573058,19301.05138346448,9.0,3074,633313.1732708127,16184.670906928664
Region_03,2021-09-27,6727234.291610769,101.64732211380547,0,0,11.600891160053072,4.172556025084843,29704.598413073563,1578.6909977046325,14882.009371252283,9.0,3076,640886.4996056636,15977.633644691408
Region_03,2021-10-04,6727234.291610769,101.49491003807869,0,0,9.701699001485718,4.033652978090848,32553.033061184127,1424.4037687723812,16208.999617102863,9.0,3078,629890.9165163693,16124.06639720555
Region_03,2021-10-11,6727234.291610769,101.25722796797264,0,0,9.553380780909587,4.172440526489937,29609.50893554491,1584.5858876768034,19609.70645901853,9.0,3080,593475.3451956738,14505.054692959859
Region_03,2021-10-18,6727234.291610769,101.51190095140343,0,0,8.562074618195027,4.37272242925124,25581.322681185608,1609.7132162575494,18443.298112370354,9.0,3082,556340.4862064591,14385.402676164364
Region_03,2021-10-25,6727234.291610769,101.82365661621748,1,0,6.562519036292684,4.414699995550317,23435.4472257055,2015.431466525396,16492.658720754473,9.0,3084,582263.1546481372,14603.063387912014
Region_03,2021-11-01,6727234.291610769,102.39655805224021,0,0,6.729439345189559,4.204297659267005,21865.753688438155,1569.7457749518308,22295.654222433728,9.0,3086,568756.0499748164,15720.820998086223
Region_03,2021-11-08,6727234.291610769,102.0796688841249,0,0,6.552257018926266,4.4927044440171935,17941.74083563509,1941.579620771132,17959.15531803234,9.0,3088,599242.0253087248,14965.238681253813
Region_03,2021-11-15,6727234.291610769,102.06476415279442,1,1,3.277994684342115,4.743993837164551,26559.10859185864,2080.1780233048594,20797.758898165826,9.0,3090,686563.9263267166,14560.930581995883
Region_03,2021-11-22,6727234.291610769,101.74710058652873,0,1,4.5312064431405545,4.914297849179358,24412.30501878185,1690.3909596335743,25693.826526184457,9.0,3092,671400.5763608257,15261.49203826464
Region_03,2021-11-29,6727234.291610769,101.82859432430212,0,1,-0.523358571520145,4.664178286145966,24609.153665603437,1747.2680688516257,22454.06463616088,9.0,3094,610434.8349196909,14442.524386423924
Region_03,2021-12-06,6727234.291610769,101.43944948166705,0,1,0.02195194492423136,4.264868538094676,30191.679859941112,1760.5857839886112,21345.201178641917,9.0,3096,560358.8903971673,14060.478058588767
Region_03,2021-12-13,6727234.291610769,101.2274011164168,0,1,3.3666600358513277,4.287825711216408,25442.64945650612,1588.2412053678663,24192.365312197624,9.0,3098,589749.637758604,15092.678169771987
Region_03,2021-12-20,6727234.291610769,101.01790086153126,1,1,1.605721612825283,4.566697049200745,34380.973044404636,1597.9901591028542,23611.108055329223,9.0,3100,680338.6698289051,14631.840751184802
Region_03,2021-12-27,6727234.291610769,101.16458133354487,1,0,0.7781717484752899,4.878808913489315,23742.644570446442,2222.998586454197,26298.61220371569,9.0,3102,626024.0966108254,15051.857500155653
Region_03,2022-01-03,6727234.291610769,101.16605881716217,0,0,1.920461789664579,5.054123463719297,22367.18838138541,1808.7061138907266,21085.389540849395,9.0,3104,592030.5083881441,13163.906405369078
Region_03,2022-01-10,6727234.291610769,101.41920962004652,0,0,1.46440152490423,4.918987210285261,21425.724912364672,1620.4843805364073,22647.94027152433,9.0,3106,588350.1988748601,14347.268236472097
Region_03,2022-01-17,6727234.291610769,101.36571132897356,0,0,0.7495537638721119,4.677724990287007,28836.74418196132,1645.073583761258,23970.486505184297,9.0,3108,577956.0811283558,14971.311714239104
Region_03,2022-01-24,6727234.291610769,101.07583499556883,0,0,0.0612965406167274,4.672664941287992,30752.173150653798,1744.6656278448424,18066.562751700207,9.0,3110,564918.0452284622,13865.516357138511
Region_03,2022-01-31,6727234.291610769,101.17147644419757,0,0,-0.035884411326029486,4.670449743900484,23666.92539527265,1669.1902428561984,21055.78889536551,9.0,3112,664128.3618574488,13860.367493911319
Region_03,2022-02-07,6727234.291610769,100.71288447250214,0,0,4.524317650740526,5.002638331860088,22057.228021975694,1550.4598793064615,22140.01348397015,9.0,3114,653675.3041917362,15011.095257716515
Region_03,2022-02-14,6727234.291610769,100.99746338039182,0,0,3.378164685915214,4.858724012963751,32550.059228080212,1672.3617479325515,18867.291638765444,9.0,3116,574906.0686064629,15494.94229488631
Region_03,2022-02-21,6727234.291610769,100.8547307864094,0,0,6.1493427049760125,4.739729229976453,20815.07477287235,1759.600371316185,21270.632729765723,9.0,3118,549547.2506162161,14329.259949211144
Region_03,2022-02-28,6727234.291610769,100.95699049125916,0,0,4.806506779246161,5.356226560058283,30107.39376510241,1585.3356801297655,19897.736877781328,9.0,3120,603718.5621652324,14738.473366575505
Region_03,2022-03-07,6727234.291610769,101.0670024937318,0,0,6.814669552404917,5.821593230974346,23750.190485686635,1384.3919889753806,18396.19225898621,9.0,3122,592932.987486567,14707.327439648205
Region_03,2022-03-14,6727234.291610769,101.86777523592457,0,0,6.975054241807917,5.556759098625119,27461.96780395028,1404.918972480686,18765.536406114094,9.0,3124,616803.6129492708,13789.294570364142
Region_03,2022-03-21,6727234.291610769,102.05856708670596,0,0,8.152144778988182,5.997384668309228,30410.137198238743,1610.7809676761085,17383.749741107018,9.0,3126,623338.8243904709,15804.083411159962
Region_03,2022-03-28,6727234.291610769,102.09517656324084,0,0,9.175261773873869,5.660820144338554,27789.998322750667,1485.1302428510023,20121.14347080331,9.0,3128,562085.6856045978,14754.75908292194
Region_03,2022-04-04,6727234.291610769,101.74899115331061,0,0,9.331439864752788,5.530602529595676,24753.06563856286,1323.5652227779715,17247.833725785607,9.0,3130,634197.4404705538,14724.088057293759
Region_03,2022-04-11,6727234.291610769,102.15018373077586,0,0,9.119861172723382,5.434529480249721,31901.478099631568,1585.337613333544,16464.055488950493,9.0,3132,584809.2799616583,15177.508010662701
Region_03,2022-04-18,6727234.291610769,102.01508097056961,0,0,13.063722932661014,5.411251993425329,27020.69253564327,1621.498341237795,17578.73586879866,9.0,3134,613638.5838376788,13761.000070014588
Region_03,2022-04-25,6727234.291610769,101.25234089760639,0,0,15.227159284628367,5.597178894584617,44952.85081609804,1557.8107078424769,15006.403105249246,9.0,3136,587784.9481108646,15591.520752457414
Region_03,2022-05-02,6727234.291610769,101.15479678647571,0,0,16.20660849131118,5.629120890070394,20034.675651201647,1579.5554240626082,14020.74876031608,9.0,3138,622159.3240743222,15629.190206221014
Region_03,2022-05-09,6727234.291610769,101.25054168365982,0,0,13.714613107247276,5.8135390963860045,19990.331046119056,1396.02144615614,16876.885957762854,9.0,3140,528578.0641090706,14935.800728868138
Region_03,2022-05-16,6727234.291610769,100.84128883483348,0,0,14.205225128970355,5.69298683761793,30035.404629284083,1733.5615083569453,12891.041132056454,9.0,3142,617977.2589505983,15189.012279985292
Region_03,2022-05-23,6727234.291610769,100.78219868227862,1,0,15.156662313615813,5.805253624800004,25751.041683947573,1548.902641728828,15321.600093240797,9.0,3144,585055.9041284093,14573.678580199212
Region_03,2022-05-30,6727234.291610769,100.74645726395407,0,0,16.320114823933558,5.828943676343474,29140.505976106953,1550.544452617002,16226.31802705503,9.0,3146,598446.7583790466,15509.46969759445
Region_03,2022-06-06,6727234.291610769,100.71850331681615,0,0,17.004956759036222,5.412444654012744,21943.7118295572,1618.8641864012443,15906.326514281125,9.0,3148,635861.4632721436,14294.855137043705
Region_03,2022-06-13,6727234.291610769,101.33582425167388,1,0,15.983237254097363,5.557347716620065,26084.927766942707,1630.0058486349178,18275.947227409826,9.0,3150,588017.2724065935,14867.950054812327
Region_03,2022-06-20,6727234.291610769,100.68004532108152,0,0,15.547930769590309,5.5861643271659505,27711.16434987597,1438.28384781622,16794.2121227737,9.0,3152,567805.4990295029,14881.733819075387
Region_03,2022-06-27,6727234.291610769,101.69694655067431,0,0,18.016584452545526,5.371991452807048,23847.541455394792,1464.7464978274788,16795.03823265053,9.0,3154,584651.5919723895,14830.931179964662
Region_03,2022-07-04,6727234.291610769,101.6805288905787,0,0,12.704386348655186,5.244538814278221,26789.5586991136,1400.5581976616006,16118.370498402432,9.0,3156,582252.9630582662,15659.517540467828
Region_03,2022-07-11,6727234.291610769,101.97063450755493,0,0,17.790685763810718,5.12444259084595,21094.425849142048,1472.4414018775533,16025.544024339908,9.0,3158,564266.1341791821,16568.698252578
Region_03,2022-07-18,6727234.291610769,102.03455264082386,0,0,16.350413126791818,5.050967048518501,27452.608305250935,1791.442284956373,15810.503177792167,9.0,3160,598602.10737258,14790.804169240837
Region_03,2022-07-25,6727234.291610769,101.17154085494127,0,0,18.650361731402583,5.578654484708123,32138.508683740034,1787.4658551053835,16115.050175853587,9.0,3162,601036.0183529044,15235.720908906185
Region_03,2022-08-01,6727234.291610769,100.64325202744833,0,0,18.6551005208834,6.20573081640284,21490.286885136084,1874.7267877524912,16358.857940578864,9.0,3164,610500.0089442232,14273.832755231155
Region_03,2022-08-08,6727234.291610769,100.38111408762944,0,0,18.190739567521156,5.387919211399407,21296.54287798041,1656.8070833508677,15468.407902264935,9.0,3166,572640.0207635233,15654.570277760222
Region_03,2022-08-15,6727234.291610769,100.87797399668791,0,0,15.468415663432852,5.5343715304465695,30929.97920903181,1547.687340397524,13372.845214433646,9.0,3168,567385.7537015645,14462.03995143159
Region_03,2022-08-22,6727234.291610769,100.18581342881306,0,0,13.602265247981249,5.8208569409993265,21240.125043725482,1609.9352114859482,14746.58656858204,9.0,3170,592602.457886026,17344.83995682777
Region_03,2022-08-29,6727234.291610769,99.75794471529252,1,0,13.322629498549327,5.756033907595587,29351.037700626504,1285.877540570304,18757.959642896098,9.0,3172,604992.7171300652,13688.826299385273
Region_03,2022-09-05,6727234.291610769,99.84037013543164,0,0,14.149201401122248,6.034460933030128,26089.685061428307,1698.2758838698253,18602.766085369803,9.0,3174,591270.2038821467,16566.083369272368
Region_03,2022-09-12,6727234.291610769,100.07679835932312,1,0,10.368042383778501,6.530711239643952,24302.141244517174,1629.8455211880498,18544.945680109147,9.0,3176,592705.7918955056,15639.470906781551
Region_03,2022-09-19,6727234.291610769,100.29815879773886,0,0,14.004849548496525,6.119158642588727,32240.276024242958,1656.6928638062182,16633.028113075663,9.0,3178,607553.018115555,14090.19519961692
Region_03,2022-09-26,6727234.291610769,99.806156240877,0,0,10.468348394346583,6.159287208456225,29739.018155384318,1790.3669476354962,15242.146140830322,9.0,3180,570228.105366578,16686.997311265717
Region_03,2022-10-03,6727234.291610769,99.00716056078133,0,0,10.750260508664406,6.746311361590141,26982.67785501429,1616.8087334493102,17204.0942720937,9.0,3182,594857.4276843314,14175.222099342087
Region_03,2022-10-10,6727234.291610769,99.27669038238786,0,0,6.363567387352148,6.374981771290672,18733.957331084985,1691.3025889194985,16336.07421892775,9.0,3184,590751.1166035848,14672.555715876537
Region_03,2022-10-17,6727234.291610769,99.99325235315771,0,0,6.696501647062012,6.340412068954208,28791.373539835127,2230.4654038503127,21408.941055912175,9.0,3186,601775.0801781595,14046.94288244817
Region_03,2022-10-24,6727234.291610769,99.82060154546987,0,0,4.304642185175148,6.20589288612598,22034.485880531745,2093.8401027568116,18205.15863342474,9.0,3188,639944.9472061127,14854.669293845842
Region_03,2022-10-31,6727234.291610769,99.24825830322786,0,0,7.813998864351585,6.521460708149881,25028.88261362311,1868.6602567303473,22717.49623874825,9.0,3190,565261.6115996871,14936.799348364484
Region_03,2022-11-07,6727234.291610769,99.03331814199544,0,0,5.2151749163382215,6.878834492308768,25902.457936123476,1950.8235748210968,18681.55969492063,9.0,3192,534519.846205481,15560.008057369738
Region_03,2022-11-14,6727234.291610769,99.2303494286878,1,1,5.551976164227994,6.927532699751834,34392.184820925584,2135.588893119899,25278.51709365541,9.0,3194,625791.696303387,16945.02744799669
Region_03,2022-11-21,6727234.291610769,99.11377785029948,0,1,4.1070345381263085,6.937195488824888,24909.554537965018,2050.9000044815925,20489.13615743471,9.0,3196,595482.5760470843,14638.523424687291
Region_03,2022-11-28,6727234.291610769,99.8173746710569,0,1,4.118841653719295,6.421451135168496,20901.52200529056,1684.1478167493863,28155.659535370334,9.0,3198,540857.8098967946,13082.759402176744
Region_03,2022-12-05,6727234.291610769,100.27986003075904,0,1,2.4101890041615377,6.848351891511877,32255.362587305204,2407.0244914524683,30867.603434320168,9.0,3200,689256.0538365638,15617.414804125148
Region_03,2022-12-12,6727234.291610769,100.37202906386116,0,1,2.2145516743058278,6.742401996904809,28849.6420961162,1999.177296500432,21830.79070642737,9.0,3202,647721.6680105785,14632.295870588261
Region_03,2022-12-19,6727234.291610769,99.39486761404648,0,1,2.094866832377719,6.699704479367903,29011.26276183289,1826.3996388525245,22349.850104772533,9.0,3204,651269.3810302208,16473.20699302275
Region_03,2022-12-26,6727234.291610769,99.04873579962592,0,0,2.6667764896064106,6.991184420153772,32346.326365627254,1633.079123644278,19289.106879773717,9.0,3206,594816.6945363608,14968.218117211012
Region_03,2023-01-02,6727234.291610769,98.77472463645309,0,0,2.648177631827042,7.050464322798458,33505.81755933771,2159.739073281054,20995.41052041536,9.0,3208,618257.603283322,14480.617939988626
Region_03,2023-01-09,6727234.291610769,98.40141664562908,1,0,6.275484333226583,7.351616907921906,22634.553290947344,2025.3460970976025,22277.113837163364,9.0,3210,608312.1469781548,14311.153141675582
Region_03,2023-01-16,6727234.291610769,98.49682728156155,1,0,4.754868651660991,7.532639948711548,21001.403987486905,1744.55741627848,19365.924003750868,9.0,3212,645066.3081478802,15460.454157735077
Region_03,2023-01-23,6727234.291610769,98.60254832207917,0,0,-0.14826812031777514,7.59377606696227,29359.264180938808,1835.4027857267179,21357.97912496292,9.0,3214,610214.6138882353,14803.949835882404
Region_03,2023-01-30,6727234.291610769,97.76551088800156,0,0,2.701693577883434,7.68690888550334,24875.108812969363,2500.9294952683413,21620.821856913142,9.0,3216,604810.6603159513,16195.833970159434
Region_03,2023-02-06,6727234.291610769,98.16780991903214,0,0,2.8072853124525046,7.350077061530417,25215.80686677926,1868.8601063249062,17791.186892890608,9.0,3218,603549.2801594549,14781.324030779695
Region_03,2023-02-13,6727234.291610769,98.1758717721953,0,0,5.93210973584619,7.305383022680609,21867.190133164142,1594.2234525045028,22269.6447365175,9.0,3220,648423.1814697478,16087.119149617754
Region_03,2023-02-20,6727234.291610769,98.3546924789496,0,0,4.22139679017181,7.630597137659713,28242.339348533424,1515.908339427171,21160.401466416555,9.0,3222,607774.1929449678,13971.15257954774
Region_03,2023-02-27,6727234.291610769,98.72710564638386,0,0,6.1519153423207555,7.3610051219421155,27482.719656067668,1987.4542064323175,21028.327426849537,9.0,3224,573437.4827706296,13766.868762329996
Region_03,2023-03-06,6727234.291610769,98.34362078671379,0,0,2.7766221782296725,7.146422298332679,25277.45879685621,1673.3577902158627,21848.43514114791,9.0,3226,612683.6976948865,15595.499245449448
Region_03,2023-03-13,6727234.291610769,98.97307363137169,0,0,4.892759686569792,6.882535012118958,21009.745842404143,1776.507059018175,21083.542843190455,9.0,3228,617135.3277013812,14639.054489065995
Region_03,2023-03-20,6727234.291610769,98.9021768528281,1,0,11.22391445435322,6.928549191190774,31019.320716571063,1667.286209729614,17766.67803434996,9.0,3230,611084.4212437222,14718.722946229951
Region_03,2023-03-27,6727234.291610769,99.65845046611157,0,0,9.111073155269773,7.349307847022093,26885.670007319633,1659.5766028766143,13393.732699062248,9.0,3232,597449.5607918825,14155.634971771706
Region_03,2023-04-03,6727234.291610769,99.21148424847098,0,0,8.502309964796483,7.513455845335512,30597.37786101956,1572.3127884892228,17897.298853778622,9.0,3234,567514.184184013,14099.415897285548
Region_03,2023-04-10,6727234.291610769,99.93060755193643,0,0,11.328599748876398,6.860367071377597,18874.010624475814,1586.452104720473,16502.853332434384,9.0,3236,600450.1813372923,15366.024145790643
Region_03,2023-04-17,6727234.291610769,99.47861553975265,0,0,10.334936884121692,7.054954571419863,26095.45673945851,1615.8906585709456,14632.746205050738,9.0,3238,561996.9837803838,14824.091771411004
Region_03,2023-04-24,6727234.291610769,100.75300618305545,0,0,12.411778783496757,6.9223275550438625,23236.00310239259,1885.6986784816356,16790.807818056535,9.0,3240,590341.8622982241,14120.624550351016
Region_03,2023-05-01,6727234.291610769,100.2770893013634,0,0,11.538858467484118,7.075142260786676,26014.650185366816,1657.7983124018108,16079.975211848376,9.0,3242,577557.4089870423,15475.848529756544
Region_03,2023-05-08,6727234.291610769,100.8053826615911,0,0,13.361436147159091,7.0302922081861725,29806.286861399167,1566.6693134026373,13362.723353703544,9.0,3244,625651.5404017223,15737.165908414901
Region_03,2023-05-15,6727234.291610769,100.62418554974485,0,0,14.68047623173842,6.772155241314552,27350.364605509487,1596.025394082541,17457.776637965806,9.0,3246,645962.5242734168,14837.27626937322
Region_03,2023-05-22,6727234.291610769,100.98169674157812,0,0,17.669134956873872,6.750713763821865,25944.407870254792,1414.9963175237228,16174.993567994346,9.0,3248,562928.9984139835,15623.180387088129
Region_03,2023-05-29,6727234.291610769,100.96143420801529,1,0,17.279939938673984,6.618272733709401,25923.627724593243,1290.5918678795292,15619.607112318821,9.0,3250,611743.362776308,14145.666763967789
Region_03,2023-06-05,6727234.291610769,100.41581902033393,0,0,18.041434259138818,6.71058721817602,20476.39948442264,1700.6847409398638,15485.44758403751,9.0,3252,589399.447378539,15314.434490581492
Region_03,2023-06-12,6727234.291610769,99.01740394167771,0,0,17.441467964437347,6.444785704082372,22584.24517150708,1737.5539884824807,18600.72219105424,9.0,3254,614050.0743170099,15025.694638763309
Region_03,2023-06-19,6727234.291610769,100.27119558977417,0,0,19.001808186962794,6.107354747740969,30613.18769763387,1465.8354109975237,16237.334934206725,9.0,3256,600510.1681790251,14291.840407623744
Region_03,2023-06-26,6727234.291610769,100.30770770258167,0,0,16.63139208876957,6.326979301984011,23984.486611710017,1739.876746027804,15824.390178372742,9.0,3258,586250.6819473003,16490.43593957523
Region_03,2023-07-03,6727234.291610769,98.83594266361514,0,0,16.900941082527492,6.659631152393939,30701.165304140493,1855.6822729138764,15631.270983147164,10.0,3260,601348.718926977,15057.660801372296
Region_03,2023-07-10,6727234.291610769,98.9872469668476,0,0,18.55305759996975,6.833648490268884,29288.45453720853,1765.8853687089834,17950.695152632336,10.0,3262,593017.9271371386,14462.679931518998
Region_03,2023-07-17,6727234.291610769,99.3320402951125,0,0,17.348813454367654,6.63901663986701,29521.49144031765,1856.6446208914508,17697.107239266432,10.0,3264,649107.7076459051,14930.296198297596
Region_03,2023-07-24,6727234.291610769,98.97449990335551,0,0,17.459361168939083,6.416995659362067,27198.855995170277,1679.8526317916028,17223.950501061478,10.0,3266,576318.6501036464,14273.770966695549
Region_03,2023-07-31,6727234.291610769,98.6203226344037,0,0,16.837445288353784,6.212248889408745,24235.936716880355,1683.4354129523435,16320.155630787685,10.0,3268,607032.7552395271,14056.48742229232
Region_03,2023-08-07,6727234.291610769,98.61040171088372,0,0,18.464046548991465,6.4793673683338735,25293.94264506702,1770.4822877679237,18276.089689348704,10.0,3270,616082.6260281723,14601.816730796047
Region_03,2023-08-14,6727234.291610769,99.21169882626481,0,0,17.94641538438712,6.2318527108914195,28482.664528062724,1543.815917085532,14250.34983486792,10.0,3272,611217.1261257362,14570.438573669411
Region_03,2023-08-21,6727234.291610769,99.26167888617631,0,0,14.365732625080746,6.497064863780248,18810.13153866857,1732.748691884517,14399.018287966512,10.0,3274,587933.8761436694,14214.03796897119
Region_03,2023-08-28,6727234.291610769,99.99329153834756,0,0,11.90471395351316,6.688135811017489,31180.852791253954,1312.3471627913088,16095.871368867322,10.0,3276,637947.5787144176,15800.541934552908
Region_03,2023-09-04,6727234.291610769,100.55890112461267,0,0,12.650540025018689,7.059453905477614,24003.984525575288,1694.71406945284,14432.35612640678,10.0,3278,537973.3902786458,14302.633298740117
Region_03,2023-09-11,6727234.291610769,100.44450873748093,0,0,11.491398876488352,7.37839982917404,25541.25865401715,1652.659830865352,14034.500721385175,10.0,3280,566422.0270092463,14178.350502063042
Region_03,2023-09-18,6727234.291610769,99.65924685788434,0,0,13.162147825499083,7.541196503858415,25574.311074467554,1664.5583968270143,12778.80177879291,10.0,3282,617912.1324276772,13962.054832787862
Region_03,2023-09-25,6727234.291610769,99.54591143848616,0,0,12.345039657204287,7.10059214884838,25719.844871910234,1734.7594200467274,13806.590822444363,10.0,3284,572839.097174837,13926.517778065288
Region_03,2023-10-02,6727234.291610769,99.80915263868367,0,0,8.453388725443038,7.283630661605452,21246.48568869343,2178.6932227864377,17456.745539920783,10.0,3286,573033.8550529006,15671.835755873302
Region_03,2023-10-09,6727234.291610769,99.8390993768734,0,0,7.903949420125137,7.318272679215159,26469.589553001802,2443.1525563613054,16318.255071655794,10.0,3288,588651.511839558,15145.159272834411
Region_03,2023-10-16,6727234.291610769,100.15631179271905,0,0,5.86695805481688,7.20629655758308,28286.720372941545,1826.71159253639,16437.239193004843,10.0,3290,578207.6269210018,15453.990510309837
Region_03,2023-10-23,6727234.291610769,100.58802178079391,0,0,7.364728688943859,7.614963831903433,19040.533106028743,2047.2553201625585,17275.11577883042,10.0,3292,621564.5704366964,15734.054858813512
Region_03,2023-10-30,6727234.291610769,100.85345105750186,0,0,6.214839982523732,7.569563131050515,21287.49670716937,1812.3708989497527,18627.108070051905,10.0,3294,630489.8361306721,14737.163313436007
Region_03,2023-11-06,6727234.291610769,100.7157867804757,0,0,6.6391647523091555,7.410728455965592,29595.358996883428,2286.462583293065,20831.553087094642,10.0,3296,605826.1639577629,16145.964014778501
Region_03,2023-11-13,6727234.291610769,100.9757285179717,0,1,5.440715675912789,7.7479453063436825,28780.766280646858,2115.663606875449,20391.48804572657,10.0,3298,661585.9322645272,14505.923406981978
Region_03,2023-11-20,6727234.291610769,102.09347063373617,0,1,4.927218471215459,7.6264174992603415,27059.792112290408,1691.5421958693905,23326.596264457206,10.0,3300,585066.7586809612,14227.104686965497
Region_03,2023-11-27,6727234.291610769,101.34853085340066,0,1,1.1031260131721483,7.452569533073533,23357.439480119756,2021.5300371862118,26128.47394849904,10.0,3302,632880.0564928085,15353.732126215024
Region_03,2023-12-04,6727234.291610769,101.5921745868464,0,1,1.9768627398859353,7.114423302403387,28805.88326994279,1984.4236366905727,20820.708293607717,10.0,3304,672796.8481245318,15154.858257518039
Region_03,2023-12-11,6727234.291610769,102.50817622937426,0,1,3.943216015631494,6.8683704959796845,21602.361800286522,1981.7961985673774,22630.14428735017,10.0,3306,660118.688708438,15175.943639998372
Region_03,2023-12-18,6727234.291610769,101.92088123133205,0,1,1.4246012828976198,6.6480536938048855,25346.41623142592,2049.0608463710732,21373.225539463656,10.0,3308,675422.8997465884,15835.22687799487
Region_03,2023-12-25,6727234.291610769,102.421431277255,0,0,-0.38301980448799533,6.834367950499521,21269.28077136311,1850.7439620989092,24861.888809766107,10.0,3310,586339.5878341236,15151.37405044241
Region_04,2021-01-04,7540075.681706696,100.56735862228331,0,0,3.2119843698074853,-0.305721691605593,28304.069018173017,2219.2154712998254,24183.068585571,9.0,3000,682263.8538134783,16727.373695830032
Region_04,2021-01-11,7540075.681706696,99.82893554482888,0,0,1.192431514693958,-0.8630733543761411,24847.253826648357,1983.26784642054,25456.303089691683,9.0,3002,647150.5771789298,17791.375968573127
Region_04,2021-01-18,7540075.681706696,100.18511640203798,0,0,3.8264209510319014,-0.7721044142076947,32481.72087255219,2167.0524711622406,20080.96931661481,9.0,3004,681427.8685401623,16809.31433841955
Region_04,2021-01-25,7540075.681706696,100.04945845145741,0,0,2.492247977256214,-0.9622898018569825,30947.219044138787,1835.9581986384019,22278.725400073516,9.0,3006,707198.5346220706,16974.05633537196
Region_04,2021-02-01,7540075.681706696,100.01923555320249,0,0,2.5005226304227044,-0.9671698772198514,26621.50985716086,1994.4654889571548,24010.837067598564,9.0,3008,637320.571294824,15455.861315695156
Region_04,2021-02-08,7540075.681706696,99.85675819059264,0,0,5.4609154095358,-0.5824450844899819,34153.01092485073,1559.7637188287254,27488.114712485283,9.0,3010,603849.4317995362,19961.127323911343
Region_04,2021-02-15,7540075.681706696,100.51310273630995,0,0,2.0579305859254355,-0.5609816606423824,25124.87933516936,1804.9621840487391,20974.355277487837,9.0,3012,724495.262504511,15252.16992597642
Region_04,2021-02-22,7540075.681706696,100.45704222611023,0,0,6.846350503520272,-0.10809532601553001,28847.20757266784,1661.1756768579135,22055.635883389037,9.0,3014,677933.3098210883,16108.009372469092
Region_04,2021-03-01,7540075.681706696,100.22538545878493,0,0,4.49644803283187,-0.12853938732513212,26445.41158412885,1691.9716447382991,24520.851898093617,10.0,3016,659189.2882148685,16127.826657714331
Region_04,2021-03-08,7540075.681706696,100.00219770211382,0,0,6.525769414123866,0.17354755708182076,32416.308097330577,1866.5110111859212,24576.54784132719,10.0,3018,657259.3308476,18418.679611037962
Region_04,2021-03-15,7540075.681706696,99.83170272416928,0,0,7.420891196798086,0.009319387455676759,31938.821207368223,1569.624576171216,19344.933187183433,10.0,3020,594823.0850909078,16032.151110536948
Region_04,2021-03-22,7540075.681706696,99.291934964204,0,0,7.444794950355794,0.04162658257134772,35254.71743400427,1817.949698038903,16706.562929347157,10.0,3022,666471.7315937657,16810.543385491197
Region_04,2021-03-29,7540075.681706696,99.05586793541927,0,0,7.892537522842004,-0.2382638182147892,29363.53312597172,2012.323872364977,25866.323699537217,10.0,3024,645902.3600901851,16112.471430544487
Region_04,2021-04-05,7540075.681706696,99.11470274777098,0,0,9.445266716552291,-0.48252355039020733,18603.809164804003,1770.6392435180387,20094.005344496658,10.0,3026,661860.0284578031,15677.85788136913
Region_04,2021-04-12,7540075.681706696,99.31689345776223,0,0,9.442449416353387,-0.5499234792769541,27185.27854545338,1866.4021776886354,15286.657800516714,10.0,3028,659991.9480534168,16926.171430576465
Region_04,2021-04-19,7540075.681706696,99.91891298668364,0,0,14.857466278722507,-0.9484836956460403,36674.98162840121,1680.0146936122846,16949.647018384156,10.0,3030,555841.3770644664,15883.100713624186
Region_04,2021-04-26,7540075.681706696,100.03940243645451,0,0,12.115142640309452,-0.9006757041243805,27620.45636850818,1828.5979556435975,12987.293543939726,10.0,3032,673804.3845385516,16593.848850358656
Region_04,2021-05-03,7540075.681706696,99.80216757165608,0,0,15.456206257995063,-0.9915036987827447,21751.34154862492,1791.0082561715901,19370.850691486983,10.0,3034,665414.0094872928,17001.659897802438
Region_04,2021-05-10,7540075.681706696,99.2966475747486,0,0,16.085277411713715,-0.9211297194476604,31022.27967241158,2165.4565470924463,18802.263333660027,10.0,3036,670819.4259044834,18154.411027425554
Region_04,2021-05-17,7540075.681706696,99.4438910151519,0,0,15.849375874361655,-1.3150870148053138,31371.968558967154,1604.5875999760597,16374.23494237188,10.0,3038,651684.8556098328,15453.09443553741
Region_04,2021-05-24,7540075.681706696,99.38520562477298,0,0,15.784567434269388,-1.1045673216099863,26003.366762895428,1583.8474692686596,16144.409237621394,10.0,3040,659028.1174548505,16308.245588938642
Region_04,2021-05-31,7540075.681706696,99.3430470027659,0,0,16.87454369776982,-0.5952832219685685,27946.5428528472,1579.9899043828805,21303.86053408595,10.0,3042,664395.3636212605,16369.85316232709
Region_04,2021-06-07,7540075.681706696,99.47431176133995,0,0,17.94190285610693,-0.14932329219178891,25539.12210631618,2158.8959422373186,16061.777639804262,10.0,3044,668173.9179204695,16493.79303418258
Region_04,2021-06-14,7540075.681706696,99.73400630196231,0,0,17.630832632378144,0.42184866666867854,31364.959244861173,2045.0321734513905,15749.006957286854,10.0,3046,675958.1476018847,18759.85176828798
Region_04,2021-06-21,7540075.681706696,99.86887391403054,0,0,15.417411053442965,0.4345779650436203,29247.549277785125,1756.7766465581844,16924.945156271224,10.0,3048,668000.5211133491,16306.74841536905
Region_04,2021-06-28,7540075.681706696,99.78361486240819,0,0,15.214204018409271,0.3288796090426405,24347.75365148485,1507.9465921004248,18079.572229017667,10.0,3050,722215.6959248326,14509.640327688488
Region_04,2021-07-05,7540075.681706696,99.38292396038648,0,0,20.263482335717658,0.4751546710036516,28958.80472084907,1567.5649960970115,17383.774390377966,10.0,3052,634860.6237200105,16283.662446593698
Region_04,2021-07-12,7540075.681706696,99.07653157594847,0,0,13.989600137961226,0.40368874025487267,25980.654709450602,1803.1848049819343,15012.09070456158,10.0,3054,647330.8985588987,16348.583415777948
Region_04,2021-07-19,7540075.681706696,99.50066148851117,1,0,18.061062269848694,-0.11844240447761967,36106.213562298784,1638.2680463451327,16846.257915923557,10.0,3056,732948.5490824116,16239.112755628905
Region_04,2021-07-26,7540075.681706696,99.28886836931281,1,0,17.127662919743194,0.12734744963917452,33160.537097264205,1965.6057488503066,17065.557595710136,10.0,3058,670862.357191773,15903.700518328074
Region_04,2021-08-02,7540075.681706696,98.61584697309408,0,0,17.324849924006827,0.057026885766481045,28473.219125981836,1804.891235954889,17622.861457827,10.0,3060,693594.6493862701,15457.581495488468
Region_04,2021-08-09,7540075.681706696,99.19563431385019,0,0,14.873920815298197,-0.3831789469569741,29355.07635159639,1972.5600672654468,17720.01768326507,10.0,3062,665476.1582824129,18371.51312945532
Region_04,2021-08-16,7540075.681706696,98.72444506773479,1,0,16.514102217269993,-0.5356636265336536,33763.2286826201,1899.9060114373874,19311.21722387349,10.0,3064,667878.4421337623,16757.200561626832
Region_04,2021-08-23,7540075.681706696,98.7420686196383,1,0,15.61400591718897,-0.5991616722837618,28254.826961461986,1795.7172313585077,15255.579369190984,10.0,3066,710145.0944945643,16339.403933426232
Region_04,2021-08-30,7540075.681706696,98.98765016224303,0,0,18.686035594768878,-0.5956119168125915,32494.301840107644,1832.4802687138185,19158.152375952297,10.0,3068,678519.0562823573,18354.12887309809
Region_04,2021-09-06,7540075.681706696,98.98925935001192,1,0,13.912755446126171,-0.588458417629334,36194.73936012551,2086.779152695976,16692.701339690397,10.0,3070,626711.6595988038,15787.324617577353
Region_04,2021-09-13,7540075.681706696,97.75019040215615,0,0,14.859191756582494,-0.17775249410097738,26941.65380140288,1974.5214296944007,17793.25993819609,10.0,3072,667706.5219872795,16965.649560164453
Region_04,2021-09-20,7540075.681706696,97.9454344004595,0,0,9.666496801128398,-0.5643146408406976,37122.662509576745,1728.011234126346,21895.178744146637,10.0,3074,630306.0254017744,15517.46450644242
Region_04,2021-09-27,7540075.681706696,98.60866602552221,0,0,12.494436419110656,-0.6099578927107303,35536.96423701013,1897.4665145681774,16678.1823159387,10.0,3076,705954.3023535582,17163.76482817647
Region_04,2021-10-04,7540075.681706696,99.00193213952214,0,0,10.339409954435267,-0.873647045483851,30101.941991235188,2297.802770771772,21155.891498563462,10.0,3078,724874.0786840155,15659.494346845247
Region_04,2021-10-11,7540075.681706696,97.93993514852441,0,0,9.440314583999546,-0.4967965701108446,27132.141736035177,2286.002877124868,19790.61572669146,10.0,3080,730645.6605607008,16931.885751162485
Region_04,2021-10-18,7540075.681706696,99.00355731002576,0,0,8.51082750089011,-0.6652328020325325,30045.79140248029,2061.8138579874526,21910.54244857248,10.0,3082,676019.5542365806,18242.361897778275
Region_04,2021-10-25,7540075.681706696,98.3406315340586,0,0,9.722668160624174,-0.7683817532868511,27955.968893409034,1930.5545561596546,17370.641421322143,10.0,3084,648871.3426006715,16618.914544884192
Region_04,2021-11-01,7540075.681706696,97.80142180423634,0,0,6.664871322233713,-0.4534731436784376,25748.853166822642,1962.5635712347585,17360.06373009417,10.0,3086,675191.2815033915,14802.48078635799
Region_04,2021-11-08,7540075.681706696,98.19236060100498,0,0,4.279298952372099,-0.05604069694527619,31410.65437279829,2248.1762579676774,23703.449464230718,10.0,3088,637165.1798599482,16669.124518817905
Region_04,2021-11-15,7540075.681706696,98.41878132645114,0,1,3.7711116751664715,0.3857463644188581,24872.859333551325,2293.0079516205615,23550.48735685072,10.0,3090,778694.122428328,17004.33646283383
Region_04,2021-11-22,7540075.681706696,98.45894887907104,0,1,5.23760525542825,-0.10718756427866244,27564.333672642413,2189.6541910045685,22928.234545883515,10.0,3092,733726.6161597611,17361.19545896215
Region_04,2021-11-29,7540075.681706696,98.17424575797283,0,1,4.087312260180942,0.03768666652775074,27618.769977470285,2081.730702910489,27405.401158511653,10.0,3094,701551.0215879133,17856.852158790924
Region_04,2021-12-06,7540075.681706696,98.83967412208773,0,1,0.6206413017337957,0.11872174992925912,23629.996634692976,1960.7552064407632,24693.84361374325,10.0,3096,726828.5347628172,17976.13674156684
Region_04,2021-12-13,7540075.681706696,98.82001119699692,0,1,3.2918327943056402,0.10335390626524477,32010.906433066662,1818.409725779577,23668.59877676636,10.0,3098,673355.2026279917,16529.92912800537
Region_04,2021-12-20,7540075.681706696,98.03710269218463,0,1,0.6089519253815501,0.12332433959495144,28023.82836299567,1627.7232557996824,27843.935218624683,10.0,3100,653019.7656929416,16061.01315747824
Region_04,2021-12-27,7540075.681706696,98.65325266717386,0,0,2.715716036861706,0.5090565212824617,35238.25787415872,2508.8748084819968,21747.437406682795,10.0,3102,597192.4868616312,15748.794567282224
Region_04,2022-01-03,7540075.681706696,98.76289516365745,0,0,0.7916689422221141,0.8206332893958467,27955.331055920473,2605.0528326013637,23998.303368739962,10.0,3104,670722.5283141191,16214.220884286668
Region_04,2022-01-10,7540075.681706696,99.32039851730144,0,0,1.6361064052039775,1.0897072573926474,27284.44039941754,2458.317082920054,24633.69577230353,10.0,3106,661608.6357670131,17083.355638112604
Region_04,2022-01-17,7540075.681706696,99.60667282902935,0,0,1.415252773907392,1.1517815169373848,25320.376328756578,1910.980677960032,22224.744154436827,10.0,3108,684779.7739516724,15596.043912577798
Region_04,2022-01-24,7540075.681706696,100.80248420213219,0,0,4.798239533369757,1.8329587504623026,29170.567779812878,2085.0921788190376,24190.938084082063,10.0,3110,666235.9364793464,15906.419148229088
Region_04,2022-01-31,7540075.681706696,100.64749906623608,0,0,3.5191234202393495,1.7127718972659096,29195.296050277077,1664.6246516863507,26019.038406556985,10.0,3112,679486.9525735785,17060.023561187645
Region_04,2022-02-07,7540075.681706696,100.65554568689669,0,0,5.30779857631174,1.227983472188583,32413.366291322807,1796.0338649718285,23274.18262009962,10.0,3114,691009.7358987628,16068.839295158981
Region_04,2022-02-14,7540075.681706696,101.01546100887658,0,0,8.354732859825514,1.1484102677325037,29293.29692172598,1645.179593287713,17704.908725019362,10.0,3116,613826.1159190281,16825.445937861063
Region_04,2022-02-21,7540075.681706696,100.86356486597323,0,0,4.765226746968546,1.165731591189204,39701.680692904396,1868.377898096418,20119.69478224014,10.0,3118,691699.1104642705,15950.029650876062
Region_04,2022-02-28,7540075.681706696,101.26488372038838,0,0,7.708467305602587,1.5566868205045608,31054.336389832046,1826.618625580029,23575.687496322258,10.0,3120,649387.7274650339,16852.84876355595
Region_04,2022-03-07,7540075.681706696,99.79117718739454,0,0,5.233031125260658,1.40339340144972,25010.114414128737,1932.312115463967,17524.858331935437,10.0,3122,679968.1301699881,15923.492062116075
Region_04,2022-03-14,7540075.681706696,99.7547855594817,0,0,9.045478068553779,1.550762423658442,24694.59554515222,2086.7929216911916,19529.591668693058,10.0,3124,698539.1531744521,15070.766979276856
Region_04,2022-03-21,7540075.681706696,99.70328932514848,0,0,6.874211414555694,1.1075891413447203,31422.540560432153,1976.0820407155834,19212.961098649506,10.0,3126,697356.2334285893,17353.987888439988
Region_04,2022-03-28,7540075.681706696,99.6336817184044,0,0,9.00808386064798,1.4320145122239294,24892.253486625512,1779.1744114704295,24670.52041600345,10.0,3128,668237.4186401084,16026.177690791827
Region_04,2022-04-04,7540075.681706696,99.19521824415018,0,0,10.805316485252641,1.4525103365607028,31706.842996313953,1755.4145730526152,18518.91246472791,10.0,3130,667283.3032153131,16323.217862414886
Region_04,2022-04-11,7540075.681706696,99.64827966342332,0,0,12.0056402871285,1.3683435151084424,33170.19474461811,1622.5166375153542,17380.242106636466,10.0,3132,689950.1390079585,15929.48170964309
Region_04,2022-04-18,7540075.681706696,99.39605725153736,0,0,10.005697851111327,2.00783924233543,33290.33763346611,1551.6364112909093,19206.274310435725,10.0,3134,612601.9046535637,16940.459413689612
Region_04,2022-04-25,7540075.681706696,99.49619445157336,0,0,11.536306210553594,2.3288113662184617,25455.39690788025,1954.7690739581678,16893.705356305676,10.0,3136,630641.9681908756,16799.743287777754
Region_04,2022-05-02,7540075.681706696,99.47761263171618,1,0,14.634960494506487,2.016858802655605,33298.97259607985,1934.4467975652542,15604.560298440932,10.0,3138,665861.6679350209,16958.427075702224
Region_04,2022-05-09,7540075.681706696,99.72779473564307,0,0,13.992943129029594,1.9840412702587977,30438.073819471607,1595.1539028980412,19364.722582091712,10.0,3140,616601.7929723335,16025.10801747453
Region_04,2022-05-16,7540075.681706696,100.44327513509502,0,0,13.208958502634292,2.8049371322600933,26472.996360535857,2091.479813341803,15508.654766004845,10.0,3142,650964.5158285679,16436.801583026314
Region_04,2022-05-23,7540075.681706696,100.54082706270171,0,0,15.881620883607722,3.3985821682224624,28315.113142919996,1776.6615562275479,17849.557779001934,10.0,3144,648780.54086902,16809.043937116825
Region_04,2022-05-30,7540075.681706696,100.96152557589245,0,0,16.40541366796359,3.6754711073077213,31124.579082040986,2099.241068427015,18941.156485792493,10.0,3146,664381.4475020199,17865.42233945919
Region_04,2022-06-06,7540075.681706696,101.03396066181224,1,0,17.34902067718903,3.1213566662215575,26216.217363722782,1804.3627994166252,17891.07299912556,10.0,3148,673421.6013444993,16743.451498830244
Region_04,2022-06-13,7540075.681706696,100.78095656484899,0,0,18.27399192290427,3.521001747815575,30343.57460360581,1968.200839545091,18384.155499326545,10.0,3150,696877.2501398431,15698.575216552697
Region_04,2022-06-20,7540075.681706696,100.71017779656903,0,0,18.46601157803345,3.3304461989850926,36022.58704320567,2189.1963746014108,18355.859429366963,10.0,3152,680213.4238549707,16745.969839687856
Region_04,2022-06-27,7540075.681706696,100.56840660585762,1,0,16.789411351021542,3.7275015792390973,33512.35868777262,1629.9469561593241,19364.947694679802,10.0,3154,673387.9149526878,16385.01308135205
Region_04,2022-07-04,7540075.681706696,100.85248767181739,0,0,17.383757296930764,3.5107010335726216,29359.13661080206,1813.4648833466733,18506.759506597104,10.0,3156,650085.6587162559,14929.263487236141
Region_04,2022-07-11,7540075.681706696,100.90581369295198,0,0,19.333354032716173,3.6573498974415317,30036.919006396198,1971.4239075417827,18098.783596427624,10.0,3158,659500.2581598861,15043.303476508818
Region_04,2022-07-18,7540075.681706696,100.50868140167098,0,0,16.952757238843844,3.465265109516235,26751.6573008947,2000.0125667648645,17921.702602592035,10.0,3160,660950.7194751089,16461.501719028834
Region_04,2022-07-25,7540075.681706696,100.39770026961438,0,0,16.887491853494726,3.3562810169513995,26864.92160890127,2131.97278702547,16640.10990369505,10.0,3162,751715.3831431987,16587.286326321515
Region_04,2022-08-01,7540075.681706696,99.63474192007634,1,0,14.827244584841413,3.542940007783786,23028.358230007852,1811.1596018208597,21934.851824691268,10.0,3164,629072.2324024602,16274.801794586645
Region_04,2022-08-08,7540075.681706696,99.54244032575113,0,0,16.540850221997403,3.14727048078243,30113.462331836,2140.1221578594927,18294.951095072043,10.0,3166,632312.5759616022,17279.367659186595
Region_04,2022-08-15,7540075.681706696,99.54309325970326,0,0,16.505991682509638,3.8589958910063014,32126.480637522407,1837.0543006180362,16797.441369704593,10.0,3168,626800.572774936,15747.23375111787
Region_04,2022-08-22,7540075.681706696,100.44731735989622,0,0,12.341741438255951,3.550829450842689,28693.75044274107,2117.4598472930365,18143.06347177045,10.0,3170,670555.9204973094,15397.324207556698
Region_04,2022-08-29,7540075.681706696,101.12154339031846,0,0,12.939142401459588,3.225884383025973,25424.346486562747,2058.7047675577364,13873.9413947059,10.0,3172,667753.0246696741,15823.08892867992
Region_04,2022-09-05,7540075.681706696,100.60450609149527,0,0,11.585193773110081,3.41342451340456,29289.384265861092,1945.2269796128173,17586.37267208427,10.0,3174,642515.5533071428,16009.359461934871
Region_04,2022-09-12,7540075.681706696,100.70539080116116,0,0,14.019367451890902,3.801006854391331,35465.86031384754,2122.503730156173,19390.20533549411,10.0,3176,693187.9483394485,16495.717016272734
Region_04,2022-09-19,7540075.681706696,100.8150459582222,0,0,9.045998404130394,3.703896024416657,33181.85251337194,2061.642488613279,15506.455164920904,10.0,3178,674506.6222478009,15862.174561072616
Region_04,2022-09-26,7540075.681706696,100.6998272818398,0,0,10.846266546373556,3.3824552591903263,28872.359324909434,2226.8605068854195,15725.448213666079,10.0,3180,695009.0330640638,14837.917270995888
Region_04,2022-10-03,7540075.681706696,100.6164830193992,0,0,11.076793232418328,3.1057415865839926,39425.800127084,2520.6062796781434,14427.950107062507,10.0,3182,704152.5731819936,14547.776723613346
Region_04,2022-10-10,7540075.681706696,100.4395081477531,0,0,9.317439031636436,2.796735715284296,43471.84189684979,2274.591710418722,18846.33501616396,10.0,3184,595766.6852136478,16649.08685387436
Region_04,2022-10-17,7540075.681706696,101.37586239119474,0,0,7.425536690541108,2.8891896043439,26985.089564620754,2512.609094119393,21390.16074629473,10.0,3186,688296.7475588376,15702.526971574423
Region_04,2022-10-24,7540075.681706696,101.16777026447778,0,0,7.682863483823223,2.8681937683189456,27950.166372061773,2702.739324956832,20479.26600392012,10.0,3188,625075.3306797097,15042.752519396518
Region_04,2022-10-31,7540075.681706696,101.33823883627741,0,0,7.837674574396566,2.9959435509905403,32178.72636074821,2347.6958927118826,21135.21688640388,10.0,3190,672992.6208683037,17115.272705346335
Region_04,2022-11-07,7540075.681706696,100.07372376941282,0,0,5.2940646103194675,3.105404379272766,25288.744421748506,2093.2125339811178,20375.364341717333,10.0,3192,662774.7685145367,17924.049038709036
Region_04,2022-11-14,7540075.681706696,100.48550796111276,0,1,1.3366128846726868,3.3526980657708667,32939.61386532165,2599.3746803077534,22264.520748180614,10.0,3194,691393.9915876811,16572.65396111196
Region_04,2022-11-21,7540075.681706696,101.07763536473897,0,1,5.733513202849681,3.229714859810042,29445.056090435144,2321.682945736527,19751.081286292894,10.0,3196,649974.9070061465,16831.32936788714
Region_04,2022-11-28,7540075.681706696,100.55162035018866,0,1,4.0165260554412185,3.008253438147715,30662.844376646404,2121.9298612128464,26205.10486534006,10.0,3198,729342.6192461024,16903.342603095527
Region_04,2022-12-05,7540075.681706696,100.29567697514445,1,1,2.8667372472606845,3.055141658657982,26602.10081397072,2726.923253353541,25068.548169837064,10.0,3200,665119.5777812102,14885.029167216499
Region_04,2022-12-12,7540075.681706696,100.52142873520764,0,1,-0.4506877138372931,3.038644655838018,25768.436815800957,2591.164102639632,21643.096054639173,10.0,3202,720387.7825000929,17463.87685678171
Region_04,2022-12-19,7540075.681706696,100.53115908241386,0,1,1.7850025558410092,3.114530260145885,21530.83400296772,2033.9306905868373,22788.89032597979,10.0,3204,643540.4117211064,17722.58672667094
Region_04,2022-12-26,7540075.681706696,100.76434387767348,0,0,0.7451131621304943,2.9010163778380162,36234.90938381124,2474.9022586427186,26916.065904014755,10.0,3206,667274.0208651517,18304.681594720278
Region_04,2023-01-02,7540075.681706696,100.6207233453861,0,0,0.17558110555329054,3.0936815646737554,33398.89560624774,1959.9681091831503,24788.086256119655,10.0,3208,729235.4464894828,16285.84918028904
Region_04,2023-01-09,7540075.681706696,101.55235603891185,0,0,1.8536548611652401,2.740169581015521,32082.468177387793,2260.8224643291946,22977.202490128446,10.0,3210,749765.9315743893,15746.863700208001
Region_04,2023-01-16,7540075.681706696,101.21748597284235,1,0,1.4285151323451277,2.608054183196941,30555.808238801208,2775.848341200997,20480.487829650643,10.0,3212,629687.3061996973,17854.841415533
Region_04,2023-01-23,7540075.681706696,102.56327332936645,0,0,1.8147218545492316,2.9467665831768453,20525.575751628105,2168.745249231343,19079.667626754155,10.0,3214,642354.6926231481,17058.194187772413
Region_04,2023-01-30,7540075.681706696,103.18423528804102,0,0,4.025791344668473,2.607372095469999,25910.30305732819,2370.992840879797,24311.074177292885,10.0,3216,648490.8926172749,17417.88321508724
Region_04,2023-02-06,7540075.681706696,103.60029293173318,0,0,3.799487283029773,2.9224450091677916,27907.45128319376,2424.1815812033574,18757.940203632148,10.0,3218,743281.7464986125,16113.934076064135
Region_04,2023-02-13,7540075.681706696,103.08005411455454,0,0,3.2686417799565204,2.4997151972343072,24658.062211600114,1816.9822906120128,20130.94047362868,10.0,3220,661274.746853524,16865.598637216273
Region_04,2023-02-20,7540075.681706696,103.53489530640202,0,0,3.7614469027989488,2.024147434944558,22494.65159483462,2082.1671788056565,23481.269324418456,10.0,3222,699265.3940445376,15751.850266111185
Region_04,2023-02-27,7540075.681706696,103.83686452174233,1,0,4.773194170461278,1.5759887569367308,25045.682062110343,2115.637803945588,22041.171325903622,10.0,3224,688421.3724695935,16646.66626671528
Region_04,2023-03-06,7540075.681706696,102.77705932040587,0,0,5.911048278498341,1.6110306071103917,29214.8549064275,2327.4689716290763,20649.843044990525,10.0,3226,624333.8133476799,16332.206169448214
Region_04,2023-03-13,7540075.681706696,102.07475916679526,0,0,8.039236180223478,1.82990933224327,29215.97692267514,1703.1947423318945,16613.223327218795,10.0,3228,603141.8540835348,18654.19640536252
Region_04,2023-03-20,7540075.681706696,102.253573130003,0,0,6.52163449125978,2.217687563409992,33229.37561489338,1917.52610970751,17830.6685977519,11.0,3230,641260.9037214873,17016.3164676872
Region_04,2023-03-27,7540075.681706696,102.1869232691701,0,0,11.223365384215803,2.581548790551028,39519.04953772504,1730.6510679876596,16557.103119386677,11.0,3232,741157.3714974117,14840.550120111839
Region_04,2023-04-03,7540075.681706696,101.92868416439468,0,0,10.877157986691468,2.8403583660277056,32142.209218922926,1878.3098560636695,17685.951481919008,11.0,3234,669388.2414975747,16528.739563141968
Region_04,2023-04-10,7540075.681706696,102.46815876162242,0,0,6.857401455731644,2.59082333047036,28246.608992366844,2191.08653047797,19215.633144734293,11.0,3236,696503.0011892568,16875.288165014925
Region_04,2023-04-17,7540075.681706696,102.02626911741275,0,0,12.042549165943278,2.3386722702823888,37991.21102301575,1990.684223092057,15472.738519276167,11.0,3238,614528.4443238062,16128.942658262698
Region_04,2023-04-24,7540075.681706696,101.79864864590472,0,0,14.397944061403978,2.5750099667382496,22874.331875530355,1951.7134492752461,18464.991770632692,11.0,3240,649658.584284695,15667.663122610691
Region_04,2023-05-01,7540075.681706696,101.47513375189624,0,0,14.300844238591342,3.0014024987305703,21231.36145540476,1954.7723726173053,18260.840293777877,11.0,3242,687036.2004755242,17124.64490435053
Region_04,2023-05-08,7540075.681706696,101.7302183808361,0,0,13.926006534271993,2.6920602347574705,25388.526408216167,1904.5389713924055,17938.267373162053,11.0,3244,625505.9771336408,15766.506063027398
Region_04,2023-05-15,7540075.681706696,100.8704892809256,0,0,15.213343596458934,3.0802600365742023,32757.56685766296,1916.9047279096173,17278.785995963408,11.0,3246,660978.7853646564,17059.684429298366
Region_04,2023-05-22,7540075.681706696,100.6216533550004,0,0,16.255565907625332,2.5041587960874248,29742.88385122577,1848.9802721445342,19947.22332260442,11.0,3248,633915.3774283311,15696.1866501326
Region_04,2023-05-29,7540075.681706696,99.76027074466906,0,0,17.738253309084218,2.6211363242680217,24484.91739541219,1970.0218112742277,17209.19381197934,11.0,3250,692143.406195286,16131.73533654969
Region_04,2023-06-05,7540075.681706696,99.60383300704811,0,0,14.961005933040127,2.5899941439352565,26003.774147042568,1990.4389726832032,18368.505771822787,11.0,3252,677177.199712154,17369.16643330139
Region_04,2023-06-12,7540075.681706696,99.96535751192687,0,0,16.572602411628495,2.528737220484164,24072.81853163693,2035.4239044963858,15389.667219755138,11.0,3254,685789.305485436,16941.52920085238
Region_04,2023-06-19,7540075.681706696,100.33580575955042,0,0,20.225401731509635,2.538118559694072,24072.728585862365,1879.3278800495423,13659.1724664514,11.0,3256,689900.9395640034,16506.36331753975
Region_04,2023-06-26,7540075.681706696,99.9720065931667,0,0,17.991091827705834,2.2819995035216425,36596.93645579524,2086.575623756067,17548.28847330971,11.0,3258,653499.194535345,16497.723404076103
Region_04,2023-07-03,7540075.681706696,100.23866756962465,0,0,20.291853205317118,2.4158229339882618,28383.00702748313,1928.173480316209,18513.94040968044,11.0,3260,694945.7572081967,16602.376595207847
Region_04,2023-07-10,7540075.681706696,100.14608585850219,0,0,22.420060549460807,2.4340234782260874,37816.41170709913,2109.571930025628,19470.13936858315,11.0,3262,642893.0081855395,15910.498269212916
Region_04,2023-07-17,7540075.681706696,100.82662834504139,0,0,17.02948232919633,2.714616922927079,25375.996576041274,2390.422593229982,16038.469480717387,11.0,3264,683060.4634201304,15355.043697764535
Region_04,2023-07-24,7540075.681706696,100.76164691430442,0,0,15.68420822944232,3.191734041925717,31217.36839587541,2437.4665268394538,20251.965152561203,11.0,3266,600617.6060152403,17055.70700303468
Region_04,2023-07-31,7540075.681706696,99.2751232331628,1,0,16.685352139055777,3.2298091157381563,30005.126978540364,1836.1331628287023,15909.934199274076,11.0,3268,650537.0018336808,17750.505492128632
Region_04,2023-08-07,7540075.681706696,99.7224637375183,0,0,18.232360003622347,2.9841936059266185,33090.89282372691,1948.5418394845428,19407.349113572865,11.0,3270,743953.6466428877,17048.67554197035
Region_04,2023-08-14,7540075.681706696,99.49291413789875,0,0,17.84642979303324,2.642823867730402,30128.999395628027,1882.5501588929903,18879.45344470536,11.0,3272,683446.9066287151,16742.190865264256
Region_04,2023-08-21,7540075.681706696,99.35581416182403,1,0,18.712947493661638,3.1522994131783486,33618.22653489645,2154.726946237715,20165.476928073072,11.0,3274,699010.6983867078,15549.567683859048
Region_04,2023-08-28,7540075.681706696,99.52377589794428,0,0,14.489309694874846,3.623411310368705,31514.114006335003,2034.659909389219,17232.32683428733,11.0,3276,636057.0120892639,17264.02987082182
Region_04,2023-09-04,7540075.681706696,98.81142194140692,0,0,14.449870149678882,3.889622793513648,24621.37784894754,2308.210850811523,15654.462057895556,11.0,3278,628788.9735962222,16949.999325488287
Region_04,2023-09-11,7540075.681706696,98.84874872884623,0,0,11.769184619908469,3.9075789641516208,32369.385429780858,2473.982391851986,14620.637170119762,11.0,3280,654777.0999254411,17160.19800031706
Region_04,2023-09-18,7540075.681706696,99.115997226289,0,0,8.154047890234047,4.152128632241161,28555.25587020997,2229.4728419914914,19229.39893436563,11.0,3282,661404.1334151129,17408.790857961903
Region_04,2023-09-25,7540075.681706696,99.29802932102054,0,0,10.904814395569963,4.543468246559057,25810.92702650143,2382.0346277707627,17697.746544444515,11.0,3284,732061.1011009422,17914.894094143932
Region_04,2023-10-02,7540075.681706696,98.99856369550382,0,0,8.269368619390443,4.358081153423214,32181.846935238013,2354.850891861249,20233.729276274014,11.0,3286,701361.1442836726,15693.839879001354
Region_04,2023-10-09,7540075.681706696,99.49452967726444,0,0,10.000742362846916,4.367019744096803,33299.40901290875,2552.504923434662,24136.033483829175,11.0,3288,671970.1269256325,15631.846990459024
Region_04,2023-10-16,7540075.681706696,98.99578170264147,0,0,5.263384704890795,4.0351490830195695,26971.2394483089,2636.5655921014745,19730.083394257865,11.0,3290,670610.3102521767,16762.27686454752
Region_04,2023-10-23,7540075.681706696,98.6830208864523,0,0,6.054161567583414,3.9964305953313572,27514.719872325506,2386.0438404088723,16395.357138410014,11.0,3292,694027.2336551674,15876.694103448506
Region_04,2023-10-30,7540075.681706696,98.61502016868873,0,0,6.683733429110534,4.459712659282093,23552.637786281022,2834.9382660651336,20586.823069318554,11.0,3294,626435.7960259464,15755.228166712317
Region_04,2023-11-06,7540075.681706696,98.76275434832465,0,0,6.0140252772704486,4.783276995809415,22122.535572186684,2558.4779347796907,18362.006755403858,11.0,3296,607628.8030200175,17671.075554700506
Region_04,2023-11-13,7540075.681706696,98.60048268914666,0,1,4.623859862859539,4.823779036232401,27965.164839284156,2610.946710303842,21581.20113022363,11.0,3298,722138.8231901964,15841.910677143323
Region_04,2023-11-20,7540075.681706696,99.21477613864745,0,1,6.81293176652785,4.015809101234009,32658.79003726602,2248.1398698019116,22662.119135017423,11.0,3300,697114.6263849242,16656.121112098823
Region_04,2023-11-27,7540075.681706696,99.36241924544804,0,1,5.77032452656443,3.819071310602829,26610.769789129004,2320.233769914572,26049.295461597645,11.0,3302,650855.6706028058,15370.597347588606
Region_04,2023-12-04,7540075.681706696,99.40024822729796,0,1,1.8898605551754408,3.8497931000626604,35926.49037647323,2226.674159857197,22732.671127251113,11.0,3304,624747.9735486375,16740.03492671931
Region_04,2023-12-11,7540075.681706696,99.53031630685955,0,1,4.9339845601962296,3.7850190741581144,28121.7913454986,1819.829347974044,29055.49309501248,11.0,3306,725928.6146264202,17732.056105472697
Region_04,2023-12-18,7540075.681706696,99.8967692723404,0,1,4.875767633776858,3.7948508485446077,28138.94242983443,2459.6931635065484,26793.687367183164,11.0,3308,677034.6015255229,17773.611811507548
Region_04,2023-12-25,7540075.681706696,100.01715671891091,0,0,1.8724754461520592,3.867627824917529,27769.605929791007,2332.05447607011,26577.537353468815,11.0,3310,683279.8044591806,17617.075945318098
Region_05,2021-01-04,1330124.140106831,99.09524158342546,0,0,2.068104684278237,-0.16010422772789915,5927.39491455383,497.1012111910736,5020.969856706662,2.0,3000,118933.14475665899,3057.6231374038716
Region_05,2021-01-11,1330124.140106831,99.63999601543989,0,0,1.982246677525669,-0.1623635126712589,4430.486239862765,507.1944349245307,4604.90283827374,2.0,3002,122421.282403411,3295.884988312771
Region_05,2021-01-18,1330124.140106831,99.69983361947794,0,0,1.264966378355538,-0.20719652882131206,5017.851726450917,469.9805889095159,4232.627432079881,2.0,3004,119475.45860528748,3196.9451390959734
Region_05,2021-01-25,1330124.140106831,100.04226002308882,0,0,1.701368539132475,-0.418157329116677,4712.60169014886,465.335177047271,4266.618016018853,2.0,3006,122349.1347648915,3056.856086284162
Region_05,2021-02-01,1330124.140106831,99.83928826007224,0,0,4.895335653369214,0.1357439694893251,4702.577292460099,465.2410757120367,4136.834762014087,2.0,3008,125980.66982983607,3169.1641334345854
Region_05,2021-02-08,1330124.140106831,98.92592998702878,0,0,4.072193287576271,-0.007193597290003628,5142.910045343453,497.9486865718364,4751.084673549175,2.0,3010,122645.53992115459,3285.8381034648182
Region_05,2021-02-15,1330124.140106831,97.78647517709162,0,0,3.180629694038389,-0.6834563611035103,5029.635069343609,429.70104088693824,4365.889570335984,2.0,3012,122237.86234315077,2923.3150743970755
Region_05,2021-02-22,1330124.140106831,97.31429128241273,0,0,3.3060246255404615,-0.14847660307771415,5990.031189660462,434.7861683035538,4022.6977982445283,2.0,3014,128889.28410758641,2972.7352191294444
Region_05,2021-03-01,1330124.140106831,97.57293840084151,0,0,4.31831642823054,-0.4023593984299459,5107.6008564032745,401.685891111801,4208.708185429229,2.0,3016,127949.45123792616,3074.9641441370736
Region_05,2021-03-08,1330124.140106831,98.22188387832364,0,0,6.036431790597478,-0.13238689368673473,5559.992648325775,380.50426759003307,4421.137874728838,2.0,3018,116242.85413240505,2906.828487481836
Region_05,2021-03-15,1330124.140106831,98.3728694909616,0,0,8.532915734620603,-0.33665282238888156,5250.163380712108,431.01717834642136,3808.7195801892767,2.0,3020,122704.48655714875,2907.4490572711834
Region_05,2021-03-22,1330124.140106831,97.84675578627451,0,0,6.795352931563944,-0.16586938171103097,6314.886447846308,422.70782492604985,3415.717794722256,2.0,3022,119928.59409177264,3022.641215825898
Region_05,2021-03-29,1330124.140106831,97.4546937144527,1,0,10.388260410162294,-0.18031358970959216,4889.001932921468,500.7128407648004,3648.3874359055494,2.0,3024,139413.89541046816,3267.593855564697
Region_05,2021-04-05,1330124.140106831,98.13508526377828,0,0,10.295435122481946,0.11978566148451147,4891.065704562155,496.37441257878044,3487.0214394927384,2.0,3026,132544.32403841295,3245.8956149239175
Region_05,2021-04-12,1330124.140106831,97.4796948285075,0,0,11.178556355840549,0.055674389993118314,5720.760278822158,523.2997671921065,3059.5152965609705,2.0,3028,126246.4427458787,3137.7779733877755
Region_05,2021-04-19,1330124.140106831,98.53058126926469,0,0,13.453219536519343,-0.14092158227838802,4879.025454580931,391.61417700960914,3103.8595689363674,2.0,3030,135668.87778897138,3078.2987302060683
Region_05,2021-04-26,1330124.140106831,99.46860003217701,0,0,14.101877173249967,-0.06381562670952369,5512.97650019673,435.0414695848618,2946.4448944908213,2.0,3032,122686.4614296184,3406.896168473826
Region_05,2021-05-03,1330124.140106831,100.53596106711196,0,0,11.611008537492811,-0.17856314614963056,7264.744189897561,377.51458955430724,2955.0428932050336,2.0,3034,118998.21477527771,2972.552174909805
Region_05,2021-05-10,1330124.140106831,100.72631181085417,0,0,12.91849750513659,-0.7573150021692816,4417.186808824354,477.860675130159,2928.006804593394,2.0,3036,120508.98502636564,3114.216343472938
Region_05,2021-05-17,1330124.140106831,100.55554940205492,0,0,14.96070651791327,-0.9377652210623364,6437.218225456139,433.7834154560699,3305.0776063050953,2.0,3038,120856.34398005348,2972.6889280766313
Region_05,2021-05-24,1330124.140106831,100.7337225351307,0,0,16.522045219915587,-0.07713452825470313,4751.7593076197345,444.9449104448397,3461.987407376158,2.0,3040,122757.16414345255,2899.1149350837804
Region_05,2021-05-31,1330124.140106831,101.18801501065667,0,0,18.63073440998424,-0.6235463960168404,6252.602164513022,400.93717587544097,3668.573201816976,2.0,3042,113786.18142609687,3259.387785799026
Region_05,2021-06-07,1330124.140106831,100.8626270577615,0,0,17.181249494019283,-0.5512314491105607,5670.361104398812,509.2547046142911,2646.898233305024,2.0,3044,119293.84298938414,3043.3867852600247
Region_05,2021-06-14,1330124.140106831,100.31202543884842,0,0,20.03567438957058,-0.624100257590533,5597.919848828339,471.0485434890834,3410.5005848819587,2.0,3046,116502.4517940882,3195.5615812417213
Region_05,2021-06-21,1330124.140106831,100.1700571918331,0,0,16.707521268579544,-0.07317428903616119,5001.31787246043,452.52093355688845,2885.318409098688,2.0,3048,127399.34894506085,3046.236985432704
Region_05,2021-06-28,1330124.140106831,99.78390330306691,0,0,17.135303011365274,-0.4064857833038524,4927.197824550667,432.72820778299075,3649.154713760418,2.0,3050,110259.6160989412,3280.7207687997525
Region_05,2021-07-05,1330124.140106831,100.40434654239209,0,0,17.54147624320956,-0.37609475241978774,4590.756325356911,463.88604070690553,3163.3301560304835,2.0,3052,121658.9735945805,2930.343222192031
Region_05,2021-07-12,1330124.140106831,100.09613178552743,0,0,16.715829704334897,-0.17023544726174866,5120.68044940398,508.2503892838423,3034.099313629783,2.0,3054,112814.84822251272,3280.3702298395397
Region_05,2021-07-19,1330124.140106831,100.1439525188261,0,0,19.506641262330476,-0.22402384815518867,4976.661114939847,367.50172227260344,2933.082324869967,2.0,3056,122877.28295233159,3186.876954571667
Region_05,2021-07-26,1330124.140106831,100.63547277913003,0,0,13.325383573969377,-0.4542897644840804,5264.56574308027,519.9727988808788,3106.986244378651,2.0,3058,118366.95190717345,2812.6823384272548
Region_05,2021-08-02,1330124.140106831,101.27539393430294,0,0,16.32829480815024,-0.46094861455818154,4140.2147523492,370.1280151737018,3427.669529963485,2.0,3060,108862.30833767832,2971.8216732039295
Region_05,2021-08-09,1330124.140106831,101.3796735752303,0,0,18.306181847446997,-0.5537974877168809,5133.269020733906,491.2134035458564,3100.673962763183,2.0,3062,125654.76459541444,3242.5834070153956
Region_05,2021-08-16,1330124.140106831,101.57182169353693,0,0,15.519608263765015,-0.6474882378999487,6182.63077174928,376.82511248563736,3705.0882226217295,2.0,3064,104913.22669155641,3320.6643788521337
Region_05,2021-08-23,1330124.140106831,101.0633263797852,0,0,16.914310971395114,-0.36827453393359766,5894.107979998634,395.0113543550402,3451.9554549748045,2.0,3066,119528.92852223605,3172.060256808336
Region_05,2021-08-30,1330124.140106831,101.57485470324714,0,0,17.841044191343464,-0.24738965895171117,5133.543650206811,399.8184424576179,3498.65124151565,2.0,3068,124444.6620759564,3029.4147967662702
Region_05,2021-09-06,1330124.140106831,102.20661632439578,0,0,13.838362346903788,-0.08185959575742105,7513.554376303924,487.36488270235037,2611.06424435224,2.0,3070,129062.45060464217,2955.0089190973936
Region_05,2021-09-13,1330124.140106831,101.27143978818621,0,0,14.590240499832401,0.017229259092455568,4691.455748970307,521.1272462205146,3628.4055276142653,2.0,3072,111747.48478314064,3175.581992652314
Region_05,2021-09-20,1330124.140106831,102.15291269845403,0,0,15.543231599837366,0.3051933789670739,5049.78222122715,388.6167705192638,3395.527879945287,2.0,3074,117206.46171633074,3019.9093700917347
Region_05,2021-09-27,1330124.140106831,101.80258296501887,0,0,11.567429502858289,0.6964712891392653,4115.53432874117,438.1815613660091,3414.571605940222,2.0,3076,127968.10500120028,3048.175319224307
Region_05,2021-10-04,1330124.140106831,102.0998984090865,0,0,9.927905218917543,0.6104573185803543,4815.310973716033,517.0096995963354,3061.8879318819945,2.0,3078,128646.05048184429,3074.238408795948
Region_05,2021-10-11,1330124.140106831,102.13867927149445,0,0,10.38940453409501,0.8562979903425939,6689.358924910988,614.9870387825988,2715.768769573506,2.0,3080,129509.24026623095,3248.4296816666592
Region_05,2021-10-18,1330124.140106831,102.10849134843916,0,0,9.861799815757967,0.46744150167056203,4842.948584644206,517.0653989275278,4456.752278206425,2.0,3082,138714.85887250834,3426.8742201264354
Region_05,2021-10-25,1330124.140106831,102.00523235930073,0,0,7.104937962849256,-0.20847528861985082,4068.080413402247,473.1227218300394,3131.806820420333,2.0,3084,118051.55611905335,3261.279183690854
Region_05,2021-11-01,1330124.140106831,101.50895069328895,0,0,5.556449135808716,0.3394462215637661,5830.750698154107,522.7842052323583,4323.524871463784,2.0,3086,125248.4209533461,3119.1609195570986
Region_05,2021-11-08,1330124.140106831,101.77086469861294,0,0,8.031575003595252,0.23943868949372005,5423.424598167059,662.8553710341503,3882.155858636671,2.0,3088,121932.8845107298,3011.638635349896
Region_05,2021-11-15,1330124.140106831,101.62784236423511,0,1,4.2890970474904595,0.3151805414826258,5794.6949440627695,623.011345262701,4016.4016872246257,2.0,3090,134364.23781064962,3247.478071842866
Region_05,2021-11-22,1330124.140106831,100.9731312035729,0,1,5.802507170354579,-0.0523841972862763,4892.915108298525,509.57570987535695,4397.329671866881,2.0,3092,147852.33893295718,3407.2249415217902
Region_05,2021-11-29,1330124.140106831,100.45562885934838,0,1,3.8104299826550068,-0.4337873113657019,4398.560571587679,560.7888834513537,3816.2598530188197,2.0,3094,134492.32745602238,3299.746870113517
Region_05,2021-12-06,1330124.140106831,99.80940572750269,0,1,5.656799531262074,-0.6476704788353249,4976.876218218684,520.1881902288333,4793.133532733514,2.0,3096,145822.9555556705,3205.821313677493
Region_05,2021-12-13,1330124.140106831,99.54711045235169,0,1,1.246301174533529,-0.4548011598887985,5559.858577448986,516.5512971158871,3988.2584942964813,2.0,3098,139415.81594161832,3097.35155430093
Region_05,2021-12-20,1330124.140106831,99.78966010656787,0,1,0.9559948575426767,-0.6097640000725406,5060.659866819055,436.60907038465723,4547.872781622498,2.0,3100,152588.39356347403,3209.9812963588224
Region_05,2021-12-27,1330124.140106831,99.43410108126842,0,0,3.340058609960573,-0.7105011350429539,5422.403678516065,578.2795150898445,4764.301366381381,2.0,3102,121735.88392625355,3415.0828232169893
Region_05,2022-01-03,1330124.140106831,99.92182185963674,0,0,0.3044910401340446,-0.9338544586630091,4720.067881153252,601.5794881429877,4465.043221555404,2.0,3104,114337.21440806358,3214.839514239976
Region_05,2022-01-10,1330124.140106831,99.86221461992805,0,0,2.2332717009499516,-0.5841180318699091,5452.697299646903,496.32906085752313,3452.8570635364845,2.0,3106,129463.79882933262,3129.95427858139
Region_05,2022-01-17,1330124.140106831,99.71751215900737,0,0,4.555079310031397,-0.32355902914469015,5113.549766423318,498.63312217640555,4281.9701933879205,2.0,3108,120273.90766261026,3033.0096778688594
Region_05,2022-01-24,1330124.140106831,99.7258948741554,0,0,-0.15737814988372056,-0.4688035034732739,4601.879637318102,526.4229345683323,3834.5698381350558,2.0,3110,121289.82699126331,3588.354697050459
Region_05,2022-01-31,1330124.140106831,100.42347234003357,0,0,3.5195607126871757,-0.26356862385616375,5224.392104960592,590.6105372968678,3945.6947270201176,2.0,3112,117202.70715498072,2988.796632209868
Region_05,2022-02-07,1330124.140106831,99.7378029940624,0,0,5.2337471568371505,-0.33713972447986884,4827.564529905981,508.9750900443129,4479.082323690589,2.0,3114,131303.00121528545,3005.910794442993
Region_05,2022-02-14,1330124.140106831,100.56598647977198,0,0,3.9730525170509665,-0.43840449809268667,5612.075382081506,492.85310083374713,3941.626618983118,2.0,3116,123575.52973447,3147.6563683253808
Region_05,2022-02-21,1330124.140106831,101.0460665342343,1,0,3.3043794885249143,-0.45331773050228097,5831.7636119561275,468.54812005826864,3614.851955654287,2.0,3118,132784.07001157195,3111.1775960308623
Region_05,2022-02-28,1330124.140106831,101.0352382867156,0,0,5.061570014009738,-0.260347541039666,5515.5787761116335,434.4882217707766,4710.0251716751645,2.0,3120,111031.32685085536,3308.1796383184183
Region_05,2022-03-07,1330124.140106831,101.62675112910065,0,0,5.024434943938767,-0.5280073955078648,4003.2150970929774,475.0102629804557,3663.0242219703796,2.0,3122,137354.842826448,3291.431389249212
Region_05,2022-03-14,1330124.140106831,101.4655147030635,0,0,7.266898241184374,-0.37728901024266726,4426.593431729425,450.2572812794219,3567.376704117389,2.0,3124,133970.77146051754,2936.4304576769855
Region_05,2022-03-21,1330124.140106831,101.60835389072699,0,0,7.670416345171154,0.3720572816973997,4649.963612522455,514.5114824678504,3220.8224752485353,2.0,3126,130284.87833753158,2995.390883609928
Region_05,2022-03-28,1330124.140106831,101.33764663695612,0,0,8.26581577426219,0.4269936358039617,4539.871999082412,495.1294243131621,4276.534946553774,2.0,3128,117408.46022257782,2984.549189926473
Region_05,2022-04-04,1330124.140106831,101.82088421889877,0,0,10.699221092442542,0.4377090633869075,4715.801438633496,427.51930087669905,3321.012842398645,2.0,3130,117915.51192953401,3237.2972481629517
Region_05,2022-04-11,1330124.140106831,101.46725641628093,0,0,13.332966875224665,0.41245876220875316,5877.509956192141,450.25010289043223,2844.320137087776,2.0,3132,123343.15316282895,3180.5002623302407
Region_05,2022-04-18,1330124.140106831,101.44157252178006,0,0,12.406256632567214,0.5559222607094304,5681.095535206518,481.821554850334,3222.517345538134,2.0,3134,115575.90985527674,3042.24268928863
Region_05,2022-04-25,1330124.140106831,101.78114193094267,0,0,14.852337452005928,0.07280110123758143,4800.731128779096,422.6099508815412,3341.7842683196377,2.0,3136,114601.42335944287,3143.679221200654
Region_05,2022-05-02,1330124.140106831,102.30523675168675,0,0,16.08602272302082,0.583126393103037,5590.758536772924,561.0242004391132,3121.7137775760584,2.0,3138,129384.82403157426,2927.5286602051933
Region_05,2022-05-09,1330124.140106831,101.89465923080232,1,0,13.664557520371963,0.8774824793942424,5374.5359324660485,461.38805304434254,3070.3885556860337,2.0,3140,134660.0643387005,2961.9547559663033
Region_05,2022-05-16,1330124.140106831,102.2712283483625,0,0,15.717269021913152,0.6841277179451384,5090.708944140554,511.6940153762691,3441.8679959701435,2.0,3142,113439.81646011269,2897.1752253170353
Region_05,2022-05-23,1330124.140106831,101.78023580779941,1,0,15.350664519145871,0.6935918869813479,6077.416145988507,397.5493888625278,3413.045496957397,2.0,3144,141276.7893399391,3102.6971263951905
Region_05,2022-05-30,1330124.140106831,100.70507039499495,0,0,14.3606251653851,0.5263874270318167,4632.753863229636,439.4528030352051,3164.765641271017,2.0,3146,116831.93292900796,3090.241191470384
Region_05,2022-06-06,1330124.140106831,100.33103857137955,0,0,17.617289508303962,0.6161579341994206,5156.509282152984,486.8865273481906,3301.0751075197627,2.0,3148,109700.41246779403,2929.6467768720245
Region_05,2022-06-13,1330124.140106831,100.74836855941771,0,0,15.901905514410624,0.634563193245929,4369.798546825886,536.2388052482507,3146.956535117473,2.0,3150,114681.474223771,3153.3199886601074
Region_05,2022-06-20,1330124.140106831,100.74226011992879,1,0,18.493989452806733,0.7031532600414052,4401.3288471880915,522.0195150788626,2999.757115516148,2.0,3152,132702.75015490988,3245.1630269179955
Region_05,2022-06-27,1330124.140106831,100.47476113405068,0,0,15.607853868072601,0.3946567948848934,4171.314318893912,503.59674753341915,3182.170321009106,2.0,3154,123279.5306459191,2944.9176245751087
Region_05,2022-07-04,1330124.140106831,100.5025002957962,0,0,18.256489499216407,0.2501937430832155,4412.614414703155,402.7022305672019,3364.693999713074,2.0,3156,122066.39693780427,3028.5441005882453
Region_05,2022-07-11,1330124.140106831,100.51370013230456,0,0,15.585571486375038,0.5940111169532687,5180.030832345992,462.4124751893373,2628.4275362323256,2.0,3158,128469.46620901728,3146.2546036441804
Region_05,2022-07-18,1330124.140106831,100.82464940673674,0,0,18.778331688966304,0.43387370925399826,4888.929177422034,566.4311856914344,3384.7095019542735,2.0,3160,120011.44094415515,3092.235276891529
Region_05,2022-07-25,1330124.140106831,100.0187944445239,0,0,16.890059831099105,-0.359174651200745,4912.904087007724,464.87925836972374,3086.6180536308193,2.0,3162,118489.76385006402,2884.602375439875
Region_05,2022-08-01,1330124.140106831,99.96761796610664,0,0,16.348958543922407,-0.4043637667553439,4891.365248987481,557.3955393722384,3852.010539290725,2.0,3164,130059.85152535263,3043.639452563022
Region_05,2022-08-08,1330124.140106831,100.02975660187741,0,0,18.273628204013654,0.31908356638322566,6674.253201014903,526.5216032278001,2620.6295894354907,2.0,3166,127597.98591572235,3006.5550392685686
Region_05,2022-08-15,1330124.140106831,99.34707151995028,0,0,15.505730733048406,0.5737468652177099,4313.583089234401,491.3489808033914,3198.5652927146716,2.0,3168,121468.16129887186,3079.9217784854204
Region_05,2022-08-22,1330124.140106831,98.65753030933297,0,0,15.47126016903606,0.3985031234345731,4244.958002502012,480.10869842685105,3042.8181423609935,2.0,3170,124159.40170901311,3058.106979929012
Region_05,2022-08-29,1330124.140106831,98.47517609984178,0,0,14.246593663395874,0.3833225903031975,4506.552890263387,424.343186960641,3472.9543147367926,2.0,3172,119391.48443355961,3326.0313397916652
Region_05,2022-09-05,1330124.140106831,98.47943824147683,1,0,14.478874005364863,0.5872804013010869,5060.987888241912,536.0443785266674,3302.283534918662,2.0,3174,130231.46533311556,3055.9565508193473
Region_05,2022-09-12,1330124.140106831,98.4854612540046,0,0,14.401256479734181,0.060404867928045225,5526.538229087427,542.0793818316127,3786.6621983362393,2.0,3176,138242.33640987842,2863.5065570046477
Region_05,2022-09-19,1330124.140106831,98.20728701333297,0,0,13.16797849963742,-0.19641283055114994,5613.27353036305,506.3503667062127,2996.2044060633816,2.0,3178,120623.67185614807,3133.572589205015
Region_05,2022-09-26,1330124.140106831,97.90861971684942,0,0,10.26429058770694,-0.07690876795222622,5894.629438605926,507.0833409833687,2680.3281539492405,2.0,3180,125606.81560221904,3380.376142908632
Region_05,2022-10-03,1330124.140106831,97.71103155610977,0,0,11.813570452908737,0.40143720419104245,5033.472452620966,543.0970471142972,3548.83957202461,2.0,3182,115891.85970303466,3096.3593046792134
Region_05,2022-10-10,1330124.140106831,97.86029243678415,0,0,7.661179513277085,0.2696402496888163,4820.596888985952,581.2630943030196,3383.8768290089442,2.0,3184,129752.19247796439,3051.8255609164657
Region_05,2022-10-17,1330124.140106831,98.48260294018081,0,0,6.971751815632526,0.7397454614680863,6536.259294510595,636.6369679365727,4042.7959574829647,2.0,3186,118049.87747274546,3088.6767284346943
Region_05,2022-10-24,1330124.140106831,97.37240449695875,0,0,6.971459799941569,0.5134483828680056,3369.3325478437237,661.8413913181379,3047.1545160817836,2.0,3188,137303.18999191307,3225.509695261618
Region_05,2022-10-31,1330124.140106831,97.68390555760966,0,0,7.852415301963042,-0.5022054156572024,5164.249451252493,583.4065650491233,3171.678481215175,2.0,3190,137857.34927610843,3099.8901029560093
Region_05,2022-11-07,1330124.140106831,97.62832972701293,0,0,3.700254896985343,-0.279062163582226,5456.7150305719215,520.9685879168037,3921.8629856947737,2.0,3192,129015.11261338346,2906.7269161189356
Region_05,2022-11-14,1330124.140106831,97.89119086756234,1,1,6.032244950281621,-0.11694248067899796,6776.078380325558,616.5274683256591,4551.766612294018,2.0,3194,167436.97753621757,3068.634111447987
Region_05,2022-11-21,1330124.140106831,98.48396253619283,0,1,3.929793372404229,0.10391280436137637,3987.8849334746233,500.08752568376457,3250.742189496785,2.0,3196,149206.16528601726,3151.3741307490545
Region_05,2022-11-28,1330124.140106831,98.10639949828455,0,1,2.7655287874715535,0.3130442659833768,4803.406138791255,568.6073941309953,5486.8361874674065,2.0,3198,151762.9360150635,3277.839598403602
Region_05,2022-12-05,1330124.140106831,98.57855183723316,0,1,4.5630613442962185,0.37056928231180397,4173.288750269218,619.0449987807209,5015.628182745234,2.0,3200,156125.2090792856,3138.621978937785
Region_05,2022-12-12,1330124.140106831,97.9515304050692,0,1,1.3158638154847684,0.29292472736282016,3906.354042915587,592.0399601397347,3882.773500481805,2.0,3202,152463.49275261027,3132.4798515745965
Region_05,2022-12-19,1330124.140106831,98.01533002145284,0,1,5.660979691216474,0.22671821416375243,4961.296364395751,698.0450837671935,3371.324365930297,2.0,3204,159885.40113948943,3188.165150235573
Region_05,2022-12-26,1330124.140106831,97.89407163678484,0,0,1.7933663244021434,0.08859779366246492,5796.822878588074,467.0212614350142,3562.9580443992036,2.0,3206,119965.47264113199,3019.5861626134465
Region_05,2023-01-02,1330124.140106831,97.91721137078854,0,0,2.2247625563465623,-0.03151943541962074,6130.2857417273935,753.7662832693117,4553.4616686051095,2.0,3208,137544.981701605,3177.306093805735
Region_05,2023-01-09,1330124.140106831,97.42269422836378,0,0,4.3726865313334535,-0.5748298625973479,4723.570630558359,587.8992105445549,4025.0728767208757,2.0,3210,124019.45562076334,3235.5258611171284
Region_05,2023-01-16,1330124.140106831,97.6411359563889,0,0,2.496359978462052,-0.9391222466771563,5653.782896669188,613.1731116500441,4073.047425664608,2.0,3212,122211.43868706917,3008.372553485237
Region_05,2023-01-23,1330124.140106831,98.43427958914627,0,0,4.3031733761427455,-0.9881486361149332,4966.364678861323,494.84686953550107,3871.6789180354353,2.0,3214,127062.78894500647,3209.2125948570506
Region_05,2023-01-30,1330124.140106831,97.94835115373809,0,0,-0.013385906429147276,-1.6604087303182329,5561.300540875017,631.7593775929392,3569.180781074871,2.0,3216,128267.00632389213,3001.572989281982
Region_05,2023-02-06,1330124.140106831,98.0431739145697,1,0,2.7522335125943047,-2.2627606772240387,6083.116892543925,563.7677158372003,4004.249949070562,2.0,3218,128236.91506102466,2994.015079560482
Region_05,2023-02-13,1330124.140106831,98.47111047510921,1,0,4.607014682265079,-2.363045329262558,4968.963953753198,535.6033030076949,3820.0303662444403,2.0,3220,135557.43042092846,3041.8067737121128
Region_05,2023-02-20,1330124.140106831,98.32274011102648,0,0,6.317147680508748,-2.4015446041540622,6012.8093282497775,432.72667328410114,4321.912528151589,2.0,3222,111028.88976819627,3362.6749267165833
Region_05,2023-02-27,1330124.140106831,99.00293657180481,0,0,6.610026863542122,-2.4955512091634087,4264.785263291111,526.2438317301927,3577.9698498132693,2.0,3224,118986.45699116308,2864.296371337033
Region_05,2023-03-06,1330124.140106831,98.78809240109545,0,0,7.296262785549188,-3.209523408569334,5645.295265012195,531.037620790879,4332.383552901039,2.0,3226,119734.51069891085,3070.2830691604026
Region_05,2023-03-13,1330124.140106831,98.72994504949605,0,0,8.754747667191502,-2.743804841587156,5973.88168846162,477.6719792261672,3383.8697283127553,2.0,3228,124577.86770637154,3114.4284958085677
Region_05,2023-03-20,1330124.140106831,98.23336795128277,0,0,8.798004165811417,-3.1746740419505572,5881.885097030884,555.6973740344595,3185.0231278892593,2.0,3230,118715.12226465331,3318.912758600969
Region_05,2023-03-27,1330124.140106831,98.29666312981766,0,0,5.820930517772587,-3.420122363093106,4282.738868263236,510.52022001624323,3005.887022741087,2.0,3232,119030.49853812264,3424.6972907294653
Region_05,2023-04-03,1330124.140106831,98.29817460256714,0,0,12.16330487877054,-3.7986527585329624,4960.339938394058,489.40683415073954,3841.7507328058673,2.0,3234,130731.04506364095,3064.7678267895844
Region_05,2023-04-10,1330124.140106831,98.61612522498959,0,0,9.70779594347719,-3.4089434996181094,5353.080522534862,554.0480934474766,3099.94804687084,2.0,3236,135522.05080701012,3207.8991273394163
Region_05,2023-04-17,1330124.140106831,98.29802220477843,0,0,12.384962825346712,-3.2825174630059606,5467.403317751741,491.4259296809123,2955.4644720273577,2.0,3238,116601.34192552655,3091.313912688657
Region_05,2023-04-24,1330124.140106831,97.95702439250314,0,0,13.10834623809108,-3.4244903993505194,5205.560164179982,513.1891677493209,3487.3743692375306,2.0,3240,128173.7684291451,3068.659228875898
Region_05,2023-05-01,1330124.140106831,98.18827045145314,0,0,13.788776804954916,-3.587587168130941,6339.017998230336,513.3595334166573,3971.3577663901665,2.0,3242,124396.06518233499,3153.360858925259
Region_05,2023-05-08,1330124.140106831,98.88686569649042,0,0,12.885456947271681,-3.5337091979076054,4212.258744361349,514.807665592734,3011.485606064182,2.0,3244,111337.82740670461,2861.276505464963
Region_05,2023-05-15,1330124.140106831,99.20137082030591,0,0,12.396941370174169,-3.9076754882748665,4934.781020588696,398.3761960671567,3565.198426187369,2.0,3246,115860.28484113261,3082.4978607708713
Region_05,2023-05-22,1330124.140106831,100.12507694461148,0,0,14.484517625474247,-3.7934536676309887,3971.6439781180557,500.9086341639515,3672.84022415846,2.0,3248,103668.57767952778,3175.6994058415457
Region_05,2023-05-29,1330124.140106831,100.40273068022246,0,0,17.823228583015755,-3.958047118851489,5615.51468107194,434.4351008889663,2962.4488611393276,2.0,3250,121532.56642306267,2949.35539282714
Region_05,2023-06-05,1330124.140106831,100.66237710814964,0,0,14.913715411379417,-3.802155364267469,5559.670485935573,570.0810648404392,3162.5836643459506,2.0,3252,114107.08913796979,3180.2873247628463
Region_05,2023-06-12,1330124.140106831,101.0020235484846,0,0,16.15970848647131,-3.656438610821473,8453.97232996414,620.8290042442158,2851.799721508954,2.0,3254,121319.2253667896,2854.333470748611
Region_05,2023-06-19,1330124.140106831,101.74610892637419,0,0,18.394604520107766,-3.834522096329322,5967.331681861757,504.35714996430806,3106.2569444549913,2.0,3256,135288.8053007887,3105.2896132603287
Region_05,2023-06-26,1330124.140106831,102.36489395943278,0,0,16.400533980482884,-4.450335552085972,5376.570382046085,494.5510713650091,2850.7754064097676,2.0,3258,127920.53634328593,3309.252742307772
Region_05,2023-07-03,1330124.140106831,101.8224548428784,0,0,17.18542771537864,-4.52438312361883,5315.250734809115,458.0241340887554,3070.2284137759016,2.0,3260,113890.8591173648,3046.2801151646254
Region_05,2023-07-10,1330124.140106831,102.22274578668343,0,0,18.06440326688957,-4.9592250384355765,4878.580457426314,493.0215748739429,3102.5280113634867,2.0,3262,112167.68409560899,2936.377648110444
Region_05,2023-07-17,1330124.140106831,102.35542403958269,0,0,18.191498648103657,-4.935634632667566,5216.982023945129,572.3753811006007,2928.628599727994,2.0,3264,126039.70759446964,2871.836515883695
Region_05,2023-07-24,1330124.140106831,102.25840653163822,0,0,15.909291019215615,-5.012606192731562,5332.303219164161,468.370308962436,3294.31901713862,2.0,3266,111734.04169827953,3136.190911571425
Region_05,2023-07-31,1330124.140106831,101.37194195390951,0,0,17.295062580097444,-5.189004656695526,3810.0107992143985,408.6539492934494,2950.12637283466,2.0,3268,123558.48199840871,3210.5333123396026
Region_05,2023-08-07,1330124.140106831,100.60186149877937,0,0,17.182153056444804,-5.577673340848364,5269.223260793608,602.7461749620899,2792.1055424801234,2.0,3270,136929.42730465156,3091.946750282944
Region_05,2023-08-14,1330124.140106831,100.41962788872283,0,0,14.078285199320732,-5.221636587138695,5193.964921329784,601.8091431165304,2960.0787726139206,2.0,3272,124387.78924915106,3036.828124391478
Region_05,2023-08-21,1330124.140106831,99.68733213450545,0,0,15.62724573001011,-5.357741275617153,6655.528853483221,574.9527273989457,2632.0955202310797,2.0,3274,127465.61439580533,2805.9775608915565
Region_05,2023-08-28,1330124.140106831,99.5154537251285,0,0,13.469643129232253,-4.6517360164826,5015.811186113842,561.527575672515,3273.8517388503246,2.0,3276,127781.86211313083,3127.7924228188917
Region_05,2023-09-04,1330124.140106831,99.87262435150947,0,0,13.903658147379264,-4.641257133645647,4560.873312991129,621.899014351327,3147.745611331359,2.0,3278,118006.06049870564,3021.2961888508676
Region_05,2023-09-11,1330124.140106831,99.5821461897814,0,0,13.921457600851006,-4.535780325140205,5326.13447888876,499.6550725838292,3112.588757411515,2.0,3280,123112.32734191838,3027.1575531334665
Region_05,2023-09-18,1330124.140106831,99.62387749115702,0,0,11.65013678337447,-4.524016666826096,5173.2345699931775,452.15237680472336,2737.931118977596,2.0,3282,114909.00951930258,3362.886819006061
Region_05,2023-09-25,1330124.140106831,99.08890151201747,0,0,12.334416566011184,-4.4215451478710435,5016.617143759475,557.6175885809995,3124.522231808716,2.0,3284,130095.54031654928,2858.142764277405
Region_05,2023-10-02,1330124.140106831,99.23828515450289,0,0,11.186220976360532,-4.0937389479526,4222.7965690515875,607.7552735455881,3359.8930462381263,2.0,3286,116623.23196480804,2901.6683175322373
Region_05,2023-10-09,1330124.140106831,99.49235285023768,0,0,10.397451700846652,-3.762471048728967,4997.526047322141,674.4901335113733,2822.9227262266736,2.0,3288,127249.19666233906,3185.8727475273286
Region_05,2023-10-16,1330124.140106831,98.78088572173061,1,0,8.690139595476536,-4.292453362375774,4690.1620937850985,593.6280582243435,3707.2600117209336,2.0,3290,145861.26162100091,3077.6136915473485
Region_05,2023-10-23,1330124.140106831,98.40494257343161,0,0,8.814311239318828,-4.035804142491667,4952.406893099069,600.5425816766539,3622.6415700644675,2.0,3292,120044.88268235014,3053.4336036251675
Region_05,2023-10-30,1330124.140106831,97.77135743972794,0,0,6.859857578945213,-3.886662316914768,5709.7138452755735,575.799223232029,4140.197487797408,2.0,3294,119781.46052220897,3198.425659284647
Region_05,2023-11-06,1330124.140106831,98.02596483813686,0,0,2.954591476635825,-3.8758946571386113,4623.577579967575,803.1223831468074,3401.365749224982,2.0,3296,124675.55096345516,3235.225980970538
Region_05,2023-11-13,1330124.140106831,98.10796811841095,0,1,3.5069127489340266,-3.362129380095896,4948.878829430084,815.6231502958587,4524.6815665802405,2.0,3298,145392.39775795772,3059.1793647800446
Region_05,2023-11-20,1330124.140106831,98.08311222129316,0,1,3.6950284147297547,-2.8362993345882153,5548.494719791588,627.9131267937037,4022.095983964076,2.0,3300,152004.09849803319,3090.11973488632
Region_05,2023-11-27,1330124.140106831,98.0189714522225,0,1,3.285294498776423,-2.5649204536214762,4913.249726599151,650.5890117257196,5239.527789321593,2.0,3302,144567.96599742796,3204.0190027603685
Region_05,2023-12-04,1330124.140106831,98.18038916993879,0,1,3.452959933643119,-2.727980649940055,7566.4486478950375,530.7844601082104,4440.349341576434,2.0,3304,144431.4149109824,3218.672102383982
Region_05,2023-12-11,1330124.140106831,98.3518149159445,0,1,1.309442245776647,-3.085725589227735,5310.446399419569,605.2261286249025,4336.283281098985,2.0,3306,155383.25083705765,3295.0465343436144
Region_05,2023-12-18,1330124.140106831,98.10402616903772,1,1,5.245528517415717,-2.8594055495776938,4246.356705088016,752.7859889535131,3665.617214880647,2.0,3308,172385.70578960428,3116.323099710343
Region_05,2023-12-25,1330124.140106831,97.78622776710252,0,0,1.9046415429980958,-2.4515454820124636,4510.691703457088,528.8815167753811,4729.731707181057,2.0,3310,124313.8310956104,3235.0121915361337
Region_06,2021-01-04,1963219.4169381198,99.97050240248157,0,0,1.9884683059132435,-0.6085973284639721,6557.891378352262,511.20281675648664,5733.7738094799315,2.0,3000,160381.75456764924,4677.653758640599
Region_06,2021-01-11,1963219.4169381198,99.8756349534817,0,0,1.0522053465140064,-0.28270890934401227,6671.904760126965,536.1443904249028,5128.429058125556,2.0,3002,189915.56152274064,4590.766165049153
Region_06,2021-01-18,1963219.4169381198,100.90597606600636,0,0,0.727400320321681,-0.3591685705496163,8184.204786122677,558.7471522650868,5971.098902665983,2.0,3004,175296.47266732386,4573.6810250719145
Region_06,2021-01-25,1963219.4169381198,100.71402872982082,0,0,2.33041530266344,-0.9018694208739444,6396.064727392054,598.6147260045914,4345.921485155762,2.0,3006,197738.03196008204,4498.4301116452625
Region_06,2021-02-01,1963219.4169381198,100.85886138587801,1,0,2.957677881058553,-0.7610505743049536,7184.877499412074,599.8686676323184,4694.456039500294,2.0,3008,192834.68220361366,4444.446943090259
Region_06,2021-02-08,1963219.4169381198,101.09182463001959,1,0,3.2857729281077277,-0.48823457826279537,8962.698643994896,472.752588441275,4969.831621658045,2.0,3010,195259.6952679579,4379.7930649690725
Region_06,2021-02-15,1963219.4169381198,101.79208677532668,0,0,6.494647929187372,-0.5936391755030263,6984.500712260518,511.1416601934543,4689.656127066791,2.0,3012,173128.91669126163,4470.588583439518
Region_06,2021-02-22,1963219.4169381198,101.38649447945362,0,0,4.505554707006891,-0.9108455649839682,8351.008564756288,500.36374024019847,5305.303574272991,2.0,3014,179501.33395841514,4656.253371474691
Region_06,2021-03-01,1963219.4169381198,102.05631839402444,1,0,5.326588114494199,-0.3972182869156864,5866.239482688869,452.60980315007987,6055.7250385895,2.0,3016,227622.11808624316,4332.052449518836
Region_06,2021-03-08,1963219.4169381198,101.98262060686403,0,0,7.5051578413661595,-0.597809382809857,7142.530142158004,473.65803282089917,4321.022936889263,2.0,3018,173123.9535347392,4498.569555290624
Region_06,2021-03-15,1963219.4169381198,103.23329322168723,0,0,6.906562160265914,-0.24996768758434695,6611.215501473115,475.69523533184434,4508.864437980851,2.0,3020,186451.30403510266,4460.093144673632
Region_06,2021-03-22,1963219.4169381198,103.41459433130031,0,0,8.894483288795838,-0.7038827851405537,7898.121740473299,467.7480350588708,3608.43031511466,2.0,3022,174245.19830323916,4876.457334466134
Region_06,2021-03-29,1963219.4169381198,102.80012976662486,0,0,7.117139450442372,-0.5790812708444277,6465.256031776516,438.52928204633423,4857.478531262034,2.0,3024,185092.4017600287,4656.649364739782
Region_06,2021-04-05,1963219.4169381198,102.70155043030343,0,0,8.093283218351019,-0.4628291235468799,10299.628899156034,454.4498138033186,5030.527116571066,2.0,3026,159343.60226946604,4684.2620165927165
Region_06,2021-04-12,1963219.4169381198,103.36968510896756,0,0,11.147381288725965,-0.2008043215942079,5904.717450051039,450.64524635655306,3992.029211458084,2.0,3028,191229.3618612342,4659.157508959423
Region_06,2021-04-19,1963219.4169381198,103.41045568617317,0,0,11.567098935942687,0.247090696376015,8953.33872772224,408.3225509336259,3435.3206154647814,2.0,3030,176997.62499374195,4370.104592473259
Region_06,2021-04-26,1963219.4169381198,103.38064298237461,0,0,11.623301923995706,0.003001782885394738,8614.104312332584,496.72243868872084,3299.374125379821,2.0,3032,171124.8749410039,4780.04986398695
Region_06,2021-05-03,1963219.4169381198,103.74014156430846,0,0,13.900562977387622,0.15923421445092756,7910.084835565228,476.95759473447083,4217.499292664733,2.0,3034,182847.4290911525,4539.983737530019
Region_06,2021-05-10,1963219.4169381198,103.56764271897468,0,0,14.858168115111713,-0.2507360009916226,7612.748844027931,536.2134260422264,4009.9154851747717,2.0,3036,175470.6228994699,4473.179291897184
Region_06,2021-05-17,1963219.4169381198,103.46227613108321,0,0,14.240135950169087,-0.6641104861334095,9973.216341892003,413.4046812353721,3212.8552274432977,3.0,3038,162515.48262389013,4169.189343174817
Region_06,2021-05-24,1963219.4169381198,102.98993887611744,0,0,15.209892248762415,-0.8376108606016495,10938.666711464657,428.1457749736681,3618.4857746125936,3.0,3040,153778.36253698816,4393.696550092292
Region_06,2021-05-31,1963219.4169381198,103.85434926660064,0,0,16.908795751313587,-0.7148126788197907,7319.699901754126,559.2497279077912,4978.537768539838,3.0,3042,192186.4479443537,4168.659645646477
Region_06,2021-06-07,1963219.4169381198,103.24304362697687,0,0,15.552030528246235,-0.2117523327762717,7731.668907904246,523.3960974234043,4064.395985190135,3.0,3044,172666.98615040936,4443.532131334783
Region_06,2021-06-14,1963219.4169381198,103.32777695685861,0,0,16.574080640320798,0.3459313441739006,6950.400617232379,490.2394048154572,4520.3662989247605,3.0,3046,169330.29897349575,4357.89154884443
Region_06,2021-06-21,1963219.4169381198,103.56771923089957,1,0,18.568437250246415,0.23946394545122407,6336.1176551937215,482.1733114348985,3935.7353126282283,3.0,3048,184096.41046948594,4390.999873140696
Region_06,2021-06-28,1963219.4169381198,103.56089367094035,0,0,17.90591694779591,0.331124283029073,8094.025901097405,536.9598652878472,3820.6055991993467,3.0,3050,187932.36255825177,4190.278113623418
Region_06,2021-07-05,1963219.4169381198,102.93396227319543,0,0,17.28419573406618,0.6140259226162208,7838.9327305908155,494.0832361406972,3771.7968200257164,3.0,3052,170863.89518573886,4647.705534056665
Region_06,2021-07-12,1963219.4169381198,102.43458025933987,0,0,16.587067014311348,0.8436407291589088,5930.604460157846,503.0086766422498,3664.0808322982743,3.0,3054,180633.7038068903,4612.136244591387
Region_06,2021-07-19,1963219.4169381198,102.69583871851817,0,0,16.24771751174982,0.7928037060870646,8085.397291258988,431.6234730706704,3295.0369990478193,3.0,3056,170450.04675641528,4810.119040165802
Region_06,2021-07-26,1963219.4169381198,102.3058990642201,0,0,17.282496719277617,0.8156352174736309,7878.443124400272,481.918567171032,3463.502222213017,3.0,3058,164193.122183557,4855.466438880901
Region_06,2021-08-02,1963219.4169381198,101.26989045297587,0,0,20.122366990080423,0.7825809409649844,6899.663416626567,621.0223645468111,4257.284403788586,3.0,3060,185352.8458974002,4544.9200640526105
Region_06,2021-08-09,1963219.4169381198,101.46337961437041,0,0,17.4325508907611,0.7200687571122432,6832.433693599202,538.9135479110113,3486.1154204618015,3.0,3062,186135.771718122,4713.336097550474
Region_06,2021-08-16,1963219.4169381198,101.02713192439252,0,0,13.988789621026681,0.6176456290644186,8046.412166339634,460.9006438523916,4493.266877689169,3.0,3064,170542.8117582829,4533.908573324206
Region_06,2021-08-23,1963219.4169381198,101.34274156117765,0,0,16.365805517024796,0.581748082060911,9611.800685216973,514.4070866057968,3721.268960271283,3.0,3066,176388.5876238989,4389.264525082462
Region_06,2021-08-30,1963219.4169381198,101.24193091206551,0,0,13.40618806200283,0.46000385758845336,8015.832735491648,469.40562617611425,3995.042772340551,3.0,3068,177250.7323986123,4406.481295405691
Region_06,2021-09-06,1963219.4169381198,101.1170247478086,0,0,13.710499311440204,0.11937855946805126,8488.666925998761,604.1445113055156,4000.605836486063,3.0,3070,182185.11354069324,4698.828024027785
Region_06,2021-09-13,1963219.4169381198,101.14314383931715,0,0,11.953548189614638,0.3781526443823575,6664.7328766117225,564.0436052686086,3716.793216736863,3.0,3072,195188.41763297986,5517.239512216234
Region_06,2021-09-20,1963219.4169381198,100.57389717428696,0,0,14.948657533611463,0.5330299645558788,7095.90938396252,450.4842287575744,4583.475378140347,3.0,3074,175055.42190851428,4792.372560399486
Region_06,2021-09-27,1963219.4169381198,100.16117063048814,0,0,9.263131574470215,1.0960080875064677,8271.880317536765,502.96542108878424,3186.8491415988187,3.0,3076,175402.60782456837,4560.784387907056
Region_06,2021-10-04,1963219.4169381198,100.03120860611081,0,0,10.470418384203189,1.206863493587258,6158.957958460554,613.9183458927664,4239.889741350641,3.0,3078,178184.57987006393,4645.933692219705
Region_06,2021-10-11,1963219.4169381198,99.45903714372552,0,0,8.007720851580542,1.0817754489754756,7789.211132689745,702.6709133401703,2948.76275749152,3.0,3080,171943.5905737005,4628.178530168504
Region_06,2021-10-18,1963219.4169381198,99.81594597345635,0,0,9.193716804764422,0.8938448349673621,8130.909511413794,507.33185296378304,4359.767341125869,3.0,3082,164381.2341870184,4483.306031990943
Region_06,2021-10-25,1963219.4169381198,99.6622564832123,0,0,7.603341633754025,0.9080546551722211,7507.325058339572,647.2403347971265,4589.267242480808,3.0,3084,182421.98812279815,4751.547466318054
Region_06,2021-11-01,1963219.4169381198,98.93753818238686,0,0,8.164043592877892,1.0739172041848997,7921.377664296081,582.7212748147323,5009.089880994718,3.0,3086,185902.66226101405,4504.400662329018
Region_06,2021-11-08,1963219.4169381198,98.65802369299234,0,0,6.53265871813452,1.0005040229278463,7616.6170201846435,533.602713094254,4171.338501769498,3.0,3088,181432.05895586868,4323.907991734334
Region_06,2021-11-15,1963219.4169381198,98.70862497545329,0,1,3.654717930763374,0.5594267823666526,6878.049390588857,603.583049635111,4557.823642330201,3.0,3090,205145.3133830359,4659.7475270127225
Region_06,2021-11-22,1963219.4169381198,98.48557974869735,0,1,8.386217880931332,0.33772368859921836,6327.741113801843,584.6756983532146,5037.658533735023,3.0,3092,198588.00786712967,4743.315323074687
Region_06,2021-11-29,1963219.4169381198,98.68548769189519,0,1,4.249268273327358,0.34313119334278436,7449.242362795001,554.6046848882764,5378.022452049205,3.0,3094,209795.18964557935,4554.02698482967
Region_06,2021-12-06,1963219.4169381198,98.97250586665152,0,1,2.0903588715315555,0.5652162912886147,9182.828143813389,592.8836552482363,4805.284411107784,3.0,3096,208051.9535965939,4634.416941630066
Region_06,2021-12-13,1963219.4169381198,100.17335600462808,0,1,2.8281806477860116,0.11946916277510777,8804.970952674392,629.4006154614001,5404.67932883904,3.0,3098,212239.01174328875,4856.987541530173
Region_06,2021-12-20,1963219.4169381198,100.74867810530843,0,1,3.178715900745523,0.19899419796160855,7169.669000350597,575.5318398357546,5947.790268220659,3.0,3100,209690.10535182848,4597.649514903302
Region_06,2021-12-27,1963219.4169381198,99.93049293312677,0,0,2.9475207256184257,0.265330057038915,7147.3643584389065,614.2698475978864,5158.710798225603,3.0,3102,186391.7676097105,4547.833306594655
Region_06,2022-01-03,1963219.4169381198,99.75037669062743,0,0,2.744042146425168,0.12985710845071896,7068.882993051246,560.5842811449254,5577.65788037549,3.0,3104,195379.55502126704,4480.1151516162645
Region_06,2022-01-10,1963219.4169381198,99.61705604440344,0,0,3.5080522380976253,-0.046219557324613386,7069.019268553932,540.99856956294,4953.189266107867,3.0,3106,186294.5340304471,4519.2371736127225
Region_06,2022-01-17,1963219.4169381198,99.90459150561577,0,0,3.5347219749955303,-0.26711667973799924,7883.8924434250275,555.8372411485875,4514.021017019972,3.0,3108,184755.4938505222,4955.654715141601
Region_06,2022-01-24,1963219.4169381198,99.43779847026491,0,0,1.2485208091625337,-0.22487478872839964,8848.797221872464,620.4266657228147,3865.847797780429,3.0,3110,165364.80657865404,4530.119114600205
Region_06,2022-01-31,1963219.4169381198,99.17217238816573,0,0,6.078432950785176,0.11317081009593452,10602.403477652082,525.0344321737515,5152.6216284184375,3.0,3112,189665.34333386077,4639.20785374391
Region_06,2022-02-07,1963219.4169381198,98.54996645021107,0,0,6.369460799176065,0.4725061569432252,6667.0814821170525,465.99449849664325,4596.350849610812,3.0,3114,177913.01057005758,4489.923778900073
Region_06,2022-02-14,1963219.4169381198,98.24883358846532,0,0,5.213361357490998,0.13531205277768255,8325.610657117963,454.110038811039,4599.6190136653995,3.0,3116,180985.72901423648,4464.101612615314
Region_06,2022-02-21,1963219.4169381198,97.96635081483929,0,0,4.753063810399566,0.07921859857701116,8190.782968103012,532.9525644747627,5145.23725045612,3.0,3118,170030.77893544274,4383.6877821524395
Region_06,2022-02-28,1963219.4169381198,97.80984790841109,0,0,5.539310850217837,-0.578834342118374,7186.450445048573,536.0281678645532,5477.302561103639,3.0,3120,201482.9905023059,4604.23564239982
Region_06,2022-03-07,1963219.4169381198,97.21659153995121,0,0,5.7965680314578885,-0.5460790488120227,6473.765583835093,560.6791030548912,4448.485365695718,3.0,3122,160698.3586904989,4474.813358733119
Region_06,2022-03-14,1963219.4169381198,97.70760440965165,0,0,6.871584566217473,-0.3667846727726808,7869.269976797087,592.5335304957948,4689.2233684948615,3.0,3124,194969.42369287933,4853.0366723474635
Region_06,2022-03-21,1963219.4169381198,97.94371134106835,0,0,4.805298063352477,0.10450368289351553,10377.513495239924,573.8210364054142,3502.9204092847112,3.0,3126,183469.72662055123,4482.647267461103
Region_06,2022-03-28,1963219.4169381198,97.21929645471113,0,0,11.331101737326781,-0.43143353330383183,7861.8063772349,523.850944280515,4797.2704569651905,3.0,3128,164080.85623449343,4519.5215122929485
Region_06,2022-04-04,1963219.4169381198,97.23228292429484,0,0,11.76618046244324,-0.7578515098980192,6709.836555076174,439.3786685228475,4271.26388190578,3.0,3130,199252.2943345197,4497.18344869721
Region_06,2022-04-11,1963219.4169381198,96.44965548442356,0,0,8.449263253393974,-0.7146104693353309,7374.804453156598,507.16749440531066,4553.1004147052,3.0,3132,185378.69405791315,4615.932424168711
Region_06,2022-04-18,1963219.4169381198,97.12078334743688,0,0,13.249507186604625,-1.200126979277718,6363.8480218821105,443.79641738684484,3993.680275578492,3.0,3134,158713.92796750859,4842.460299887925
Region_06,2022-04-25,1963219.4169381198,97.9278375340152,0,0,12.825267184517388,-1.1484633340223267,7571.83828563336,497.7429401806686,3517.5872341064774,3.0,3136,174150.3357814978,4264.223299170481
Region_06,2022-05-02,1963219.4169381198,97.89996888707093,0,0,13.41921616737664,-0.961562570501187,8365.955363122135,691.6735845711661,3823.510851222493,3.0,3138,184305.79521443474,4585.153257476719
Region_06,2022-05-09,1963219.4169381198,97.4736463033936,0,0,15.283780236695359,-1.3459488876871046,6805.7600558363965,505.9895501004554,3797.4058365447604,3.0,3140,194800.4343083611,4156.196216865256
Region_06,2022-05-16,1963219.4169381198,97.1415116395958,1,0,12.690800481920686,-1.306173276672563,4633.524585933642,520.5067120786123,3288.651538165299,3.0,3142,190008.94543921688,4770.877894324811
Region_06,2022-05-23,1963219.4169381198,96.9146405984579,0,0,15.971212212087112,-1.6698365571770788,7871.050178569171,534.8278789414321,4987.267253818663,3.0,3144,157812.1362513055,4501.557601368344
Region_06,2022-05-30,1963219.4169381198,96.8612269804956,0,0,16.703092692346797,-1.2572087964955876,7003.615034865853,462.66331719482906,3548.8322747054317,3.0,3146,192756.4554297032,4175.74720133969
Region_06,2022-06-06,1963219.4169381198,97.54646180419876,0,0,17.204321652074956,-1.19521496875753,6746.736173726766,446.0263382695612,4066.0254930479564,3.0,3148,183067.17078392435,4214.0688542316775
Region_06,2022-06-13,1963219.4169381198,98.0242627093533,0,0,15.428895843924904,-1.3872341774476398,6738.006386660476,596.9292449931688,3816.3041526331012,3.0,3150,159917.69701572394,4694.58504156085
Region_06,2022-06-20,1963219.4169381198,98.50976496122034,0,0,18.43790848597192,-1.7586765915376361,8018.065010045772,590.9808387553619,4094.96981676514,3.0,3152,181188.7133812475,4135.260566165114
Region_06,2022-06-27,1963219.4169381198,98.59505409655677,0,0,19.531393486877562,-1.6419316834785616,7102.689012472455,497.0778209641602,3865.4282854301546,3.0,3154,181861.0131078008,4550.5342223049
Region_06,2022-07-04,1963219.4169381198,98.01824823458591,0,0,18.610997196129905,-1.2345510328478368,8681.776539753891,472.1728145705824,3909.03456141946,3.0,3156,176369.52859808307,4442.167958944079
Region_06,2022-07-11,1963219.4169381198,97.6332198797701,0,0,17.59788912601702,-1.4660022056083943,8710.481611402434,483.4562435958019,3719.872511379372,3.0,3158,172010.8762367051,4482.956581816605
Region_06,2022-07-18,1963219.4169381198,97.66358051134631,0,0,21.801095443787442,-1.5978956054299678,7250.457226589186,607.7470629801139,3751.2546371599296,3.0,3160,174483.840478829,4385.234108309359
Region_06,2022-07-25,1963219.4169381198,97.06303046292426,0,0,16.093267763095415,-1.8235378156424247,6983.354837801971,567.0522324413134,4785.333841367799,3.0,3162,176863.4707408002,4315.716433120249
Region_06,2022-08-01,1963219.4169381198,97.21502193820031,0,0,18.243825155931813,-1.3568900443267808,7696.884288781619,422.600640789176,4154.681790498048,3.0,3164,181878.2773466596,4390.129727099017
Region_06,2022-08-08,1963219.4169381198,97.61758369890549,0,0,16.948781485670292,-1.929482185017055,7387.950454304611,669.4622279670267,4013.4580290208905,3.0,3166,187131.51785218032,4671.186502162102
Region_06,2022-08-15,1963219.4169381198,97.89025639488464,0,0,19.006555409878967,-1.5438042181769873,5805.363778761538,517.0902461276535,3960.87461156944,3.0,3168,160353.54472476273,4436.583390963269
Region_06,2022-08-22,1963219.4169381198,98.14285113134382,0,0,15.88510598979843,-1.6569636447111251,10062.08999578923,548.3502392809555,3735.4085333400562,3.0,3170,180202.98933908032,4584.636450527128
Region_06,2022-08-29,1963219.4169381198,97.20970980636562,0,0,15.446250841341849,-1.6784481806709979,8404.856516079357,543.3257085216833,3692.4972766412693,3.0,3172,183980.6667585345,4478.987457829802
Region_06,2022-09-05,1963219.4169381198,97.87638770470116,1,0,14.476360848696537,-1.7806385755861514,7043.720967909233,498.36475417576605,3486.8863922984406,3.0,3174,195178.7308740631,4660.6495413288
Region_06,2022-09-12,1963219.4169381198,97.09269503968515,0,0,11.249355303053683,-1.7087583111415072,5664.404963137845,573.6465981568142,3777.7568185811283,3.0,3176,176519.17518759606,4623.47432143788
Region_06,2022-09-19,1963219.4169381198,97.01632043276224,0,0,10.611204634239664,-1.927697937623439,7349.222711060912,506.08759502175747,3305.8231147738297,3.0,3178,192445.78542209568,4388.818162570102
Region_06,2022-09-26,1963219.4169381198,97.32559220465528,0,0,10.550791627096563,-1.6101829966471353,6913.408662855045,503.8105104690434,3797.7982224586162,3.0,3180,192420.94594971256,4316.771749393031
Region_06,2022-10-03,1963219.4169381198,97.5048909676477,0,0,11.436074226218809,-1.2804838838089039,7482.54782933568,598.9988501934286,3813.4945277076386,3.0,3182,176882.56572192934,4753.046768463301
Region_06,2022-10-10,1963219.4169381198,96.86597280412471,0,0,9.385351665994335,-1.5755065957419272,5457.980015119372,693.8010050828905,4092.6714454954154,3.0,3184,180836.96420388776,4364.0322119941075
Region_06,2022-10-17,1963219.4169381198,96.31680999267286,1,0,7.775372355664699,-1.3752665060817155,7034.469908073169,598.7131586419414,4134.50141726473,3.0,3186,204930.0609261344,4663.23308854546
Region_06,2022-10-24,1963219.4169381198,96.46034580387625,0,0,9.221460605332718,-1.4822146641516516,7099.05053740867,615.2615680548648,4886.646995694189,3.0,3188,195580.18362632656,4576.28961631351
Region_06,2022-10-31,1963219.4169381198,96.715768310761,0,0,3.308569982431698,-1.4667246171332238,7336.178318351261,730.7537967486242,3854.8687952208957,3.0,3190,175584.31603845884,4467.241542454922
Region_06,2022-11-07,1963219.4169381198,96.1621663884546,0,0,3.5117518309091915,-1.0091793479279414,7287.9928667039385,615.0785653632915,4849.819169662693,3.0,3192,174259.16074175233,4672.213573052122
Region_06,2022-11-14,1963219.4169381198,96.35846270793708,0,1,0.9501190414790632,-1.211389598312435,7610.257118869812,619.3263377735643,5446.590415403098,3.0,3194,212241.19170619056,4933.683887354672
Region_06,2022-11-21,1963219.4169381198,95.60082596809005,0,1,5.824379771996291,-0.9334247663635589,9486.179407209022,595.1410508336453,4835.306331352578,3.0,3196,198339.53083119492,4741.218358191097
Region_06,2022-11-28,1963219.4169381198,95.91302059674194,0,1,3.2710398559911855,-0.7962872126778681,6989.487295403662,611.4867615386316,5118.512644803171,3.0,3198,189760.75176282,4607.891571642555
Region_06,2022-12-05,1963219.4169381198,95.47109968585842,0,1,4.365789462813517,-0.8544956545131324,6586.259862419591,600.1757463967382,5388.350339628509,3.0,3200,201794.84226646466,5021.269705976489
Region_06,2022-12-12,1963219.4169381198,95.51135641481753,0,1,2.3559825589681243,-0.7442745842544851,5827.334869750044,570.9161376662227,6234.352184181034,3.0,3202,214809.8575002885,4261.839236403164
Region_06,2022-12-19,1963219.4169381198,95.46765756866978,0,1,3.7672409633820227,-0.6697510072594184,6993.580520358918,639.0195595079512,4884.861491571351,3.0,3204,227439.45308611414,4368.231539731365
Region_06,2022-12-26,1963219.4169381198,96.0479862326254,1,0,1.8682005329544675,-1.017257000890826,6119.446766152905,604.7098045310727,5297.253256886486,3.0,3206,192800.49912635918,4512.722284616204
Region_06,2023-01-02,1963219.4169381198,96.16905124697557,0,0,2.6148671376468293,-1.199274153976732,8720.47559842064,718.4631493032703,5649.806609042974,3.0,3208,184919.19545403405,5003.148485147247
Region_06,2023-01-09,1963219.4169381198,95.86950031965532,0,0,2.4535992434324703,-1.5128498694644552,7442.772734238173,757.8887227441393,5118.36123826028,3.0,3210,186314.68792789,4827.6246882178
Region_06,2023-01-16,1963219.4169381198,96.0492966724274,0,0,2.739026395423531,-1.5958355009110632,8693.53008921953,721.5927612855972,4902.846002985693,3.0,3212,178399.42588715022,4229.119923939625
Region_06,2023-01-23,1963219.4169381198,97.1205032920379,0,0,5.046975888828441,-1.1923249120905983,9407.562544350469,650.4293904359251,4565.507581276906,3.0,3214,176853.4306527045,4527.83063628441
Region_06,2023-01-30,1963219.4169381198,97.49056475268131,0,0,0.4797150249133115,-1.018016571602665,6631.961769392378,593.4145806426775,4382.534479506233,3.0,3216,185598.53757622343,4304.010460271975
Region_06,2023-02-06,1963219.4169381198,97.46098124581447,0,0,3.3135540390416662,-1.447793294852746,7167.488894312843,567.8552016436416,5468.566168823584,3.0,3218,171290.8725620923,4561.743635042844
Region_06,2023-02-13,1963219.4169381198,97.04417476014548,0,0,4.308894835898235,-1.529803600976542,9220.344060010248,576.078987047605,4403.573313017833,3.0,3220,175110.78587456967,4806.587917081284
Region_06,2023-02-20,1963219.4169381198,96.73592900984161,0,0,4.767449255119108,-1.4597161427007508,7768.22713391677,589.9753123386668,3934.6200167023476,3.0,3222,178883.41868822742,4781.89941470435
Region_06,2023-02-27,1963219.4169381198,97.07592547065923,0,0,4.858654195320673,-1.2364895986088875,8165.237584322495,605.4922507091854,5042.760553464139,3.0,3224,184868.18961087006,4663.254172681976
Region_06,2023-03-06,1963219.4169381198,96.6330241844984,0,0,5.480140197034536,-1.4317197099842929,8816.332516305687,536.6382356939793,4425.684032719735,3.0,3226,168114.55390045102,4466.937084905114
Region_06,2023-03-13,1963219.4169381198,96.63436856503796,1,0,9.458182886776079,-1.8029492571135617,8637.701621481736,523.719273005754,4597.29155716059,3.0,3228,194744.2848319984,4550.2472840397895
Region_06,2023-03-20,1963219.4169381198,97.35317802120767,0,0,7.979393052873079,-1.8198521282458866,8030.230772512193,575.6719461629451,4842.688537628184,3.0,3230,169015.46655220268,4717.094796358966
Region_06,2023-03-27,1963219.4169381198,97.4283742177195,1,0,12.692626358803462,-1.6491432269364636,9310.227770384517,545.7781766213276,3904.4050528433413,3.0,3232,188220.36803253365,5111.979566458277
Region_06,2023-04-03,1963219.4169381198,96.88880832207079,0,0,10.792412479562284,-1.5786892809465045,7473.931658012379,582.8856028084597,4599.935596814263,3.0,3234,188265.16649188043,4291.851949035707
Region_06,2023-04-10,1963219.4169381198,97.97773224840708,0,0,10.529810093379062,-1.8440925251089753,8162.671401906784,505.6404681726152,3890.959505092566,3.0,3236,178912.85695435296,4914.409380774631
Region_06,2023-04-17,1963219.4169381198,98.85895639738004,0,0,12.743543574997416,-1.3177068840648816,7353.273275490301,485.05773686031705,4523.9090053615555,3.0,3238,193929.19470936045,4573.588011820526
Region_06,2023-04-24,1963219.4169381198,99.10954467656958,0,0,13.000238401996853,-1.3473515460329382,8799.915187967279,485.18573010265476,3561.9864088951954,3.0,3240,177560.92755554235,4721.8388194157
Region_06,2023-05-01,1963219.4169381198,99.74742238223914,0,0,15.730784276759227,-1.289238464012333,6797.430258911942,514.0231456061365,3940.2054788525033,3.0,3242,186233.81568231378,4557.410728546256
Region_06,2023-05-08,1963219.4169381198,99.61393254167197,0,0,12.792934494763514,-1.4878286845289832,5866.339722088899,537.4811395054561,3837.6850870630046,3.0,3244,184379.22824645505,4834.131718811512
Region_06,2023-05-15,1963219.4169381198,99.9761597805047,0,0,12.603202290804491,-1.1558762850196196,8330.288183666291,564.5916894624664,3762.498226918115,3.0,3246,177916.68410411754,4620.51772029477
Region_06,2023-05-22,1963219.4169381198,99.76438987791433,0,0,16.5295575010938,-0.9843222172542974,6479.46894106207,499.24350420699705,4535.315417458248,3.0,3248,166433.3283632416,4377.435657857452
Region_06,2023-05-29,1963219.4169381198,99.08668236293686,0,0,17.837414774240656,-0.8899231885061268,6383.860026273866,508.50894229955423,3651.54801030853,3.0,3250,177573.04070521408,4623.235415433042
Region_06,2023-06-05,1963219.4169381198,100.38264366835719,0,0,17.512506379652574,-1.235419635499722,9128.476594065298,534.4510419555127,4721.766974547508,3.0,3252,173376.6311442287,4809.043418589709
Region_06,2023-06-12,1963219.4169381198,99.67937463504553,0,0,18.488842709936954,-0.9072105675142421,8728.567491131651,525.0412127501803,4811.419441203267,3.0,3254,174147.54918614138,4580.110333186082
Region_06,2023-06-19,1963219.4169381198,99.82815370057449,0,0,18.555689833488795,-0.6801396756211566,7172.714854346825,520.2391564087341,3984.7847669409116,3.0,3256,179401.8471786141,4099.640434412089
Region_06,2023-06-26,1963219.4169381198,99.97109204316358,0,0,15.721070699789925,-0.37565965635939697,4781.909119992999,529.4114121287666,3933.5485698819716,3.0,3258,164930.36686253126,4484.884974491932
Region_06,2023-07-03,1963219.4169381198,100.22909483525834,0,0,18.421859555709776,-0.364550849052351,8179.6172145446335,492.55102280627653,4368.925503581127,3.0,3260,170167.85445253807,4561.829162133364
Region_06,2023-07-10,1963219.4169381198,100.18425270216241,0,0,19.916841988141577,-0.3870091982093416,8339.765214452977,555.4238285381128,3642.6545221832475,3.0,3262,169057.49828127597,4527.915857064647
Region_06,2023-07-17,1963219.4169381198,100.14462778054836,0,0,18.02518497162539,-0.4416370627334808,8159.484831391853,524.9448166401853,3271.7887540440347,3.0,3264,175049.2298869125,4410.047161419688
Region_06,2023-07-24,1963219.4169381198,100.21383364724352,0,0,15.515192649051105,0.24206232055977617,8103.429417721581,493.70758798183294,4357.295004549259,3.0,3266,171181.7617798276,4838.390287110235
Region_06,2023-07-31,1963219.4169381198,100.45376788791391,0,0,16.582862528083407,0.07932844018311391,7348.167464083565,551.288758698358,3730.746559115378,3.0,3268,171645.41263586745,4025.9328208441225
Region_06,2023-08-07,1963219.4169381198,100.4528597071988,0,0,17.419006021719092,-0.27654501284391003,7099.958662026084,606.5141816924803,3991.601049121637,3.0,3270,179032.99197670887,4551.554596413433
Region_06,2023-08-14,1963219.4169381198,100.41867913428635,0,0,18.68153140956589,-0.3885218626174682,6396.398214128654,521.2874099223276,3908.253270781326,3.0,3272,173564.8272319434,4534.303106317816
Region_06,2023-08-21,1963219.4169381198,99.75812416281666,0,0,12.370462144160456,-0.5484599612605802,6800.865149742538,464.19845688981735,2972.4324443202972,3.0,3274,176731.17461940873,4955.160948702844
Region_06,2023-08-28,1963219.4169381198,100.76496539766535,0,0,15.086366152502475,-0.1705059103188043,7923.888300125909,476.4500031969576,3800.582318417115,3.0,3276,167352.6220303882,4506.273046405356
Region_06,2023-09-04,1963219.4169381198,101.03281497231653,0,0,12.319474041404973,-0.5773036299037224,7943.45545140349,551.2252946787048,3395.6443771735544,3.0,3278,170301.62791780868,4638.263049246375
Region_06,2023-09-11,1963219.4169381198,101.13726835296862,0,0,13.598429740848417,-0.7456908843135378,8500.568262799903,496.61211365427687,4064.8287681052143,3.0,3280,195806.4633190506,4540.910748978383
Region_06,2023-09-18,1963219.4169381198,100.82503470579881,1,0,12.796272202768286,-0.6885339350418787,6114.693498815969,561.3154640675103,3997.7888761876784,3.0,3282,185850.85510275877,4523.103095816223
Region_06,2023-09-25,1963219.4169381198,100.32322760937389,0,0,10.614572617098505,-0.30804607865143874,5887.170469942727,680.3578150264859,3971.6836933804457,3.0,3284,161644.8842651453,4952.783238086493
Region_06,2023-10-02,1963219.4169381198,100.75322083339765,0,0,10.947398803436956,-0.0941063866722954,7132.7978763801675,524.1978788586727,4439.084552587609,3.0,3286,182825.60355582024,4320.447562147326
Region_06,2023-10-09,1963219.4169381198,100.67328964085539,0,0,10.745550132683734,0.39159881851236944,6479.654470759338,715.3793179239541,3339.2803432481155,3.0,3288,174491.9953040145,4428.618267318884
Region_06,2023-10-16,1963219.4169381198,100.98382193314183,0,0,7.838617127564205,0.4953366887487164,7764.4641963555805,777.650214320645,4435.602379608752,3.0,3290,184046.82577616652,4808.566139803236
Region_06,2023-10-23,1963219.4169381198,100.30774686629125,0,0,5.157420502912244,0.43425084472530706,6203.898226698451,733.1786971584038,4326.223998681685,3.0,3292,180571.71984825504,4673.16256929787
Region_06,2023-10-30,1963219.4169381198,101.08117428827957,0,0,8.420573855266454,0.6909178031769656,9013.23591980332,647.4892505571343,5181.177203245892,3.0,3294,185431.97478038128,4537.834185851057
Region_06,2023-11-06,1963219.4169381198,101.53186300598429,0,0,6.69852431471223,0.2807695234205413,6674.873678778477,711.2945576458278,5475.48552306167,3.0,3296,179229.23006857812,4576.487035079876
Region_06,2023-11-13,1963219.4169381198,101.49133165960197,0,1,5.5406533815421035,-0.23219598385274587,9588.461701777062,750.0362540352126,4138.830768284837,3.0,3298,203482.9804307399,4806.629342510488
Region_06,2023-11-20,1963219.4169381198,101.72514436881342,0,1,2.9754640409530584,0.06068309452165316,8168.657796016118,782.0243203255947,4980.3096454223705,3.0,3300,219667.21211454665,4792.203173301497
Region_06,2023-11-27,1963219.4169381198,102.09564654858083,0,1,4.894282884291925,0.12385314231381847,6445.450453264308,635.5428123335972,5614.945220336898,3.0,3302,185083.13289185683,4505.044513242782
Region_06,2023-12-04,1963219.4169381198,101.4271562733736,0,1,5.979990259706978,0.41305428574716774,10338.461693757354,578.4573553681435,5789.148550286202,3.0,3304,193403.67750929363,4711.400328170114
Region_06,2023-12-11,1963219.4169381198,102.26606971906756,0,1,2.337904563143554,0.15734255434282618,7857.568288640032,521.489664403095,5409.207076365216,3.0,3306,196577.6749906148,4611.592531162114
Region_06,2023-12-18,1963219.4169381198,102.50770021810904,0,1,2.3742045102773544,0.5427776955751572,7741.358927901237,685.4794712029038,5556.167488495752,3.0,3308,189023.51927354588,4745.271202222629
Region_06,2023-12-25,1963219.4169381198,102.15564907434269,1,0,0.46054302667101155,0.7438853587390272,7477.34307858993,547.664431438652,6624.840288844329,3.0,3310,191735.73144621198,4579.817249401775
Region_07,2021-01-04,4630188.737919382,99.45170417166771,1,0,0.9206869976736598,-0.009336114454694391,19099.34951476241,1125.814605928965,20536.473509456508,6.0,3000,414924.7032394303,9861.462049901365
Region_07,2021-01-11,4630188.737919382,99.94525304235974,0,0,0.4464749276411184,0.05286826058292871,19268.7453452861,1118.3571718266817,19529.0228183765,6.0,3002,440212.0911405084,10957.682352187345
Region_07,2021-01-18,4630188.737919382,100.05083264097324,0,0,2.4286992554364097,0.15694662876393684,15641.461649230747,1406.705802109891,18203.307959764705,6.0,3004,419232.0015580799,10904.923114017238
Region_07,2021-01-25,4630188.737919382,100.29213309243929,0,0,2.008701629429393,-0.10007302218500036,17247.0059756479,1119.2950155386568,18743.008442182094,6.0,3006,415929.6590384978,11342.947503319063
Region_07,2021-02-01,4630188.737919382,100.30546536971744,0,0,3.4755521797683215,-0.2155773876004456,18120.183419017667,1206.665121802071,17676.9149777001,6.0,3008,412555.90943783906,9916.269345571574
Region_07,2021-02-08,4630188.737919382,99.8040935251294,0,0,2.078277816739474,-0.1162406833668931,19435.131862205093,951.1270179876635,21741.091353921773,6.0,3010,398587.7044415743,10508.038931672241
Region_07,2021-02-15,4630188.737919382,100.05840242009347,1,0,3.760579189982474,-0.24378085819156442,19484.605084599872,1169.4808018216943,19584.55201854635,6.0,3012,454852.2384998995,10430.404102687513
Region_07,2021-02-22,4630188.737919382,99.95963485051824,0,0,3.2647143965104632,-0.6846065205480609,18253.421620125566,1042.252387438583,17786.058063361008,6.0,3014,445827.9764522263,10358.920437195307
Region_07,2021-03-01,4630188.737919382,99.94878928727167,1,0,5.736839392697452,-0.5961398911863908,16397.40082550196,1126.6311201137678,23085.395323148274,6.0,3016,409536.2371917692,9794.0070347131
Region_07,2021-03-08,4630188.737919382,101.13729064012446,0,0,3.8337281737301008,-0.34532963900820357,16271.782826944709,1294.0730863547615,18477.057476145113,6.0,3018,454023.21818950697,10009.78361385485
Region_07,2021-03-15,4630188.737919382,101.5718252090068,0,0,7.3905283651419,-0.024769250331064974,14893.844680573726,1113.6348137700174,21693.024105398792,6.0,3020,404705.35077639215,10714.53538733354
Region_07,2021-03-22,4630188.737919382,102.03520766388577,1,0,7.66737926751978,0.13492391873048795,19463.89973222559,1042.9804395982633,15820.346704876678,6.0,3022,416328.75877746317,10265.841273348586
Region_07,2021-03-29,4630188.737919382,103.39546922760455,1,0,9.30715269134115,0.3804160939874772,16236.709792868287,1476.9037439115987,17144.186429935224,6.0,3024,443400.217528582,10173.489226700669
Region_07,2021-04-05,4630188.737919382,103.5877561636946,0,0,7.521599990113124,0.6766688149574567,17303.488087464277,1007.738909329183,17216.800044752523,6.0,3026,427340.40624887997,11290.876521131617
Region_07,2021-04-12,4630188.737919382,103.64760993191926,0,0,11.946366952945837,0.7005655601729357,18454.954396423218,1195.2425318665842,16249.040352907725,6.0,3028,412930.4605242333,11797.43946750776
Region_07,2021-04-19,4630188.737919382,103.30800625722365,1,0,11.466410975410101,0.06489055547336986,17818.93052122169,881.1171042849287,17013.18747205466,6.0,3030,420899.8050820331,10421.493509352887
Region_07,2021-04-26,4630188.737919382,103.08173032810997,0,0,13.162508169383074,0.412824920475884,17793.435227963168,1107.0082424131404,14388.72172489495,6.0,3032,437975.5998814132,9677.840530703177
Region_07,2021-05-03,4630188.737919382,102.05817844483587,0,0,10.912673984734331,0.14482943292308198,15547.921925549523,965.3244937224154,17701.99642347328,6.0,3034,402404.9974503956,10678.066795834437
Region_07,2021-05-10,4630188.737919382,102.45339011423916,0,0,12.680418059498344,-0.19443363172023853,18541.29975487614,1174.0591266637687,14039.078043179601,6.0,3036,413874.0540199009,9424.463159933854
Region_07,2021-05-17,4630188.737919382,101.81992961558396,0,0,14.719750024258751,-0.5254558677150942,16992.073672198403,1056.7843545903845,16904.995054961248,6.0,3038,452443.38762573816,9790.162203006465
Region_07,2021-05-24,4630188.737919382,102.27129760656183,0,0,18.051336193134023,0.21991751191069586,17579.10906796222,1044.164556576048,13980.817332329472,6.0,3040,387938.6924163878,10658.27271693786
Region_07,2021-05-31,4630188.737919382,102.24978459808155,0,0,17.374777949794392,0.35208181781399017,21186.550140804924,1213.0997059590932,18496.757378227714,6.0,3042,407580.0229830826,9811.399583865461
Region_07,2021-06-07,4630188.737919382,102.31381395546373,0,0,17.278460767311334,0.03959689533217542,19210.730602328946,1164.6538794238515,16826.004178509047,6.0,3044,438684.0742655687,10357.854456091269
Region_07,2021-06-14,4630188.737919382,102.29262999039153,0,0,16.09366769256042,-0.16542803440234624,16347.098806106955,1183.2051157918272,18297.03394489889,6.0,3046,427907.32223895664,9766.140648271348
Region_07,2021-06-21,4630188.737919382,102.985667204833,0,0,16.108137115010308,-0.1656455271400459,17415.03982304687,1203.2847477175308,13281.609146798372,6.0,3048,433620.6440985511,10488.510489599437
Region_07,2021-06-28,4630188.737919382,103.59038838480123,1,0,18.356653779232627,-0.0029243938281440784,22637.024432566686,965.2463604077166,14679.921524408845,6.0,3050,401678.4330660747,11066.82742745157
Region_07,2021-07-05,4630188.737919382,103.57594268197391,0,0,19.05103394728114,0.08086330755150072,17005.960692471104,950.9618549501008,14538.068107764433,6.0,3052,418493.41304694867,10081.567209095338
Region_07,2021-07-12,4630188.737919382,103.12644064376727,0,0,18.25513214498494,-0.19771862475685426,17915.27078875766,1068.341867065947,13000.350582642714,6.0,3054,407461.3764752313,10450.323633061462
Region_07,2021-07-19,4630188.737919382,103.5883851964333,0,0,20.33187035154001,-0.10257466165337618,19673.904533551868,1048.7280823633027,12677.381580734716,6.0,3056,462051.7607169873,10015.961862114198
Region_07,2021-07-26,4630188.737919382,103.10109771072565,0,0,16.45643735662903,-0.2859310045406647,18392.62929466425,1400.9470564024534,16343.742487442605,6.0,3058,432697.39784372196,10126.21370266445
Region_07,2021-08-02,4630188.737919382,102.32366706516657,0,0,17.3527031163881,0.028143501673585203,16839.857748946877,1205.6497413325455,14779.133562434818,6.0,3060,415360.0506986204,10059.648600834802
Region_07,2021-08-09,4630188.737919382,102.57284199941044,0,0,14.0441088409949,0.04503248235901554,15929.268369467594,1095.406346192619,14621.34434427618,6.0,3062,421146.89939860225,10882.520086310571
Region_07,2021-08-16,4630188.737919382,103.18208696031205,0,0,16.30465426636966,-0.18276774698758758,17781.46171863518,1052.1406867231256,15723.258536282287,6.0,3064,415261.98977915343,9741.436858462928
Region_07,2021-08-23,4630188.737919382,102.97954437641512,0,0,17.509041085959307,0.02391849088951295,19655.833824929105,1121.8672767616063,14565.849478455819,6.0,3066,429890.2151974419,10289.154371143226
Region_07,2021-08-30,4630188.737919382,103.1818032205325,0,0,12.982254649931448,0.13889198182502005,21710.723529707844,1098.5303875562226,18924.473251186184,6.0,3068,399273.47820582835,10733.682811978357
Region_07,2021-09-06,4630188.737919382,102.97396631466364,0,0,14.980982689293242,-0.0035677280257329635,14294.404490421435,1212.6342499026534,14150.460155211755,6.0,3070,446481.1932977919,10999.684946283485
Region_07,2021-09-13,4630188.737919382,103.33496298900656,0,0,14.998398715888536,0.2154598882408186,23198.530322274473,1184.4418272462985,13932.051071810913,6.0,3072,388715.94100878807,10687.83127557591
Region_07,2021-09-20,4630188.737919382,103.88247783221266,0,0,10.879956152053241,0.4041950213350097,17054.428762304746,1220.1299410821182,18940.07613375801,6.0,3074,421748.20943005994,10525.746767894127
Region_07,2021-09-27,4630188.737919382,103.75104522497165,1,0,11.664702983159605,0.7647416808578619,20458.435260177823,1104.6053670417698,15323.811561830124,6.0,3076,412394.67014827713,10189.117217271743
Region_07,2021-10-04,4630188.737919382,103.23724364611039,0,0,12.369447617212913,0.977783240504715,15943.336821064679,1248.429410078765,20145.901428227655,6.0,3078,418505.80077526585,11034.884867861972
Region_07,2021-10-11,4630188.737919382,102.50872834480461,0,0,9.381419301376733,0.9135991763840451,13985.839670420311,1352.4123401879685,14281.586081575218,6.0,3080,440312.87674249976,10091.798694928246
Region_07,2021-10-18,4630188.737919382,102.97157256103473,0,0,9.265547181966992,0.4064402235649046,14624.955550784342,972.3908584613359,19568.446421260265,6.0,3082,383338.92217404355,10071.617987969996
Region_07,2021-10-25,4630188.737919382,102.40328931518083,1,0,4.502236864532705,0.4624342020189162,16945.93135411875,1268.3660183608733,18746.41412645847,6.0,3084,432423.3181361533,11322.333543570492
Region_07,2021-11-01,4630188.737919382,102.589301435782,1,0,7.17791941380844,0.5649754695488189,19264.908957118143,1210.9640126315744,17942.62148971,6.0,3086,403335.7766103069,10728.335651876972
Region_07,2021-11-08,4630188.737919382,102.97800497000327,0,0,6.231338636930253,0.5803345521052357,17891.93670428688,1561.1408845853875,17487.25924623904,6.0,3088,413503.33503818954,10744.23239200919
Region_07,2021-11-15,4630188.737919382,102.727354030728,0,1,2.705700635132452,-0.3229277685713431,17152.365339367174,1376.7282311263534,22162.85880537582,6.0,3090,414250.0720211484,10906.607374115447
Region_07,2021-11-22,4630188.737919382,102.64424860563801,0,1,2.565421033675866,-0.11927878106512813,21059.984635414665,1319.8905762142203,23023.76531754635,6.0,3092,450197.8000993364,10574.01648860976
Region_07,2021-11-29,4630188.737919382,103.1437703293914,0,1,4.322131776148001,-0.3928938584737899,17813.7236626976,1397.8215248958138,18560.803027740567,6.0,3094,435511.3490803094,9853.192094942222
Region_07,2021-12-06,4630188.737919382,102.73967343572403,0,1,2.462283938298863,-0.18717701501051429,18571.70117427709,1275.282992111654,21062.859398399072,6.0,3096,462457.0214335019,10765.611263905863
Region_07,2021-12-13,4630188.737919382,102.28481763320697,0,1,4.187777641970641,0.32302840253725007,28398.189059939286,1319.0913394804477,16964.459413872297,6.0,3098,472581.02593818575,10560.049424116538
Region_07,2021-12-20,4630188.737919382,102.16762202260244,0,1,2.6985558563497563,0.2471891282500746,17786.958200067762,1312.0469019060672,24713.640189820195,6.0,3100,446583.2485384262,10167.663561215306
Region_07,2021-12-27,4630188.737919382,102.80657835364063,0,0,2.1430123570289785,0.3787343379947091,16043.35126636526,1513.7580005706045,20814.18003009676,6.0,3102,443778.21353732556,10132.724265955527
Region_07,2022-01-03,4630188.737919382,103.61194390094244,0,0,1.7443264501654836,0.38856767388321123,19140.667202430483,1261.346537612694,20946.043970778595,6.0,3104,453385.24150828965,10650.885076108863
Region_07,2022-01-10,4630188.737919382,103.56255239072206,0,0,2.4973522051173394,0.5462427478392319,19881.400011174766,1176.1810923465266,16430.85748210581,6.0,3106,401195.01639585034,9886.5347838295
Region_07,2022-01-17,4630188.737919382,103.20649157669966,0,0,3.4368640193658124,0.5772762792357247,18630.849798737163,1142.9826628950582,17245.745883387935,6.0,3108,450734.129719198,10503.960671676123
Region_07,2022-01-24,4630188.737919382,103.73854888465945,0,0,3.3206460980481385,0.4221821858852822,18232.54435658192,1305.7478623494173,17928.03424058561,6.0,3110,418718.2448685702,10461.73536160959
Region_07,2022-01-31,4630188.737919382,102.90390109382922,0,0,2.2818388041608455,0.15069952054015345,22242.52336854487,1234.8433835974995,19166.206595145868,6.0,3112,398146.2641310669,10494.685174397628
Region_07,2022-02-07,4630188.737919382,103.02770652090327,0,0,5.27528465166115,0.6278392365874708,21829.414759578747,1094.5900136269377,20524.710689604493,6.0,3114,423987.00283161394,10766.964187619194
Region_07,2022-02-14,4630188.737919382,103.00574972448366,0,0,4.998455373824041,0.7594051320044044,17498.341526891043,1226.4905698211467,20762.81259881646,6.0,3116,417234.2649476285,10930.313826615322
Region_07,2022-02-21,4630188.737919382,103.65266364624586,0,0,5.272869571533923,1.0085596075874923,16169.828946412259,1308.2158136952592,24596.025379489725,6.0,3118,391598.25463657145,10293.177663057331
Region_07,2022-02-28,4630188.737919382,104.35017291606503,0,0,5.593027792269247,1.1282784784341924,18992.6432313406,1239.969328357226,19359.448582902853,6.0,3120,394985.82017890946,11075.249557605921
Region_07,2022-03-07,4630188.737919382,103.8789086370914,0,0,7.032288970157554,1.4210089126490346,16155.915633021848,1252.0642380943561,20066.742175581676,6.0,3122,453517.45749275555,10486.661052266803
Region_07,2022-03-14,4630188.737919382,103.96274765482889,0,0,4.415642494072084,1.1522187279708,20337.074076902692,1277.161757644488,16226.793518444672,6.0,3124,422589.1548647755,11507.448552014426
Region_07,2022-03-21,4630188.737919382,103.67744548370811,0,0,8.447438597271391,1.1771731613116916,18977.986852916158,1577.1456382292668,13873.732741013086,6.0,3126,449557.49081442173,10238.89288919026
Region_07,2022-03-28,4630188.737919382,103.53078179125475,0,0,11.495980952306496,1.3288189956992933,26580.44872334587,1097.1749257494698,18095.414015600913,6.0,3128,408149.8047147902,9723.496126660657
Region_07,2022-04-04,4630188.737919382,103.83947567853373,1,0,10.329980030056705,1.7166198744354728,22212.73590279467,1073.762481172748,14665.275815957359,6.0,3130,413624.9117347391,10960.333999604112
Region_07,2022-04-11,4630188.737919382,103.67202861748777,0,0,11.089509420103044,2.518542704285644,15147.87419074465,1014.7699627594732,16366.815920865241,6.0,3132,382397.9475302432,10730.022230820943
Region_07,2022-04-18,4630188.737919382,103.76899134575179,1,0,11.020698856091851,2.640798290898369,16475.1465743347,1321.1120762084536,15658.000165680545,6.0,3134,453147.2290321777,11170.707275902165
Region_07,2022-04-25,4630188.737919382,104.24762742839167,0,0,13.575930016665728,2.4424680688526936,13364.18983306984,1328.8743219924302,11849.755940656627,6.0,3136,423104.01153851434,10609.525936032878
Region_07,2022-05-02,4630188.737919382,105.00520829028963,0,0,13.42517376534292,2.083775142842353,12923.007609364573,1105.9241603094094,16452.78888306251,6.0,3138,406683.2682947181,11819.746471073762
Region_07,2022-05-09,4630188.737919382,105.14954836269435,0,0,16.50846764743513,1.8123307227565428,18115.090305556987,1064.6172108712187,14596.644021679132,6.0,3140,397407.3211453151,10386.470660515484
Region_07,2022-05-16,4630188.737919382,105.20843106621442,0,0,14.009551728905127,1.5800948894547415,14891.84463866751,1268.6192157525388,12498.99075320312,6.0,3142,435741.79148682044,10999.195051688966
Region_07,2022-05-23,4630188.737919382,104.6547859864735,0,0,15.309628583968255,0.7097701597590946,22779.2296182278,1350.8795702400637,16937.335847919167,6.0,3144,411243.6553631981,10243.695502783678
Region_07,2022-05-30,4630188.737919382,105.44768521352886,0,0,15.68255384179083,0.5070736561411456,21186.381598081607,1060.7311821011433,14759.996437447135,6.0,3146,408474.78742557805,10718.536547589383
Region_07,2022-06-06,4630188.737919382,105.69553574744293,0,0,19.83551683829281,0.7220958665425881,17097.75407652386,957.7290330381912,18316.53684429282,6.0,3148,400462.49247324356,10853.380130064164
Region_07,2022-06-13,4630188.737919382,105.76364830968627,0,0,17.195481449064715,0.7447157882990273,16952.654230073756,1406.8072582901962,13744.244365706285,6.0,3150,406214.5296910243,10948.53859106181
Region_07,2022-06-20,4630188.737919382,105.80617292078463,0,0,16.945418345101295,0.6671284082078602,22253.0087208967,1261.5592560481705,15140.89688868823,6.0,3152,426757.27147960686,10942.982512885024
Region_07,2022-06-27,4630188.737919382,105.98649965756225,0,0,14.805779174602463,0.1805426129862419,23031.489153642266,1162.729724658717,16242.477988152068,6.0,3154,385302.07026818855,8920.59846364353
Region_07,2022-07-04,4630188.737919382,106.37239490250262,0,0,16.63294202169596,0.4956656068618314,15483.603002357497,1098.552671193672,17005.694515820946,6.0,3156,414490.13973794185,10447.470706329937
Region_07,2022-07-11,4630188.737919382,106.82017016756792,0,0,18.733498407873338,0.6492095941379502,15187.8202673083,1239.5255662336733,16535.74796934217,6.0,3158,434943.3066208073,10247.537701169282
Region_07,2022-07-18,4630188.737919382,107.62557111547122,0,0,18.553348151795422,0.6453301007569138,17022.016719861596,1103.4657295177744,16643.441095513732,6.0,3160,411698.5428094142,10321.417116639812
Region_07,2022-07-25,4630188.737919382,107.74691536972753,0,0,16.503325092802978,-0.015425662957223252,18998.310139207024,1177.4545855326232,16457.41480235622,6.0,3162,434728.0529289188,10376.341226910094
Region_07,2022-08-01,4630188.737919382,108.62401597936022,0,0,16.19016435577605,-0.16265741404261996,16487.79698986157,1325.068930139144,18417.21929119274,6.0,3164,441101.9631335161,11094.624006803946
Region_07,2022-08-08,4630188.737919382,109.15287761910152,0,0,19.37367752924625,-0.03254189853531686,19058.313374445817,1026.2930554911356,15438.052150034546,6.0,3166,429457.93598442146,10606.245400187154
Region_07,2022-08-15,4630188.737919382,109.12281192851677,0,0,20.032655629201525,-0.041112111725558335,23860.302033968765,1203.7649839422197,16057.414036594013,6.0,3168,399235.35272161354,10242.331744805871
Region_07,2022-08-22,4630188.737919382,108.2891250642951,0,0,17.02964015110412,0.016469308725543925,14422.169910825409,1219.2874670001002,13627.658429421339,6.0,3170,409545.1165638889,9736.209314364347
Region_07,2022-08-29,4630188.737919382,108.3319061964436,0,0,16.883437804791292,0.22210315719600526,16656.822584889505,1151.7576121120374,16313.189335688803,6.0,3172,417688.73539152386,11328.465555923376
Region_07,2022-09-05,4630188.737919382,109.11114509888877,0,0,16.374923271028326,0.268524849802473,14463.416944615788,1071.0813098293052,16217.413008639136,6.0,3174,401432.3334770555,10179.974849925264
Region_07,2022-09-12,4630188.737919382,108.72351353382265,0,0,16.158696421197362,0.4634273597000922,15708.21081625728,1155.7816334892702,14871.704586992557,6.0,3176,401732.46521745797,10447.421004509497
Region_07,2022-09-19,4630188.737919382,108.76474485755394,0,0,11.461633523689441,0.2103626326144924,17038.403156611344,1091.0898690861086,15687.180323061024,6.0,3178,400243.12922785274,11713.866759451957
Region_07,2022-09-26,4630188.737919382,108.84735431221482,0,0,9.646891497932579,-0.15646889430641514,15968.046069026055,1311.570642685948,11972.205200194645,6.0,3180,467531.4066418033,10186.309937346608
Region_07,2022-10-03,4630188.737919382,109.31841760813043,0,0,12.750234674707361,-0.013260689624426725,19253.019668265984,1322.4928886933465,19925.925069592064,6.0,3182,408272.54703496717,10446.71073756507
Region_07,2022-10-10,4630188.737919382,109.12451183423877,0,0,7.589265531044932,0.19146184883702252,18216.262186059495,1225.3648010878812,17182.00354793827,6.0,3184,435522.71182013745,10654.830630218034
Region_07,2022-10-17,4630188.737919382,108.68981996001114,0,0,6.542580544367686,0.3471539875853047,18625.36090370724,1512.3191632969379,18781.59813511385,6.0,3186,398922.3139526946,9780.354810812607
Region_07,2022-10-24,4630188.737919382,108.974821035623,0,0,5.654708877267494,0.3866298412018026,17007.707308766057,1495.3349132693656,16479.613079068593,6.0,3188,452592.70424557006,9687.927477312885
Region_07,2022-10-31,4630188.737919382,108.6031275261042,0,0,6.085120117001962,0.2894175597918131,17244.2728780631,1462.911946040065,14327.300408843248,6.0,3190,409034.37125133816,10330.326295633546
Region_07,2022-11-07,4630188.737919382,107.68537485003314,0,0,2.47891821897364,0.35271336195738995,16895.844383479525,1243.9747370403327,18189.72486816464,6.0,3192,416893.34020568174,10303.85564421747
Region_07,2022-11-14,4630188.737919382,108.60556081224708,0,1,2.545354598733731,0.4665033435570417,17156.422955778642,1646.8048660787936,20409.02970664029,6.0,3194,404189.56298403733,10696.459992663955
Region_07,2022-11-21,4630188.737919382,109.06907614331585,0,1,3.078405823881184,0.5982925778437473,18963.625104476196,1290.6619426015802,21246.36490356148,6.0,3196,468695.4815719976,10169.658490588687
Region_07,2022-11-28,4630188.737919382,110.01077003602444,0,1,1.6222411021131533,1.380434444832349,13345.078651299307,1447.3252307028208,23140.654703953456,6.0,3198,473042.69747252,10928.964043973423
Region_07,2022-12-05,4630188.737919382,110.4477764125322,0,1,4.509969515811216,1.104193309181714,18594.43752772109,1510.890379886271,20034.240895107465,6.0,3200,415643.8893034586,9586.75754811045
Region_07,2022-12-12,4630188.737919382,110.78795887337844,0,1,2.5298423607931624,2.0719912464260912,15632.650297313952,1391.6409865860414,19690.366789603322,6.0,3202,466694.8505951692,10606.914755849764
Region_07,2022-12-19,4630188.737919382,110.97272669008862,0,1,3.0979983419957526,1.6949449188776042,16925.860058113878,1637.1973831818386,27253.422231232922,6.0,3204,412909.65941803996,10892.419805366457
Region_07,2022-12-26,4630188.737919382,110.87971254930747,0,0,2.7596242761564724,1.810645536800785,14089.662107214168,1435.5317270629373,18263.908628246623,6.0,3206,429149.53141636174,10846.310646956617
Region_07,2023-01-02,4630188.737919382,111.13576584026002,0,0,1.6898403653504228,1.4521927625223756,16875.62922794548,1708.306999986254,25902.169545159726,6.0,3208,412178.4033909389,10634.870902158218
Region_07,2023-01-09,4630188.737919382,110.85914959807297,0,0,3.5405262950555714,1.5440658957415743,18566.407219104833,1581.3466007099469,18033.613318233056,6.0,3210,446344.5096907957,10342.295549261697
Region_07,2023-01-16,4630188.737919382,110.32453501183336,0,0,2.910687288365989,1.8387027431976994,19072.241110237697,1503.780401142114,18432.090623352717,6.0,3212,422276.87454142777,10539.258726747956
Region_07,2023-01-23,4630188.737919382,110.15842210337283,0,0,2.0422696488334577,1.8484775471506063,14905.370015244049,1228.4940624318358,21462.265963691654,6.0,3214,436050.52763774316,11317.909199750098
Region_07,2023-01-30,4630188.737919382,110.80416824904853,0,0,0.3904870031033427,2.14040167584017,18934.716179745523,1402.4363154071764,18035.73293679117,6.0,3216,442410.4329478459,10315.838517569655
Region_07,2023-02-06,4630188.737919382,110.1879649055859,0,0,4.197116661453441,2.0132970124194887,21128.813881301452,1388.2860600325714,23814.948804769218,6.0,3218,410756.5850418521,11206.375856296438
Region_07,2023-02-13,4630188.737919382,109.57970658018584,0,0,2.11995894759234,1.3983377701228632,16537.289048819806,1493.1045332268604,18858.60005153127,6.0,3220,416072.84582459973,11274.406758054365
Region_07,2023-02-20,4630188.737919382,109.87536116154226,0,0,5.265443422459914,1.586350509884639,17810.85756003924,1240.88425552856,21713.465705217033,6.0,3222,393180.5340723802,9747.58276696794
Region_07,2023-02-27,4630188.737919382,109.66782180932393,0,0,5.573814864160102,1.5955420072391897,13057.847505290953,1390.0168310248546,18515.310109292976,6.0,3224,409270.5258880219,10556.979993751427
Region_07,2023-03-06,4630188.737919382,109.91056933190366,0,0,4.241660847590151,1.4516578186751874,15566.42219425069,1268.132731382862,20782.359789211987,6.0,3226,457850.7198189005,10143.72466620526
Region_07,2023-03-13,4630188.737919382,110.40549804784338,0,0,7.550756465211936,1.3284893589426163,18545.910600429077,1332.8248606781667,20512.983226453725,6.0,3228,431559.28112530994,9899.622210058258
Region_07,2023-03-20,4630188.737919382,110.63626428997232,0,0,8.372453841095242,1.4504638794962013,20552.680902875814,1231.624044872811,16716.059359564748,6.0,3230,391771.9781923559,11021.195017599273
Region_07,2023-03-27,4630188.737919382,110.3201415006331,0,0,9.32812781005004,1.2061040103428173,16277.432035363003,1257.700027468879,18588.283080416757,6.0,3232,448142.49114717543,10877.059006175781
Region_07,2023-04-03,4630188.737919382,110.9616084048974,0,0,10.220495375933059,1.3186774532113452,26577.877322017786,1158.3326378712836,15818.221697554683,6.0,3234,417936.45476099994,10708.428521469748
Region_07,2023-04-10,4630188.737919382,111.33266974619916,0,0,9.985711162857879,1.6752685588984315,18666.952704287287,1004.4158209625527,16539.26730500733,6.0,3236,427373.7391210341,10004.308503175922
Region_07,2023-04-17,4630188.737919382,111.34608367329395,0,0,12.801939015451,2.293289602282348,14712.062683525884,999.4690863990127,16186.314439167421,6.0,3238,419732.5185865848,10618.074561331276
Region_07,2023-04-24,4630188.737919382,111.33529226634472,0,0,11.80535540491029,2.714647563611027,21601.19605448624,1317.9749365503126,14168.868270156712,6.0,3240,419241.8179130622,9866.575291683866
Region_07,2023-05-01,4630188.737919382,111.52228853608322,0,0,12.105899005337752,2.763171193501008,14757.18096966779,1323.762927492739,16054.571455187115,6.0,3242,371782.9980638023,10578.302814889586
Region_07,2023-05-08,4630188.737919382,111.36629668595407,0,0,15.556468530346386,2.8404707234724387,18707.702419999285,1374.0868727179102,14364.923530718746,6.0,3244,434184.9197764441,10192.400170917477
Region_07,2023-05-15,4630188.737919382,110.55069433859404,1,0,16.70962716726257,2.720396165328896,15491.401374452424,1181.2230547768813,14218.37193547359,6.0,3246,381527.55735173624,11121.74408868033
Region_07,2023-05-22,4630188.737919382,110.92577321172487,0,0,16.897383135290454,2.5807031223441084,14527.684602007797,1166.8160024011395,16858.865347444236,7.0,3248,433543.7831319535,10344.521997735686
Region_07,2023-05-29,4630188.737919382,111.27114472166046,0,0,16.273078634955585,2.8423126618822447,20573.299777597374,1230.7954371331073,15600.42683521287,7.0,3250,414891.1454291216,10679.758438059469
Region_07,2023-06-05,4630188.737919382,110.1206117388121,0,0,14.17444964935023,2.750059644384963,17127.83186482522,1448.1995436269638,15277.597630041062,7.0,3252,431149.5263880181,10660.363941853439
Region_07,2023-06-12,4630188.737919382,110.37594981014072,0,0,19.70266519781378,2.85988953671187,23069.746585787394,1531.484297020825,15564.236861044914,7.0,3254,418517.63127187575,10561.783563049046
Region_07,2023-06-19,4630188.737919382,111.25419157958558,0,0,14.834888378225465,2.571136684490125,15286.670525019648,1258.8871435328451,15328.61617545757,7.0,3256,434429.204458443,10615.767020375913
Region_07,2023-06-26,4630188.737919382,110.69037240299882,1,0,18.820763082912755,2.9822304792817813,14093.661736959299,1339.9933360676507,14257.939791594114,7.0,3258,427345.5578779382,10694.957755411653
Region_07,2023-07-03,4630188.737919382,110.65372675755346,0,0,21.165355276708684,2.885493480186704,16572.11488597639,1413.2645621192921,15872.86413648462,7.0,3260,417942.4329439673,10091.38426093446
Region_07,2023-07-10,4630188.737919382,110.56273560048643,0,0,18.16587066469909,3.2118872313861924,27474.20595742349,1320.605918711355,15444.959821993281,7.0,3262,419301.41246759257,10747.054850702287
Region_07,2023-07-17,4630188.737919382,111.39294156767187,0,0,18.20438410630612,3.000740278203863,20181.34414462036,1149.4009478757775,19203.947879736876,7.0,3264,449352.79442072794,10990.167630129317
Region_07,2023-07-24,4630188.737919382,111.95341508975035,0,0,18.049111365903578,2.773727130415244,19351.215449367086,1274.2812007638838,13421.845612451205,7.0,3266,420815.53061643726,10707.455663602434
Region_07,2023-07-31,4630188.737919382,111.51420701649414,1,0,17.380899214715654,3.1721366648226046,19447.3761934856,1200.4102868264983,13820.776056578976,7.0,3268,396875.01017769205,10315.326364525825
Region_07,2023-08-07,4630188.737919382,111.6852662781734,0,0,20.109791153060016,2.9843344104169476,16559.248427495415,1331.7871696237007,15473.13830703312,7.0,3270,398612.63398677326,10588.388008868033
Region_07,2023-08-14,4630188.737919382,112.83660234431217,0,0,14.723338706275936,2.5139643353054386,26818.01385312865,1161.7558575348626,18936.768790303155,7.0,3272,423267.0335876512,10367.080632477737
Region_07,2023-08-21,4630188.737919382,112.52424839474159,0,0,13.851891296006718,2.2019821742830215,19075.1052138095,1332.2143849826036,13064.951686080334,7.0,3274,434666.96391221037,10415.379664660662
Region_07,2023-08-28,4630188.737919382,112.51867150291193,0,0,14.053266373609974,2.458994778582502,18808.68482422461,1304.1322720264568,16330.383482039331,7.0,3276,395730.925032936,9936.698725606253
Region_07,2023-09-04,4630188.737919382,112.77542515465574,0,0,16.329032765222415,2.687180941558059,20643.504580991572,1577.7472860011235,15066.217349154644,7.0,3278,459149.1384099045,11310.353624895271
Region_07,2023-09-11,4630188.737919382,112.47039787979611,0,0,11.97152418287244,2.458430616668164,14712.31349420237,1108.711312734343,15338.504644594066,7.0,3280,413021.8727807239,11593.260843979522
Region_07,2023-09-18,4630188.737919382,113.35199942229248,0,0,12.559972691986667,2.2689150063084753,15607.775842148825,1623.4331290866076,16380.055164460116,7.0,3282,420914.7007019394,10236.382241008372
Region_07,2023-09-25,4630188.737919382,113.11566527215072,0,0,12.570806253915572,2.470819754196265,17164.515420520605,1217.7230838849023,16771.196638508773,7.0,3284,386909.11703459837,10996.597852098257
Region_07,2023-10-02,4630188.737919382,112.42114770758862,0,0,11.168475429887673,2.8655959177540864,20663.534162954267,1310.040637660634,16248.319807477881,7.0,3286,436186.8575827696,11335.628612021066
Region_07,2023-10-09,4630188.737919382,112.15865668813048,0,0,10.56281732030196,2.8449560559125553,14657.66383653512,1611.5722835232466,15874.681411419637,7.0,3288,406050.86272467417,10118.681771010233
Region_07,2023-10-16,4630188.737919382,112.48516673122356,1,0,10.212454239565727,3.011227580543603,17629.402707447152,1707.7447470573713,13968.4425927846,7.0,3290,414103.49795145437,9507.711591322042
Region_07,2023-10-23,4630188.737919382,112.08607966834643,0,0,7.6255084681976095,3.2732575005079996,17259.174398920033,1667.4104667334695,16459.870285911464,7.0,3292,410139.7199535826,11499.67641203674
Region_07,2023-10-30,4630188.737919382,112.23717936277998,0,0,5.596641276167243,3.919158470061961,14062.52430360527,1584.4760455243074,17114.441999842613,7.0,3294,445766.4915754591,10607.76138880769
Region_07,2023-11-06,4630188.737919382,112.51845458285082,1,0,5.676310361991505,3.5724436757018214,16499.524024861148,1575.1371550718613,17379.25388429209,7.0,3296,440040.9885872337,10327.042450334277
Region_07,2023-11-13,4630188.737919382,111.913987561811,0,1,4.1864385423794905,3.371826653222681,19317.4551112767,1489.4613606528349,16697.071890914714,7.0,3298,421787.9913538237,10637.275581974516
Region_07,2023-11-20,4630188.737919382,111.63213645301389,0,1,7.794241987194786,3.219884652988251,14256.042223215278,1732.5852817100129,21534.09785398688,7.0,3300,432485.7054871174,10531.739271802295
Region_07,2023-11-27,4630188.737919382,111.80662188278292,0,1,2.617144093423831,3.4681418976026746,22007.23952224146,1688.5939159288846,20485.990677157708,7.0,3302,475094.0553728199,12392.98896457663
Region_07,2023-12-04,4630188.737919382,112.15782796278467,0,1,3.641063301493782,3.392566580987325,19103.624609477927,1639.6727473212152,23098.181980061097,7.0,3304,437614.01569898956,10420.158628263089
Region_07,2023-12-11,4630188.737919382,111.88843595290085,0,1,0.2685716598117267,3.4862403326046443,18757.09868055298,1450.9371843539743,19204.944491104347,7.0,3306,455683.9566558755,10883.066099821
Region_07,2023-12-18,4630188.737919382,111.96432210802487,0,1,2.4316930502737053,3.5227932185570734,17830.304167788716,1249.9749188674118,21096.02136026214,7.0,3308,459861.54979038396,11394.364172641654
Region_07,2023-12-25,4630188.737919382,111.82235398315198,0,0,1.6276732240686524,3.523314356324278,15117.046031875778,1371.8723368452254,26877.442020311686,7.0,3310,353262.9430738727,11455.615987217448
Region_08,2021-01-04,3547161.9536829353,100.3639250854003,0,0,3.0135280787666434,0.032218972315909304,12376.097043439677,774.2871914786318,10632.342709847633,4.0,3000,336628.4409489762,8452.624567110634
Region_08,2021-01-11,3547161.9536829353,100.6236318749831,0,0,3.1109585602625622,0.3411891867945375,14403.909877641434,736.2627477479584,10584.76247825951,4.0,3002,308869.2990218037,7944.088294764899
Region_08,2021-01-18,3547161.9536829353,100.43689036738526,0,0,4.3579631690315725,0.05001349211281997,12372.462060297126,775.5718595548827,10302.70507190104,4.0,3004,319205.2679304847,8098.962440213637
Region_08,2021-01-25,3547161.9536829353,100.67611229298335,0,0,4.526224059739164,0.005476634833548426,14034.71415563673,696.3018369786637,7898.921447854212,4.0,3006,348438.686555863,7232.085096043121
Region_08,2021-02-01,3547161.9536829353,100.46981310708699,0,0,2.8168944015892743,-0.35910668890630526,11922.045916150064,818.9338756567523,10155.673945852272,4.0,3008,348697.9387999914,8075.287527732165
Region_08,2021-02-08,3547161.9536829353,100.69849408426523,0,0,1.9995498590971699,-0.29113961046681197,14598.750881717275,734.152904306709,8302.919158434957,4.0,3010,331336.77585088427,8086.617348739912
Region_08,2021-02-15,3547161.9536829353,100.93414135693753,0,0,2.771254490197172,-0.34979826868894404,14763.140562208064,733.5819652493354,9394.289888737088,4.0,3012,336501.76159795554,8415.14087569205
Region_08,2021-02-22,3547161.9536829353,102.11966462122179,0,0,5.149125698106609,-0.029025328918575344,10687.428922045303,673.3365876345719,8097.983661700906,4.0,3014,338769.45946270175,8842.060727446584
Region_08,2021-03-01,3547161.9536829353,101.95153350016973,0,0,5.692161196231398,-0.03047229508339422,13781.371136133408,720.863884558928,8437.739616236471,4.0,3016,346099.2504182222,8368.712091918731
Region_08,2021-03-08,3547161.9536829353,101.88089925668798,0,0,6.669104509821779,-0.1636240351042961,10858.750936907198,591.8370684075587,8604.66492560077,4.0,3018,347361.62593801256,8474.844070766641
Region_08,2021-03-15,3547161.9536829353,101.55728345649192,0,0,6.360495444154993,-0.23763704952611284,10319.809860343312,634.1796631991613,9398.070587175846,4.0,3020,323006.78076595865,8050.949631895668
Region_08,2021-03-22,3547161.9536829353,101.04087160759732,0,0,10.241330832667577,0.2793902145560395,12480.128314262804,531.8237309720927,7771.027899766954,4.0,3022,307366.16454052745,8504.898139963752
Region_08,2021-03-29,3547161.9536829353,100.81264136080111,0,0,6.826680824477586,-0.1916339687255758,20754.4175165822,631.7454846263772,7733.053023962382,4.0,3024,316460.9053565113,8029.71086642656
Region_08,2021-04-05,3547161.9536829353,101.14519170841173,1,0,9.114302227523414,-0.37988879891025307,15325.6772755763,692.334000015029,8091.729199667861,4.0,3026,338437.5732763272,8520.45070130643
Region_08,2021-04-12,3547161.9536829353,101.51392247408639,0,0,9.348632779096285,-0.36908638571023283,16811.06143682766,840.7124288013265,7462.356406682128,4.0,3028,320000.13068906957,8346.89664772616
Region_08,2021-04-19,3547161.9536829353,101.66176239643005,0,0,11.601065529785489,-0.5600143196842529,14946.601698125256,550.9607023251017,7127.391257566117,5.0,3030,302753.5834881484,8132.261498146494
Region_08,2021-04-26,3547161.9536829353,101.5138799561651,0,0,14.70668871043722,-0.4128098178550653,14069.903178697165,627.5002898594032,6951.7003021284645,5.0,3032,326440.7173166907,7400.7141900262195
Region_08,2021-05-03,3547161.9536829353,101.26719246319969,0,0,13.286154521626322,-0.4297554492883398,15604.045765391274,697.0030880060818,7479.765373268653,5.0,3034,296536.16576326935,8434.159474046037
Region_08,2021-05-10,3547161.9536829353,100.80877720796867,0,0,14.696733977510133,-0.35295997849923627,12394.908417033981,852.8470054796021,7321.508827376376,5.0,3036,322876.30264969455,8146.353543871398
Region_08,2021-05-17,3547161.9536829353,100.53033340748718,0,0,16.301345550564218,-0.3176115379157509,14640.60268313252,689.5815997427596,5918.492644421018,5.0,3038,321906.81851298886,8223.198404951461
Region_08,2021-05-24,3547161.9536829353,99.88276937792104,0,0,15.485111448321666,-0.348525155784946,16277.538541775,716.4963065555693,6443.996822959269,5.0,3040,321817.56224385276,8108.024707675117
Region_08,2021-05-31,3547161.9536829353,100.56169853385886,0,0,17.157812423541117,-0.7357722763519925,15152.033393750777,699.4324715822211,6594.20337729258,5.0,3042,332952.5714132518,8158.8616166282
Region_08,2021-06-07,3547161.9536829353,101.48027427701989,1,0,17.459781832973736,-0.6829445475939007,16438.702724496718,737.6026731297666,7567.5995371725485,5.0,3044,346431.1548216062,8537.799928046237
Region_08,2021-06-14,3547161.9536829353,100.51234290026993,0,0,15.783915970534226,-1.211967198362122,14021.775386415056,750.6108191637587,8099.600766594033,5.0,3046,357894.6302873595,7838.228520302242
Region_08,2021-06-21,3547161.9536829353,100.65697471919523,0,0,17.0710614475811,-1.4135554928510752,17584.77691644303,679.5134303401235,6185.712864094117,5.0,3048,311457.0674188752,8186.753362073562
Region_08,2021-06-28,3547161.9536829353,100.79332069687324,0,0,18.473549412399546,-1.2667939070442784,13223.38322673199,766.1507606346262,7537.364994784005,5.0,3050,324056.90558694396,7701.180004532533
Region_08,2021-07-05,3547161.9536829353,100.8977250916683,0,0,19.92328803848593,-0.9098876463317496,18744.030840516036,596.486788846139,7366.002493050727,5.0,3052,322432.8817773538,8228.147592918433
Region_08,2021-07-12,3547161.9536829353,100.60135293106181,0,0,19.863561431171696,-0.2050628087471985,14868.763387038185,714.390884041555,5418.359074157031,5.0,3054,321856.6388882035,8068.014038162371
Region_08,2021-07-19,3547161.9536829353,101.11260991043964,0,0,20.910765085058408,-0.3335390022684157,12879.405254057325,633.7731838786647,6006.862562232997,5.0,3056,299039.46510025125,7723.198609072941
Region_08,2021-07-26,3547161.9536829353,101.31784856122893,0,0,18.208315675415008,-0.5930763913344483,11431.262817643674,744.7183957162067,6995.0601068393025,5.0,3058,301076.471741783,8026.628700053566
Region_08,2021-08-02,3547161.9536829353,101.83490943821084,0,0,16.463676373199117,-0.43639132607639186,12085.698689586297,665.8216550607252,4908.326425657554,5.0,3060,316888.16995020176,7704.5924845158825
Region_08,2021-08-09,3547161.9536829353,101.46615344850444,0,0,16.487942429331767,0.12459931837220328,11814.377619673442,685.4064211943873,6180.168216815031,5.0,3062,293497.09542650374,7806.567043621458
Region_08,2021-08-16,3547161.9536829353,100.77456204617548,0,0,15.817438757923396,0.5844227562004753,13462.574833091621,788.510830659431,8050.476332707022,5.0,3064,315489.24925157486,8134.264398945834
Region_08,2021-08-23,3547161.9536829353,100.9920148109665,0,0,14.693160946072593,0.27389899462791095,11269.812960667174,719.6300454294019,7569.464249521512,5.0,3066,311063.9303415082,8141.983742355659
Region_08,2021-08-30,3547161.9536829353,100.51054294805736,0,0,15.118950989042485,0.2317462383892207,16562.40303702399,726.5265514232801,7343.003286911763,5.0,3068,315655.7983027318,7272.588748012272
Region_08,2021-09-06,3547161.9536829353,101.03784275097429,0,0,14.362018121271372,0.48685642333284784,13871.41035791547,737.8846842688915,7322.448010181266,5.0,3070,339116.6452130497,8161.158838341468
Region_08,2021-09-13,3547161.9536829353,99.97453209378588,0,0,11.076202850926544,0.7627697690637563,13787.245613401723,744.9942267410512,7110.249575695449,5.0,3072,305748.27728441916,7901.122397162839
Region_08,2021-09-20,3547161.9536829353,99.74026214633479,0,0,13.546780385962402,0.9403283462174694,11454.852710000216,656.9868386642997,8112.472037001253,5.0,3074,336112.6091400123,7868.170900456261
Region_08,2021-09-27,3547161.9536829353,99.43230122250826,0,0,8.209088034430927,0.805703771014733,12156.522129205976,716.3761284667971,6635.543976562397,5.0,3076,314006.1313021752,7598.3685880549565
Region_08,2021-10-04,3547161.9536829353,99.26611290159217,1,0,9.666277070614438,0.9805933363869315,9778.307191828571,898.3210977610229,7276.468540695339,5.0,3078,330784.7434615539,8017.131099872766
Region_08,2021-10-11,3547161.9536829353,99.39666243757377,1,0,10.759679467541709,1.2593985778500292,17389.94652169829,840.5774762657574,6268.851976581534,5.0,3080,348124.1795617137,7853.824321081228
Region_08,2021-10-18,3547161.9536829353,99.59478030557447,1,0,8.996561825897023,0.9797925551548687,11029.395045659263,711.329896530606,9001.073978400118,5.0,3082,335190.5657449003,8581.012101517339
Region_08,2021-10-25,3547161.9536829353,99.91464910673182,0,0,6.627700164694132,1.3788633248880344,11155.536487108171,806.3850791390345,8575.547558284925,5.0,3084,313049.07023659826,7452.233513108595
Region_08,2021-11-01,3547161.9536829353,100.29214228887663,0,0,9.23544989382633,1.6764511790774352,16864.275197576255,912.6072402304558,9560.608147447083,5.0,3086,320179.47620698786,7705.383471029437
Region_08,2021-11-08,3547161.9536829353,100.20637948854075,0,0,4.795371772691489,1.4538627292179287,14459.565688119863,901.968148168362,7919.222989414862,5.0,3088,299701.3115665509,7682.545852972962
Region_08,2021-11-15,3547161.9536829353,101.26073166939398,0,1,1.6920922805012193,1.731335677725763,13892.262079136863,862.0396758345343,8243.395335335294,5.0,3090,358533.4967578509,8210.03181732241
Region_08,2021-11-22,3547161.9536829353,101.95427683637247,0,1,4.691023547147843,1.9752697743710979,14357.346369963145,1041.1715682524243,10733.871368600705,5.0,3092,302229.82128628157,8642.255523458663
Region_08,2021-11-29,3547161.9536829353,101.79828272854179,0,1,0.7483587396856555,2.2306155702032084,15741.59446494792,798.78834293365,9895.185420168584,5.0,3094,367753.9787857984,8361.82166967998
Region_08,2021-12-06,3547161.9536829353,101.72984588247081,0,1,1.6691790021121173,2.7034074865354127,13848.858072128842,927.5376382154294,10700.612125148533,5.0,3096,364460.4525029388,7756.052362465501
Region_08,2021-12-13,3547161.9536829353,101.56332198612068,0,1,3.4539954561105697,2.700268952814461,10823.192338769917,762.5569745028696,8937.81344081285,5.0,3098,380581.38409134693,7957.480617421221
Region_08,2021-12-20,3547161.9536829353,101.74497129305097,0,1,1.5411789617439071,2.7997253475613335,15228.976517564583,888.1395457217494,10633.427278167806,5.0,3100,393284.1261797334,7876.1834511402885
Region_08,2021-12-27,3547161.9536829353,101.25900237797954,1,0,2.929243268844989,2.0081068710132786,14535.196653230649,1047.2784135203042,8486.346273723939,5.0,3102,359298.12558588287,8372.246052413724
Region_08,2022-01-03,3547161.9536829353,100.86423364751757,0,0,0.2628510020904897,2.3428536799855917,16264.006633255465,811.6307050608614,9903.776400819179,5.0,3104,316762.10498160316,7948.77182251894
Region_08,2022-01-10,3547161.9536829353,99.78055052481038,0,0,3.3460490436086734,2.6487296052626483,11311.915651043897,731.634123384478,9729.829734912539,5.0,3106,365208.60142471484,7567.969457026816
Region_08,2022-01-17,3547161.9536829353,99.5812204604238,0,0,-0.3039542763010932,3.0555398966980665,12229.12250109629,675.5543168702143,9925.46362854345,5.0,3108,309417.4540810523,8393.40029659942
Region_08,2022-01-24,3547161.9536829353,100.11360005241079,0,0,4.497817470454459,2.774535774547208,14469.381769732225,758.8062818127172,8774.53182658164,5.0,3110,297322.472684754,8626.931330442023
Region_08,2022-01-31,3547161.9536829353,100.03754954233607,0,0,2.203317439303997,3.0631493902857425,11840.723654731093,774.9609226036827,7889.66999443675,5.0,3112,357523.91193660296,8002.109741710498
Region_08,2022-02-07,3547161.9536829353,99.98946857159623,0,0,5.712866855953024,3.3687741792171293,9585.917617153704,747.0443353853432,9167.788578463002,5.0,3114,336295.7586017553,8160.94945353138
Region_08,2022-02-14,3547161.9536829353,100.12854814352399,1,0,2.751145581181075,3.1734991953952587,14052.791634183293,728.9676304616361,10671.45615750559,5.0,3116,311411.83534306695,7562.479112551603
Region_08,2022-02-21,3547161.9536829353,99.62742942712642,1,0,7.582166656651291,3.4902885234844754,15603.147036543847,681.5003395100565,7945.836039596933,5.0,3118,318186.42426406813,7318.926749449366
Region_08,2022-02-28,3547161.9536829353,99.64007253344855,1,0,4.018990355109988,3.629200736794366,13381.614450797051,720.7597793509915,8496.310219373983,5.0,3120,349022.9903994231,7381.5565467373535
Region_08,2022-03-07,3547161.9536829353,100.08523728119795,0,0,3.591291603642823,3.1197972046756557,14812.060552966987,654.0021413921863,9107.547380925453,5.0,3122,311168.4199133046,8085.9405033684625
Region_08,2022-03-14,3547161.9536829353,100.23851886450394,0,0,7.227815817838577,3.2951414508166263,14493.881707954582,775.4734566145356,8244.382024915149,5.0,3124,313547.2618081679,7971.563138745633
Region_08,2022-03-21,3547161.9536829353,100.7276012301348,0,0,9.936458244343564,3.064979391788127,13664.425621782933,776.9807771613221,9235.689410938225,5.0,3126,357903.61581160646,8295.07978519073
Region_08,2022-03-28,3547161.9536829353,101.35966718326912,1,0,10.221889326900305,2.56219981740466,13924.027647692048,667.4776603904545,7638.604579918743,5.0,3128,376217.7704714355,7963.746129606555
Region_08,2022-04-04,3547161.9536829353,101.69096206408803,0,0,11.744456903745771,2.672165800074653,16703.06438765822,709.8727017443207,6862.09978826316,5.0,3130,324684.50823292346,8429.562676486856
Region_08,2022-04-11,3547161.9536829353,101.334278551998,0,0,12.180073738864927,2.6525665891454144,11805.71688110333,683.9276766902767,8024.05673832228,5.0,3132,320824.9383288826,8421.77557082281
Region_08,2022-04-18,3547161.9536829353,101.16221087018788,0,0,10.684123480866957,3.0737106604546867,15320.291689265841,635.030878436495,6602.516946031091,5.0,3134,337950.2373030331,7887.373459359725
Region_08,2022-04-25,3547161.9536829353,102.12795529667119,0,0,13.986464438968193,3.128226396766833,11428.266662812892,836.4964380915195,6189.460683860807,5.0,3136,312641.0143970916,7604.533643287301
Region_08,2022-05-02,3547161.9536829353,102.28503955333544,0,0,13.857036304878848,3.361782194787939,12109.671733739196,788.0112845006764,6068.864330208076,5.0,3138,287042.9264548911,7270.056604529614
Region_08,2022-05-09,3547161.9536829353,102.37551784822163,0,0,13.479920993539718,3.514425004602984,16323.553736054266,616.0783752277256,7504.043333052872,5.0,3140,279394.2889890999,8601.004871220317
Region_08,2022-05-16,3547161.9536829353,101.94553817803465,0,0,15.574012397085243,3.8207122110108225,11378.740805204112,805.5952989341288,6845.2555179274505,5.0,3142,320230.3819437242,7642.117784587498
Region_08,2022-05-23,3547161.9536829353,101.89980760022699,0,0,15.90359728069547,3.554790007498749,13157.379696915115,828.5550372377095,7145.211953507417,5.0,3144,337170.0929752966,7474.253439910094
Region_08,2022-05-30,3547161.9536829353,102.25799439330339,0,0,18.707859700127553,3.6143509965325538,19441.76423776515,660.3920957604261,6763.04550642767,5.0,3146,320969.66549380386,8078.402524889139
Region_08,2022-06-06,3547161.9536829353,102.26541724855163,1,0,16.31133211609696,3.5721302256108944,15911.690348361666,861.354846410546,8102.338404041098,5.0,3148,351308.6245962423,7450.828149994755
Region_08,2022-06-13,3547161.9536829353,102.0057281311263,0,0,16.63770350338188,3.7682352407625257,12214.76770841203,666.8815687838602,9720.397962211984,5.0,3150,337560.8886943334,8082.467062874063
Region_08,2022-06-20,3547161.9536829353,101.86203504965259,0,0,16.719576578837053,3.8449791637917747,12532.781036910115,841.7997995488207,7541.986362538732,5.0,3152,346079.5558745927,7911.36251119502
Region_08,2022-06-27,3547161.9536829353,102.45794770866064,0,0,20.786943697248187,3.660767803996025,13299.202391018953,790.2228335098646,6992.293065722145,5.0,3154,324180.2581210246,8372.348556163532
Region_08,2022-07-04,3547161.9536829353,102.79183811499276,0,0,17.035970363501345,3.5593877420204705,16610.13608774121,749.3333842265317,6189.030249082166,5.0,3156,325587.5295390521,8368.948186495585
Region_08,2022-07-11,3547161.9536829353,103.05885822842387,0,0,19.886928341451938,4.053938554582141,11739.678283890597,661.5988679931917,6303.620380663587,5.0,3158,319679.56150419475,8460.457429165572
Region_08,2022-07-18,3547161.9536829353,103.2792992978982,0,0,16.220453289166166,3.5456332191187556,11633.58461879661,738.8601677833409,7249.725680521019,5.0,3160,315541.6245893778,8060.703587503662
Region_08,2022-07-25,3547161.9536829353,102.68778431828059,0,0,18.240065674773415,3.758442631178356,15183.72970778841,898.1541855101332,6539.602590891292,5.0,3162,297493.8141141771,7721.181443592095
Region_08,2022-08-01,3547161.9536829353,102.82395886165523,0,0,17.477412303171384,4.13087652019826,10602.087725547326,751.5064006371605,7488.3295065149005,5.0,3164,341169.1867015066,7652.529545793
Region_08,2022-08-08,3547161.9536829353,103.35796260027028,0,0,18.43392361453224,4.304527665948976,11900.25596034905,835.308694099158,7857.45191122004,5.0,3166,316990.4063917219,7886.129282394287
Region_08,2022-08-15,3547161.9536829353,103.22750182966017,0,0,17.620654222254508,4.895830141338375,13469.907655360814,752.3196821770729,8085.772524086411,5.0,3168,314338.9628495975,8862.277231243093
Region_08,2022-08-22,3547161.9536829353,103.71621586084058,0,0,15.427816331541235,5.177384835460941,13573.894828764223,814.4523462099169,6804.485102377208,5.0,3170,312086.1970444459,7903.53019625978
Region_08,2022-08-29,3547161.9536829353,103.9888292201012,0,0,13.738904079699918,5.292621949582251,11117.589542033578,704.9260755828374,6079.397373657839,5.0,3172,298183.85964259726,8031.521227318421
Region_08,2022-09-05,3547161.9536829353,104.40266564137954,0,0,16.155227835003032,5.152603082056884,14386.38886576656,685.3610322248848,8163.273603823155,5.0,3174,318856.4757871873,8669.23642360014
Region_08,2022-09-12,3547161.9536829353,104.42813388465808,1,0,11.881417918835048,5.273403316211164,14824.574400565112,755.9616274206276,6794.344670331227,5.0,3176,344410.0148790906,8128.228104030941
Region_08,2022-09-19,3547161.9536829353,104.87142666526684,1,0,8.512939651988887,5.477907892267592,12352.371675650938,797.6241932197643,5142.298550040141,5.0,3178,322844.6673841185,7683.284799491223
Region_08,2022-09-26,3547161.9536829353,104.13908585855651,0,0,8.176445257280474,5.478958019575676,17502.348619652475,848.4115118811588,6430.523750704168,5.0,3180,339209.357880214,8321.671378824296
Region_08,2022-10-03,3547161.9536829353,104.15565871864321,0,0,7.577407976329653,5.256110036802305,14355.919879727124,888.3571490313822,8225.637042591015,5.0,3182,317592.39347442257,7920.797632929229
Region_08,2022-10-10,3547161.9536829353,104.51216614918197,0,0,9.929249875757327,4.894843237000371,11734.023768151075,860.2654108911432,5957.060956058023,5.0,3184,298845.2182581333,8163.783919277658
Region_08,2022-10-17,3547161.9536829353,104.66031591230494,0,0,11.40717608816632,4.9504653026146626,17397.709576112597,895.1116512999913,7379.919617183661,5.0,3186,346168.73644516757,8278.899016610105
Region_08,2022-10-24,3547161.9536829353,105.20812774030696,1,0,4.103219896031725,4.506370440280191,12612.934364158862,992.5698973356498,7439.760492891225,5.0,3188,342133.3617711322,7890.698188059058
Region_08,2022-10-31,3547161.9536829353,105.12957832770888,0,0,5.108382298903024,4.364907633442937,14013.939344132494,897.9669381071124,7928.721902309524,5.0,3190,337852.4823289199,8156.103566597698
Region_08,2022-11-07,3547161.9536829353,104.85585069120636,0,0,5.589020718333064,3.6353854921798785,12682.261674198762,1049.4791875178335,7644.445773123522,5.0,3192,339637.3352711257,8791.414295246866
Region_08,2022-11-14,3547161.9536829353,104.03631319162518,0,1,7.013279182579469,3.885291051066252,14981.924587720827,966.0659379314053,7981.053443708213,5.0,3194,335190.88467624335,7902.935921112243
Region_08,2022-11-21,3547161.9536829353,103.89982994143872,0,1,2.8300077359027895,4.231505063817608,12692.25847731007,916.6019709656106,9364.84926744268,5.0,3196,343870.3016497132,8747.955515412159
Region_08,2022-11-28,3547161.9536829353,104.15826741484871,0,1,4.302328806576219,4.25518948189634,12808.295345393964,953.9490162960337,9821.661817271892,5.0,3198,370349.21898029314,7948.215491204707
Region_08,2022-12-05,3547161.9536829353,104.53877167172327,0,1,2.5412179221542726,4.80462719145428,13319.44284460323,985.1593136984394,11478.47617811806,5.0,3200,386626.2889614703,8995.64561344362
Region_08,2022-12-12,3547161.9536829353,103.83917888089525,0,1,6.430612507889584,5.208843217119162,12653.437834250384,762.966758283288,9052.205178533372,5.0,3202,352238.6251599858,7827.901774342866
Region_08,2022-12-19,3547161.9536829353,104.42684144405857,0,1,2.4492758920414994,5.352778931663325,16022.494967787048,822.2922872170193,8517.656967470826,5.0,3204,339049.26937674277,7982.759699541369
Region_08,2022-12-26,3547161.9536829353,103.93963103349371,0,0,2.5918621669335593,5.31881462338966,11297.172697355565,942.831139408775,9651.557250435493,5.0,3206,355247.68641120486,8787.962896174442
Region_08,2023-01-02,3547161.9536829353,103.87905696284638,0,0,2.126385438896997,5.213995187724685,13567.121521661627,963.794275877894,10053.861906476075,5.0,3208,318088.0707325506,8871.242228593499
Region_08,2023-01-09,3547161.9536829353,103.5946487720176,0,0,1.4362991556751368,5.382742510032682,13827.249441814267,816.0856917356903,9543.340726741653,5.0,3210,333503.2843751845,8529.908158781229
Region_08,2023-01-16,3547161.9536829353,103.8032737139338,0,0,3.6572710739446688,5.340374457764396,13390.243433278965,980.0816781425049,7816.351391470511,5.0,3212,320318.4992059193,7742.081699082072
Region_08,2023-01-23,3547161.9536829353,103.85031107270473,0,0,0.7813287286254973,5.504843518261631,15775.628916663354,836.7588957171163,8179.256658256272,5.0,3214,330106.13286708,8160.496066817117
Region_08,2023-01-30,3547161.9536829353,104.18929535038964,0,0,-0.08659180584208315,5.691579602411485,10887.651781003473,843.151819319942,9755.142736294098,5.0,3216,311866.51943214826,8201.539372528134
Region_08,2023-02-06,3547161.9536829353,105.11119765765184,0,0,3.1908371360654595,5.622705828068441,14856.077913085986,831.4558304508362,7687.6180125162755,5.0,3218,318914.39443206,7805.253954835808
Region_08,2023-02-13,3547161.9536829353,105.31012389415521,0,0,5.235259595624912,5.951441572755338,11318.95376430297,915.2566724032066,9316.773890472306,5.0,3220,314080.5949248064,8428.279721243343
Region_08,2023-02-20,3547161.9536829353,105.0217840748381,0,0,3.8238533912740538,5.882876195663615,12640.488108182952,697.1997128856542,10334.199569094171,5.0,3222,334018.33758214244,7802.589922670293
Region_08,2023-02-27,3547161.9536829353,105.25231858861586,1,0,5.735217842635504,5.889277760257212,11145.858123839991,811.1935725927697,9039.004202282396,5.0,3224,341525.42265876423,7636.691264015343
Region_08,2023-03-06,3547161.9536829353,106.22488821198455,0,0,4.451170141554759,5.596020380159902,12979.975266509273,758.3776140398278,7982.359198418071,5.0,3226,335500.6081682537,7459.116701239092
Region_08,2023-03-13,3547161.9536829353,106.55305834389904,0,0,8.757155869100943,5.514835359662024,12509.51795121241,897.1564598162132,7177.897028020352,5.0,3228,309090.2281336179,8877.845715075035
Region_08,2023-03-20,3547161.9536829353,107.02590514842903,0,0,9.0633391346061,6.1622948964546485,17443.415665397257,856.8888785589486,7314.9963281002965,5.0,3230,317049.98219669174,7869.605218562723
Region_08,2023-03-27,3547161.9536829353,106.22911692347992,0,0,9.065299036634718,5.892178925793583,14145.922817593648,683.9651102383465,6120.214091429388,5.0,3232,329921.560559004,7874.787837880017
Region_08,2023-04-03,3547161.9536829353,106.4225562229586,0,0,10.253094681837364,6.023492633905813,14573.275192239867,972.9416466475161,6743.938690542214,5.0,3234,334922.4898923376,7677.42804300171
Region_08,2023-04-10,3547161.9536829353,106.28854734799577,0,0,8.873930547100013,5.8871452882324435,11554.742363528012,692.6088247318363,7223.791054936893,5.0,3236,297626.5690189225,8652.522095580907
Region_08,2023-04-17,3547161.9536829353,105.94848491695957,0,0,9.89118532863256,5.222974837777661,15244.717490556794,833.4280877332271,7258.02627168252,5.0,3238,324284.26818201185,7495.3929484375285
Region_08,2023-04-24,3547161.9536829353,105.93732625333011,0,0,12.653851960680278,5.390665964763714,17443.295784806745,838.4773001592578,6268.6215144663975,5.0,3240,307135.10994752287,7562.138295530887
Region_08,2023-05-01,3547161.9536829353,105.99164324397869,0,0,14.48838759243828,5.223828687081593,15544.515218563238,776.8329351454777,7364.775773057174,5.0,3242,334348.8484297722,7920.785435699542
Region_08,2023-05-08,3547161.9536829353,105.6794472929827,0,0,15.391085980261142,5.319541051983994,11205.66658904278,846.6659280534799,6572.498787844192,5.0,3244,351569.50393003016,8054.748757546603
Region_08,2023-05-15,3547161.9536829353,105.77367917308706,0,0,14.760581954755384,5.616456740755556,12725.402647022469,748.9781731789072,7921.062524547465,5.0,3246,281274.0272679065,8362.82432956692
Region_08,2023-05-22,3547161.9536829353,105.68693562418761,1,0,17.106153519805947,5.686836256011983,13866.76539937618,845.6253183537716,7594.395204401381,5.0,3248,324672.2536081415,7779.483216851594
Region_08,2023-05-29,3547161.9536829353,106.03815506144568,0,0,18.715058218269604,5.785325909783332,12511.484789991908,691.6418126832463,7589.673740672345,5.0,3250,324697.2250142667,8688.472767250878
Region_08,2023-06-05,3547161.9536829353,106.15194248185597,0,0,16.95064708022933,5.524943932641209,19948.822320628,820.5074332979517,7072.985662533721,5.0,3252,320835.67318679113,7789.967773939559
Region_08,2023-06-12,3547161.9536829353,106.33990416128061,0,0,17.94462580140098,5.736991540898597,12690.834213658041,813.6396902853102,7636.310420309492,5.0,3254,336580.75189211126,7666.21695360015
Region_08,2023-06-19,3547161.9536829353,106.82959814562395,0,0,17.455753343907226,5.680086336761516,13554.502493161188,848.0489791566333,5990.435928014669,5.0,3256,320853.736704699,7623.25294962734
Region_08,2023-06-26,3547161.9536829353,107.10707607554355,0,0,17.752211529331664,5.080557754571356,12468.273326808283,795.4574996663073,6430.236427371048,5.0,3258,309931.7420970281,7714.0766827393445
Region_08,2023-07-03,3547161.9536829353,107.10403387923898,0,0,18.25434648443749,5.328731083184935,14125.392145121605,895.2079395111375,6811.705429760035,5.0,3260,303737.3189349877,7610.091147722695
Region_08,2023-07-10,3547161.9536829353,106.06057140423079,0,0,20.496567426365228,5.668625939064689,16786.483087880424,872.7326335768905,7051.709157631057,5.0,3262,301621.3314725769,8359.027969451035
Region_08,2023-07-17,3547161.9536829353,106.3174354011283,0,0,19.140449105276744,6.112962675732231,13880.011727144201,737.4186864314499,6788.817433591713,5.0,3264,306972.7640680108,7619.09719998175
Region_08,2023-07-24,3547161.9536829353,105.86147374999977,0,0,18.717906592126596,6.764209576454098,13202.015321892592,852.975940010294,7171.55116950219,5.0,3266,311483.9558149392,7997.463102036615
Region_08,2023-07-31,3547161.9536829353,105.81835483764962,0,0,16.403033905849075,6.996269940742425,11613.113283699322,914.7520135966279,6699.270571204882,5.0,3268,326500.23877677583,7622.87068523774
Region_08,2023-08-07,3547161.9536829353,106.00387833027952,0,0,15.236608203961685,7.1504615760729875,16355.217135681349,880.9633963392375,7107.366992071352,5.0,3270,318096.9841706206,7575.44724541576
Region_08,2023-08-14,3547161.9536829353,106.67039284217512,0,0,16.572389146802873,7.477925898659508,13352.016088972701,692.2874586613856,6386.201331007531,5.0,3272,309580.3793314341,8492.836825811875
Region_08,2023-08-21,3547161.9536829353,107.59155424290023,0,0,17.170599236888517,7.211827354654942,13266.16805810261,702.237080375537,7344.082980979784,5.0,3274,303663.43364413077,8720.626105752575
Region_08,2023-08-28,3547161.9536829353,107.13094509946453,0,0,17.129624571648478,6.710236525311487,9605.932774727731,903.5685007288484,7128.473510697169,5.0,3276,309873.9241524562,8614.56980582754
Region_08,2023-09-04,3547161.9536829353,106.47301366128329,0,0,10.038829592451597,6.567133882760159,13385.05775578415,760.266394172494,5846.811474752547,5.0,3278,310296.8674564022,7454.963992565451
Region_08,2023-09-11,3547161.9536829353,106.6358722458767,0,0,16.506421535230416,6.950307135966064,12846.298757968349,886.1026782690059,6435.289711694788,5.0,3280,309367.35822825925,7532.555032424899
Region_08,2023-09-18,3547161.9536829353,106.75708612289566,0,0,12.540005736672002,6.751977396310731,10374.18823349442,907.2587631074434,5386.608355140348,5.0,3282,331945.6568437915,8911.825577097856
Region_08,2023-09-25,3547161.9536829353,106.1561481839336,0,0,12.327688988288289,6.891660572608467,15826.143058215126,855.5897172619314,6601.672095480029,5.0,3284,344399.20514708175,7930.028572029741
Region_08,2023-10-02,3547161.9536829353,106.14784668296856,0,0,7.390083835906662,7.063649763423112,12590.406299913288,749.8423175525645,7287.660730867852,5.0,3286,304224.88901620667,7518.232506547958
Region_08,2023-10-09,3547161.9536829353,106.44661715584193,1,0,8.680347802810429,7.136929304655687,18129.79674474104,1020.223158912582,6469.040415444544,5.0,3288,358512.1274186386,8552.203076015745
Region_08,2023-10-16,3547161.9536829353,105.83154129475247,0,0,9.319746561045351,6.7536395981051545,16867.48346126865,1168.4497148729151,8632.73775113806,5.0,3290,338293.92086057656,8180.43204779714
Region_08,2023-10-23,3547161.9536829353,105.33424859868701,0,0,5.401039265582024,6.856451321938809,12246.44805735645,930.2976308788444,6414.396367301218,5.0,3292,328230.3104368626,8322.747102760048
Region_08,2023-10-30,3547161.9536829353,105.01216863100589,0,0,1.9497475686985304,6.729985282814402,16753.68995612391,927.5778864644338,8666.809089226035,5.0,3294,352400.78550621844,7266.002201833164
Region_08,2023-11-06,3547161.9536829353,104.90603850650419,0,0,5.958740054605636,7.240843640476089,17371.011501498415,974.2503096144897,9642.210348744096,5.0,3296,324615.7688205381,8020.249478732666
Region_08,2023-11-13,3547161.9536829353,105.25302425939192,0,1,4.620344739329415,7.581907179356653,12545.551602104842,1215.1645024123707,9622.385701267538,5.0,3298,360876.30455300055,8579.275311553958
Region_08,2023-11-20,3547161.9536829353,105.08978392260428,0,1,6.173919646446445,7.466019256582421,11685.192776611917,951.8225588961773,9008.25615405642,5.0,3300,356177.28312194865,7965.905398911028
Region_08,2023-11-27,3547161.9536829353,105.11744233561654,0,1,3.176251359023832,7.995740200129813,9874.130736238572,920.2803323356421,9430.923291252579,5.0,3302,354524.2086046031,8728.388325454142
Region_08,2023-12-04,3547161.9536829353,106.24053125073652,0,1,2.786273605150579,8.098853622917371,14444.124486224131,1056.2063813369093,8795.190307690877,5.0,3304,360706.3473054254,7670.235399106074
Region_08,2023-12-11,3547161.9536829353,105.76237610939714,1,1,3.566386316971936,7.597362663484727,11789.656758406427,963.310176000032,9149.146313126384,5.0,3306,368146.91611865023,8161.33953166107
Region_08,2023-12-18,3547161.9536829353,105.4358794107465,1,1,3.782746113986309,7.573871078642817,14509.381223930828,914.9640080244149,9363.125498087891,5.0,3308,376189.11752471555,8915.689470097053
Region_08,2023-12-25,3547161.9536829353,105.77492384789196,0,0,0.9952063582264037,8.064454457031498,12528.973402147414,832.0936975495376,9820.825011018416,5.0,3310,316726.40644517954,7746.201306000668
Region_09,2021-01-04,4245300.876015714,100.49402159556638,0,0,3.4167481393655312,-0.24595155084457906,14525.80327743048,898.7553283984811,14790.893802495333,5.0,3000,366053.97494164173,9779.27220951616
Region_09,2021-01-11,4245300.876015714,100.70142203238937,0,0,1.275728266821145,-0.2664235223852986,15009.189656895165,839.8762587842901,14254.68985512854,5.0,3002,371515.720282723,10041.94813504033
Region_09,2021-01-18,4245300.876015714,101.60590581677205,0,0,2.257247866181453,-0.6743774177144395,13435.679330713114,786.7624617161595,14090.414738793064,5.0,3004,378504.9685831572,9835.878309866897
Region_09,2021-01-25,4245300.876015714,101.76463378420804,0,0,3.5260246727277176,-1.0347173076749834,15008.149460012146,716.4832543361393,11634.216141868817,5.0,3006,403605.15320575505,9596.741334730472
Region_09,2021-02-01,4245300.876015714,100.77658194245313,0,0,4.18405631059132,-1.2849892308461683,14620.058309108721,774.2188724259788,12487.963003249999,5.0,3008,375464.8736788174,9301.847504387373
Region_09,2021-02-08,4245300.876015714,100.82507978617681,0,0,3.893601432457836,-1.6532087042836106,16293.446914751046,707.5816462548204,14376.2051541555,5.0,3010,397016.8262211728,9824.865451197598
Region_09,2021-02-15,4245300.876015714,100.53958797412805,0,0,2.3910810240813922,-1.8386909296943466,16585.43757594099,695.9061836727753,13073.07300382732,5.0,3012,388097.12924589997,9635.878750434003
Region_09,2021-02-22,4245300.876015714,101.23149384855587,0,0,1.8896366702207614,-1.3172059443440371,13904.465948596524,723.8591901486857,15351.45040066356,5.0,3014,375675.92475662933,9046.007971468953
Region_09,2021-03-01,4245300.876015714,101.71380588066337,0,0,5.173548043814075,-1.3280277141437653,19259.55153962537,703.5651926992255,14427.692078599946,5.0,3016,408792.66084661277,10254.668021487929
Region_09,2021-03-08,4245300.876015714,100.91896049243307,0,0,7.739141911714497,-1.092371203870134,15941.902943581475,747.8984528556908,10602.061439259227,5.0,3018,397336.5930089065,9254.527075067233
Region_09,2021-03-15,4245300.876015714,101.59411952422684,0,0,7.83770706575633,-0.7649004987977079,20455.509214594596,843.1082695236129,13606.478717684311,5.0,3020,382611.87297285016,9046.77833818891
Region_09,2021-03-22,4245300.876015714,102.06380340862621,1,0,8.448524196769593,-1.0974314382592514,16929.34807149093,712.1340044163613,11507.544221721126,5.0,3022,392894.85175616224,9338.333477677557
Region_09,2021-03-29,4245300.876015714,101.9015723440758,0,0,9.02516672325769,-1.346885161987035,16498.21096704863,775.1531485703778,11357.488506530151,5.0,3024,383352.4984540799,9245.140171128573
Region_09,2021-04-05,4245300.876015714,101.86235139689295,0,0,10.463652765207529,-1.1171395437487759,15168.783938427874,827.95450738076,10836.231866649145,5.0,3026,353458.99912854336,9535.075489620007
Region_09,2021-04-12,4245300.876015714,102.5584399174612,0,0,9.473156676611707,-1.3074244454028394,17905.5774154919,733.6436173289983,12903.460563758576,5.0,3028,365290.2295742087,9064.688851871457
Region_09,2021-04-19,4245300.876015714,101.57268395957372,0,0,13.084828043048384,-1.097548293915449,16410.499700849352,740.6435386551856,9518.914571987854,5.0,3030,388837.8117228536,9844.98495419764
Region_09,2021-04-26,4245300.876015714,101.79538296209357,1,0,14.106298783973507,-0.5943515676041548,18572.020970979393,818.8085643104437,10729.49554705618,5.0,3032,366514.09243005555,10346.335650779272
Region_09,2021-05-03,4245300.876015714,102.34208777965608,0,0,13.18488711383523,-1.0309664338273743,20771.57992403477,763.6342443398001,11385.081668948347,5.0,3034,368121.4544543779,9731.572921499037
Region_09,2021-05-10,4245300.876015714,102.29773126430007,0,0,15.200029419826702,-1.1380466826804168,14641.4773120238,1051.7363709401297,10735.32440238134,5.0,3036,375623.741570039,9027.052084161238
Region_09,2021-05-17,4245300.876015714,102.62168617087097,0,0,12.730157069371353,-1.1975280944936992,17901.882585863994,819.4963195580976,12453.212897575371,5.0,3038,441457.1730450053,9218.350730536764
Region_09,2021-05-24,4245300.876015714,102.67326343914988,0,0,16.25815785932581,-1.3554380298148256,17825.923414574205,684.6897769635203,10524.94236235114,5.0,3040,393511.7298206164,9725.872840543963
Region_09,2021-05-31,4245300.876015714,102.28124380429392,0,0,16.38418303573675,-1.537830231814491,17489.54247053582,829.777814105452,10816.878883994037,5.0,3042,402631.7726783571,8742.981980142733
Region_09,2021-06-07,4245300.876015714,101.8767287955868,0,0,18.9724975655314,-1.6854664762389988,15300.820677409714,822.2171039333579,12458.401930525222,5.0,3044,366832.7641550679,9087.411634777325
Region_09,2021-06-14,4245300.876015714,102.23269342927635,0,0,17.18216580570573,-1.690041694027543,15347.327945185483,831.4964421880509,9954.806349661252,5.0,3046,388170.60101687873,8892.248608629941
Region_09,2021-06-21,4245300.876015714,101.91484006650727,0,0,19.070531309479836,-1.6405762535374286,14958.863754396314,703.5404090238352,10103.380088382391,5.0,3048,348609.2800498215,9704.473122098467
Region_09,2021-06-28,4245300.876015714,101.15254959730939,0,0,17.35491222601068,-1.3545530007445346,14914.423782647295,736.4578575588765,10098.329581755088,5.0,3050,375262.5343255516,10765.56286035404
Region_09,2021-07-05,4245300.876015714,101.21374894317015,0,0,14.570848928137348,-1.362088601387535,14394.809253168047,746.0492976864375,9331.473311146241,5.0,3052,390630.06421741354,9042.053268511234
Region_09,2021-07-12,4245300.876015714,100.95720823268589,0,0,17.60336651156908,-1.026636117197243,16074.139688604382,813.6240885953639,10042.668359277774,5.0,3054,356159.372973462,10046.551843748513
Region_09,2021-07-19,4245300.876015714,100.35765417006603,0,0,18.062670422078572,-1.2041761402217244,14573.627939501786,722.6487954029105,10065.529954027594,5.0,3056,389221.2491570186,9346.004643730155
Region_09,2021-07-26,4245300.876015714,100.39352788659997,0,0,17.70638619701608,-1.5645849915052104,17430.69786768958,884.0909034165574,8634.227078470183,5.0,3058,391677.91941509064,9004.241648770738
Region_09,2021-08-02,4245300.876015714,100.77716625664347,0,0,17.332573963135896,-1.656011201828786,16468.170485470455,872.0276673666126,10348.577803586211,5.0,3060,370559.97265018814,10399.293571655493
Region_09,2021-08-09,4245300.876015714,100.78724128873918,0,0,15.824189623600901,-1.517263405457189,16747.59606800914,824.9571125368633,9429.09339432352,5.0,3062,366085.26647937973,10690.71911399923
Region_09,2021-08-16,4245300.876015714,100.25412086070631,0,0,15.502494621751275,-1.2591233945137617,15671.80086902172,753.247119279087,12409.024676850297,5.0,3064,370315.7491056791,9866.45519128245
Region_09,2021-08-23,4245300.876015714,100.49502264190808,1,0,13.615465499055562,-0.8210533188269997,16497.70181069835,830.4046876751859,9996.891330788889,5.0,3066,390830.5240003302,9816.09973606981
Region_09,2021-08-30,4245300.876015714,101.0126008329463,0,0,11.549609475585516,-0.7339932276318936,15733.43351261417,858.8276815934386,9592.856783924772,5.0,3068,375749.90702340263,9652.535005537775
Region_09,2021-09-06,4245300.876015714,102.11911791459477,0,0,13.558096871280314,-0.5080854258817447,18353.454353396577,893.3565875553304,10382.871894962682,5.0,3070,392577.24347764696,9624.328399638869
Region_09,2021-09-13,4245300.876015714,102.84003992972761,0,0,11.719034472593114,-0.09745161566730676,15279.742798963138,831.3447893261683,9657.269193475213,5.0,3072,371045.9082134879,9793.973180451669
Region_09,2021-09-20,4245300.876015714,102.33736073462826,0,0,13.534278682799982,-0.33122568510888367,17274.21648625426,990.0540718598114,13106.514596784435,6.0,3074,415413.7471512567,10004.902091803455
Region_09,2021-09-27,4245300.876015714,102.76640210367556,0,0,7.691317912522296,-0.3942679849261596,13422.477156043486,811.30468554,10433.177477841313,6.0,3076,415318.55406757706,10541.998496380626
Region_09,2021-10-04,4245300.876015714,102.89466406400436,0,0,10.436528198716438,0.43700597823372683,18168.649752856825,935.2584616998898,10788.208105939064,6.0,3078,387635.93647863774,9438.757506550719
Region_09,2021-10-11,4245300.876015714,102.31861448356972,0,0,12.21793745526834,0.6939226609244992,15014.211853682653,981.0245532627838,10683.778711193001,6.0,3080,377128.54850646754,9750.889182319905
Region_09,2021-10-18,4245300.876015714,102.46051208948072,0,0,7.8112050384232825,0.8471327535334106,14239.867957438984,908.5415465962014,10938.208050764959,6.0,3082,372758.6023972332,9631.752508450885
Region_09,2021-10-25,4245300.876015714,103.41985043843425,0,0,7.159038767636652,1.1152400068311286,13764.136401803547,850.7958857051581,9966.94003880648,6.0,3084,389174.45398556325,10209.779957802462
Region_09,2021-11-01,4245300.876015714,104.01778254379384,0,0,6.921734778607091,0.7145368631393221,13601.745443910959,988.0823452426098,13159.26281757895,6.0,3086,394066.8291484904,10976.661560587132
Region_09,2021-11-08,4245300.876015714,103.51105764067552,0,0,6.212261211959346,0.5204889345648231,15190.430286145227,1013.1989654506608,11202.566238921949,6.0,3088,382296.0622470148,10275.116151399958
Region_09,2021-11-15,4245300.876015714,103.51791624911799,0,1,4.082257729232671,0.21679957072140926,20443.817155107743,1190.6454199987604,12254.143218528558,6.0,3090,403829.5774117754,10163.797739635302
Region_09,2021-11-22,4245300.876015714,103.76375346427142,0,1,2.4994696995589534,0.34238206663415904,14826.081813044422,1001.3185132642901,15687.827019947184,6.0,3092,419213.29743863316,10252.279793746275
Region_09,2021-11-29,4245300.876015714,102.89880166345183,0,1,4.395210269176543,0.231692247161076,11722.50695869636,940.6680649999685,14936.576689993573,6.0,3094,413316.543279533,10431.731448283044
Region_09,2021-12-06,4245300.876015714,102.05108278160705,0,1,0.05425971364885607,0.260308793900202,17248.17405419152,991.394853253885,13930.303499889556,6.0,3096,400643.2042978745,11039.746968410298
Region_09,2021-12-13,4245300.876015714,102.12839670366138,0,1,3.768212538592296,0.16700391971055462,13814.901958064933,1014.7906285442056,13747.200650037263,6.0,3098,416710.0182859179,9037.541765691372
Region_09,2021-12-20,4245300.876015714,102.21223422862839,0,1,1.6447676744893034,-0.3209178585351355,18450.795383886707,1030.80979915773,14225.114949516086,6.0,3100,400509.753484254,10092.568873346647
Region_09,2021-12-27,4245300.876015714,101.29282476189701,0,0,2.0629567383462923,-0.0554249273889289,15328.668436586204,1027.556185836809,17010.571203904477,6.0,3102,375466.84093079687,8647.958460343649
Region_09,2022-01-03,4245300.876015714,101.48681152475082,1,0,1.211588193127443,-0.5840838585303113,15670.581116324867,934.7292782736583,15498.235395063273,6.0,3104,403588.4304520448,10287.724855692182
Region_09,2022-01-10,4245300.876015714,102.03029287650003,0,0,4.2046529424980035,-0.8023778803117051,19540.377602895016,909.8811260082902,12472.602795790011,6.0,3106,376070.48098199035,10052.633661380754
Region_09,2022-01-17,4245300.876015714,101.92114204207277,0,0,2.605981521728475,-1.197019564308139,17913.341484913108,903.0928782259451,13587.715943020006,6.0,3108,373358.4233892967,9532.381909711708
Region_09,2022-01-24,4245300.876015714,101.95104793516836,0,0,2.0372630785984605,-1.4609419153702077,13543.812289297977,834.1241619564545,10973.332870294553,6.0,3110,406814.95511888154,8541.063110755096
Region_09,2022-01-31,4245300.876015714,102.23675379351049,0,0,2.3914974513117007,-1.4003843465242847,13846.016233560875,886.9357446173739,12791.745487381577,6.0,3112,377774.91028540855,9744.201504006396
Region_09,2022-02-07,4245300.876015714,102.45626843165752,0,0,3.193893370848938,-1.0298774583434387,12495.35345898191,921.9233920526765,13770.744346614552,6.0,3114,423487.3895463339,9897.741609377834
Region_09,2022-02-14,4245300.876015714,101.62195718057491,0,0,7.60732427943186,-1.4981759550235485,24127.91544388805,858.7066870730725,13712.599284211134,6.0,3116,397838.70447444596,9752.114215663301
Region_09,2022-02-21,4245300.876015714,101.1693965845181,0,0,2.719386198604183,-1.665338360513827,14346.130441462436,873.0440917664074,13059.99990715761,6.0,3118,370061.31803962745,9470.428159207713
Region_09,2022-02-28,4245300.876015714,100.97146986642379,0,0,7.079805297599366,-2.190051648396616,19459.945782796476,780.6921046168623,13191.506447308753,6.0,3120,407701.8494289739,9343.937125324026
Region_09,2022-03-07,4245300.876015714,100.5410563410307,0,0,7.134372554284788,-2.3716752561048464,15075.11178910878,888.1117211993861,12135.008756164822,6.0,3122,371451.19530966337,9730.091012894753
Region_09,2022-03-14,4245300.876015714,101.27454059001927,0,0,9.472878532277827,-2.3501076355149624,13886.373157147005,794.1801631431713,11605.876123972099,6.0,3124,422094.95471288724,9312.082499321697
Region_09,2022-03-21,4245300.876015714,101.59177855915296,0,0,9.02907487848682,-2.1199843653691928,16380.972688791247,1014.0923747921856,10622.820363286459,6.0,3126,387019.2909179585,10095.4449723729
Region_09,2022-03-28,4245300.876015714,101.03691585625467,0,0,9.040751058507638,-2.755552961310824,15547.295717577903,888.9999507404865,12076.32920164604,6.0,3128,393631.57367219095,9675.520367364925
Region_09,2022-04-04,4245300.876015714,100.92974797735741,0,0,11.530041442930575,-2.5903874153334674,18415.036746763122,914.5047231385577,11748.318116133658,6.0,3130,384215.81688209466,8923.981502075801
Region_09,2022-04-11,4245300.876015714,101.49494404588258,0,0,11.308946678566526,-2.8821794180550713,18449.622879601182,851.5752075503328,11292.90996107773,6.0,3132,386471.3712929465,9770.758035244206
Region_09,2022-04-18,4245300.876015714,101.1718243501884,0,0,13.046959360209925,-3.247036651213141,14944.826555081121,749.7821298373694,11474.848772471787,6.0,3134,376495.763694726,9883.744060536175
Region_09,2022-04-25,4245300.876015714,101.59761627736053,0,0,14.979168292069128,-3.2267903426856166,13156.200656616227,822.0464482142022,8623.380190965145,6.0,3136,362255.0632913769,10448.176971813713
Region_09,2022-05-02,4245300.876015714,102.28920612264085,0,0,13.856565337083868,-3.038646451336346,13644.161967265982,898.1315252603999,8357.721983261277,6.0,3138,386605.3352099974,10122.970855754613
Region_09,2022-05-09,4245300.876015714,102.89727660496413,0,0,13.907940501371822,-3.068782871876234,11594.346961997788,801.4349278776451,10731.048893738287,6.0,3140,398586.99541879137,9210.949243727131
Region_09,2022-05-16,4245300.876015714,102.98747867725605,0,0,14.339263469552712,-3.396722065247864,15669.519570719125,1027.9372629308389,11322.016040794295,6.0,3142,357834.1985207936,10364.280399605483
Region_09,2022-05-23,4245300.876015714,103.61299117591369,0,0,16.66389659676395,-3.427016365590722,16299.204300269996,887.9008780444277,10532.384717357674,6.0,3144,408984.61792233057,8994.804168303297
Region_09,2022-05-30,4245300.876015714,103.35187216762104,0,0,15.26661831373022,-3.6445699256406416,13755.822034810428,725.8769895863372,10174.207315237494,6.0,3146,389573.87406985444,9644.330099743403
Region_09,2022-06-06,4245300.876015714,104.59481283659409,0,0,16.558940758804688,-3.463360183154172,13508.764227124664,969.3157886248948,11273.45810477171,6.0,3148,370839.05033926107,10056.950723907737
Region_09,2022-06-13,4245300.876015714,104.71523760731137,0,0,16.02877679892984,-3.1407528337633925,16288.734944708147,827.1899172353055,8887.314482609028,6.0,3150,369863.0927708343,10376.882134643383
Region_09,2022-06-20,4245300.876015714,105.2886346883663,0,0,18.530043217036713,-2.8373142364979596,14851.385279035221,769.6359197290541,12219.461591591942,6.0,3152,415212.92513643944,10610.637098884647
Region_09,2022-06-27,4245300.876015714,105.10763025885875,1,0,16.813437336916063,-2.8432387858919634,15814.81248116392,728.0428099281048,10759.24232087419,6.0,3154,411458.02121612494,10262.273448612474
Region_09,2022-07-04,4245300.876015714,105.3573375254845,0,0,16.069900631428716,-2.5064405805232925,15452.991599164265,921.3346894931078,9998.709854547898,6.0,3156,401362.35419673065,9615.506465287875
Region_09,2022-07-11,4245300.876015714,105.62906926581519,0,0,16.27550785840614,-2.812734666509772,16948.780410720272,968.6204191197755,10049.39187478779,6.0,3158,373315.62987204985,9964.333382582317
Region_09,2022-07-18,4245300.876015714,105.16465242868267,0,0,16.91090199802197,-2.2778747667823347,15000.664353815999,957.8524303463148,10679.613155198476,6.0,3160,389433.7897424977,9786.988463570207
Region_09,2022-07-25,4245300.876015714,104.6854307437268,0,0,16.759678713138157,-2.585849390001771,15173.867616526708,985.5179224904343,11897.151167352413,6.0,3162,387612.2925959134,9386.883053716925
Region_09,2022-08-01,4245300.876015714,104.58317946551553,0,0,17.46082717355593,-3.1948851471069415,12312.518701323657,1006.0633654496131,11175.044306777216,6.0,3164,376891.3197278762,9649.649452924767
Region_09,2022-08-08,4245300.876015714,105.13584573743852,0,0,16.34143599410955,-2.785254224258531,16205.269357827096,918.2944420483389,10255.930540006697,6.0,3166,380650.7673722969,10602.170140019836
Region_09,2022-08-15,4245300.876015714,104.220131915516,0,0,16.543552176005367,-2.998294550619318,16546.75675775,875.6669870109562,11496.556076808152,6.0,3168,402723.76132177794,10074.074199470366
Region_09,2022-08-22,4245300.876015714,104.03870730566966,0,0,15.980900052738951,-2.9632728858677533,15898.60589025332,936.2427955646191,9709.031772950118,6.0,3170,411770.4870679896,10727.688343782896
Region_09,2022-08-29,4245300.876015714,104.69364361710275,0,0,15.655267240992057,-3.2725152999450366,21751.037314904126,873.0502810223052,10492.946283706804,6.0,3172,373616.3994527385,9164.796113892033
Region_09,2022-09-05,4245300.876015714,104.07757892038391,0,0,10.856048511140207,-2.5634342777429002,16731.666948408016,750.4553677108016,11094.996694848134,6.0,3174,354244.09820074803,9473.937978482982
Region_09,2022-09-12,4245300.876015714,104.70452925201178,0,0,11.146004039315297,-2.0168889767256313,15949.297394704901,947.4962980690982,8954.52153830828,6.0,3176,410541.28323302115,9832.179633061125
Region_09,2022-09-19,4245300.876015714,104.14063276372795,0,0,12.746855398732047,-1.5529227973583226,17597.521852400165,1002.7327658927857,9462.837205714886,6.0,3178,413985.66080851085,10081.371831755141
Region_09,2022-09-26,4245300.876015714,103.68236195668575,0,0,11.281411954987426,-1.5264154761760178,22416.9164748357,890.5805179186577,9125.743486445886,6.0,3180,389057.9472894832,9614.158699693027
Region_09,2022-10-03,4245300.876015714,103.60875106774776,0,0,11.465399430331784,-1.23220570725091,16958.934422905357,940.1021145321429,11518.65679474093,6.0,3182,418913.65850991994,10111.269656212668
Region_09,2022-10-10,4245300.876015714,104.54548060193822,0,0,6.7196801151798295,-1.2481213263485174,11697.367779094742,1081.3157476277029,11511.75717625817,6.0,3184,388035.476814429,10080.35200852458
Region_09,2022-10-17,4245300.876015714,104.22547700373207,0,0,7.372742826207861,-0.9114609224304802,17421.326658982613,1028.0248343324015,12491.216457859631,6.0,3186,365236.9756964851,9060.467343900005
Region_09,2022-10-24,4245300.876015714,103.35899560955096,0,0,6.718590999008159,-1.034643731534993,14310.607263960661,980.3115056823615,13011.699491068164,6.0,3188,359825.57119361573,10130.9251533326
Region_09,2022-10-31,4245300.876015714,102.6580275858114,1,0,6.5320603056327595,-0.5592324068139181,12237.623076004405,1202.4479315587996,10018.168994337775,6.0,3190,374803.1279141525,10285.281368640566
Region_09,2022-11-07,4245300.876015714,103.12400168094764,0,0,5.509298087953899,-0.6974941007886355,21063.054412524296,1014.4501517990049,11881.573545583593,6.0,3192,385264.8409838809,9898.84475830669
Region_09,2022-11-14,4245300.876015714,102.4466315384015,0,1,5.398635407099563,-0.8016813720862287,20391.197609671075,1066.3330712898078,14171.232444338584,6.0,3194,403342.5170955187,8957.863647283302
Region_09,2022-11-21,4245300.876015714,103.04061382614209,1,1,3.839933072871421,-0.941640064493785,14255.028402535268,971.0741242302402,13937.913823137898,6.0,3196,416293.8164257213,9712.23653954987
Region_09,2022-11-28,4245300.876015714,103.0755092366924,0,1,5.4746334792827795,-0.8839043550787804,14269.033149452904,1156.246200161871,16367.724154306254,6.0,3198,412917.00514965184,10107.964795344178
Region_09,2022-12-05,4245300.876015714,103.05937362338491,0,1,5.4531657120325745,-1.0003631079565372,16725.1140436999,1221.6145079228065,21782.502653051837,6.0,3200,434488.6709877046,9528.246112101013
Region_09,2022-12-12,4245300.876015714,103.20802574636465,0,1,0.8430249284176661,-0.8541864371944491,14297.85486669708,982.244439930392,16278.37366455174,6.0,3202,401095.50025063736,10294.43397108808
Region_09,2022-12-19,4245300.876015714,102.80756557841626,0,1,2.300132275986885,-0.9984825322148545,16000.585197458193,942.8710523620779,16725.136190428133,6.0,3204,397958.4698640447,10190.299020284621
Region_09,2022-12-26,4245300.876015714,102.87650153916385,0,0,3.255320420176225,-0.7612459758596448,14671.532323533276,950.074107356325,13153.950898812462,6.0,3206,378704.944313153,9898.407284960376
Region_09,2023-01-02,4245300.876015714,102.27996504079533,0,0,2.8779919725639487,-0.30573587042707573,15376.278978764314,1125.3609766345398,13542.928100615325,6.0,3208,406918.2223027568,9852.608465664844
Region_09,2023-01-09,4245300.876015714,102.95441050562236,0,0,1.44656357071204,-0.28247172728856196,13226.641138033292,1039.48875652053,12980.838134196742,6.0,3210,387568.7238013306,9947.786184904755
Region_09,2023-01-16,4245300.876015714,102.44076289066703,0,0,2.6147627884617606,0.38302680314239224,18484.28833546914,1096.9588650060505,13448.035090633239,6.0,3212,393289.2699584007,9810.843519128619
Region_09,2023-01-23,4245300.876015714,102.66020320812888,0,0,0.144682586599981,0.7212856060039023,19559.374760778548,1009.0165465950535,13934.764022658277,6.0,3214,418684.8367959548,9197.269753960922
Region_09,2023-01-30,4245300.876015714,102.14282805699857,0,0,2.8876389771021893,1.3627565595363724,16084.494679863355,1095.6491268345876,13492.752585966262,6.0,3216,446707.92427487305,9577.045184776593
Region_09,2023-02-06,4245300.876015714,101.87622576375287,0,0,1.2256735160977286,1.3443968814208205,16239.555560249151,991.4546995412906,13302.390749859773,6.0,3218,400533.6403950004,9855.149499454363
Region_09,2023-02-13,4245300.876015714,101.68930974667296,0,0,4.773882460679668,0.8459591213358398,17944.073544311774,971.812894296104,12022.846364226541,6.0,3220,396909.40235113516,10490.467809325446
Region_09,2023-02-20,4245300.876015714,103.17998373713364,0,0,3.021081811925012,0.6341179540576241,16332.737263191335,832.200344341115,13569.418725815593,6.0,3222,363117.6028232839,10165.823638515623
Region_09,2023-02-27,4245300.876015714,103.17276069376602,0,0,5.700031788302761,0.4528769470074442,21164.408368474367,1160.189746383774,13588.045499378382,6.0,3224,393487.29212245194,10551.277056941726
Region_09,2023-03-06,4245300.876015714,102.76199579524592,0,0,6.761008009282195,0.16696931237883111,13402.374791539003,805.9435031456602,14132.106642396964,6.0,3226,387833.3951234903,9160.264563182816
Region_09,2023-03-13,4245300.876015714,102.53971798935899,0,0,7.276956737299836,-0.49180208151086663,18578.9205988869,904.4501758515026,10683.158566980961,6.0,3228,401868.24660272105,9590.46829661972
Region_09,2023-03-20,4245300.876015714,101.78738171346522,0,0,7.137545391301875,-0.18440805929718967,16050.756592669193,945.0074075860555,12254.540425857836,6.0,3230,376341.9482951654,10792.32090476705
Region_09,2023-03-27,4245300.876015714,101.7059887527377,0,0,8.72015418262197,-0.742413807826513,13800.495107970915,783.2447236705856,9795.53061320568,6.0,3232,386357.55814316135,9346.627816015016
Region_09,2023-04-03,4245300.876015714,102.63153208494212,0,0,11.771607502314593,-0.46375002267442045,22872.827967028592,933.2581522868074,11792.724038604301,6.0,3234,395233.67981635913,9367.153380073865
Region_09,2023-04-10,4245300.876015714,102.79955185043214,0,0,10.32738084225022,0.19191496816653442,23351.62089003571,871.2583729647984,10085.188253161119,6.0,3236,420449.69778435776,9575.430665985084
Region_09,2023-04-17,4245300.876015714,103.25125232529557,0,0,11.946670474718884,-0.041585013539772786,15826.8181487374,797.4026549208196,12131.637063910159,6.0,3238,412878.30276635377,10741.57454497335
Region_09,2023-04-24,4245300.876015714,102.79628050539301,0,0,12.001655889652028,0.0746861338004373,17454.45898384805,928.0190139005093,10052.32263431373,6.0,3240,407457.9185383534,9404.332285761298
Region_09,2023-05-01,4245300.876015714,102.69460942077217,0,0,15.248426025657242,-0.04490355358798068,15213.883567844689,797.9947709862303,10780.903467954959,6.0,3242,395664.3459760678,9965.391912209756
Region_09,2023-05-08,4245300.876015714,102.79656073840025,0,0,14.661264136589615,0.2032192304444527,15585.517482901412,1006.4641629700628,10197.683201275366,6.0,3244,373832.1584346405,9897.55764869647
Region_09,2023-05-15,4245300.876015714,102.43390732318713,0,0,14.1590202532309,-0.15510400550708733,13777.150582471828,968.8643189357315,9426.866731190976,6.0,3246,395209.9409992112,8780.414060993236
Region_09,2023-05-22,4245300.876015714,102.63391069155267,0,0,15.998773873166435,-0.19464132938424547,13475.146844725825,954.302201862299,10718.016026584795,6.0,3248,367267.54112964455,9674.06183563648
Region_09,2023-05-29,4245300.876015714,102.94162489914704,0,0,16.22232310492702,0.14171274973532874,21531.324725084465,799.7477096960062,10051.42423469873,6.0,3250,377049.21628507855,9401.767262175063
Region_09,2023-06-05,4245300.876015714,103.21304892456531,0,0,19.172521371570497,0.12705159078696937,16233.4050680164,824.352904910091,9891.264297598465,6.0,3252,415838.9416256696,9957.165230462959
Region_09,2023-06-12,4245300.876015714,103.13750728589615,0,0,17.413098681724264,-0.3615367155398315,16452.444730321247,1061.3518185187343,10056.121644331917,6.0,3254,393350.56017255946,10616.060026734758
Region_09,2023-06-19,4245300.876015714,103.68296293622242,1,0,15.69341120683718,0.010959309575366227,14458.877851044263,1182.4466812697162,11560.06639181556,6.0,3256,402567.2301019083,9579.628271609094
Region_09,2023-06-26,4245300.876015714,103.55415421696318,0,0,18.68962084745872,-0.37783346353454017,16800.050179863472,1037.13276357401,9295.402567400193,6.0,3258,386528.78806400567,9483.18274057667
Region_09,2023-07-03,4245300.876015714,103.37974382307455,0,0,20.679131150047933,-0.3542132205702747,13030.818649099328,964.6700054535412,11046.659141052172,6.0,3260,380117.29008806375,10996.869183886294
Region_09,2023-07-10,4245300.876015714,104.10051332662478,0,0,19.73706732710381,-0.17941993151257205,14538.867181599402,977.339262329763,11297.509932641125,6.0,3262,342712.70241300634,9360.80218646183
Region_09,2023-07-17,4245300.876015714,103.54703017677448,0,0,16.11313405123054,-0.1434648360420249,13638.819969362981,788.6003460101465,8588.949887454623,6.0,3264,357592.25061733375,9056.543994932494
Region_09,2023-07-24,4245300.876015714,102.69554571638174,0,0,17.07703772499567,0.6177663066080503,19822.5258605374,990.9489357665148,10785.98210819881,6.0,3266,394091.597924059,10377.894253518634
Region_09,2023-07-31,4245300.876015714,102.2616375582627,0,0,17.037623439178503,0.8379103299296337,12744.52271599187,846.4345633472967,8440.400768479698,6.0,3268,364392.4341716793,9627.543004808991
Region_09,2023-08-07,4245300.876015714,102.45525852160172,0,0,16.55604763930821,0.7772052937055296,13680.945405247669,859.7964720150429,11641.83548358411,6.0,3270,380165.8202782165,9815.320109136794
Region_09,2023-08-14,4245300.876015714,103.09705402883431,0,0,16.559528771137067,0.9580041650849085,12010.099877331055,824.0012580898139,9837.947435103522,6.0,3272,357544.12687856326,10750.828458333193
Region_09,2023-08-21,4245300.876015714,102.7667947747435,0,0,14.788829754446967,1.0209875536671156,14287.49234247095,941.7293436242306,10026.921841703574,6.0,3274,368395.8403162757,9016.855466305768
Region_09,2023-08-28,4245300.876015714,103.67421353488872,0,0,13.171082227978026,1.034298377448697,15240.528007556397,872.5016218667356,9205.490433319439,6.0,3276,380513.9202947313,9569.535115498387
Region_09,2023-09-04,4245300.876015714,103.68781221202687,0,0,15.145485881113547,1.107434535568515,18907.40037231985,980.2024700826887,9876.674379037779,6.0,3278,399360.6753217647,9119.87841053711
Region_09,2023-09-11,4245300.876015714,103.63004743842778,0,0,11.151489972935147,0.977208442944882,15793.313701875844,898.7467717914164,10922.557863307235,6.0,3280,403560.835152443,9851.875947178698
Region_09,2023-09-18,4245300.876015714,103.205078368018,0,0,10.71135050273908,1.0410789420338538,15352.806737020976,859.009048207573,9060.991146664297,6.0,3282,368356.5627509484,9407.323506540217
Region_09,2023-09-25,4245300.876015714,104.18075595233582,0,0,9.26962191342091,0.8894316005870865,17079.391504185995,905.3694005651297,9392.24921547019,6.0,3284,388259.8320737575,9155.937866150289
Region_09,2023-10-02,4245300.876015714,104.10561151332632,0,0,10.918318653178272,0.3205727232397927,15278.565134645673,955.8895609958329,11880.06082725437,6.0,3286,357519.63519572915,10109.670426414825
Region_09,2023-10-09,4245300.876015714,103.43961750023047,0,0,9.195413522079658,0.6626329064686035,23438.325451256616,1058.0085000997221,10918.543226849904,6.0,3288,386800.17626505846,9778.334118928407
Region_09,2023-10-16,4245300.876015714,104.6684518346457,0,0,9.410730115256511,0.4929985582382215,14942.893407655767,1032.6874749836802,8913.427891214078,6.0,3290,403368.737967842,9161.533584473005
Region_09,2023-10-23,4245300.876015714,104.86528688157188,0,0,5.985370779275561,0.5354146694380599,17373.448810048336,1023.0505230063068,13417.84403382219,6.0,3292,383655.85214700474,9191.261514019507
Region_09,2023-10-30,4245300.876015714,105.26470210687401,0,0,4.402694948097373,0.3072879504842212,18483.06135928568,1170.3971148678838,13009.966695973271,6.0,3294,411501.6999456336,9900.518531205174
Region_09,2023-11-06,4245300.876015714,106.10548221729437,1,0,4.789630592945424,0.08821710182963877,14878.67890688154,1247.7263011074015,12694.829826051056,6.0,3296,416453.27588561206,9000.327841660293
Region_09,2023-11-13,4245300.876015714,106.41271350852159,0,1,4.421272803932774,-0.22347963935103254,16738.177578500698,1078.3166933329937,13011.171751686796,6.0,3298,415203.8651567273,9928.72465585563
Region_09,2023-11-20,4245300.876015714,106.90015818704381,1,1,4.325558476286284,0.06100944801101765,15146.34918754948,1053.083486199259,11527.617984235621,6.0,3300,419397.8717063782,10478.015418829087
Region_09,2023-11-27,4245300.876015714,106.92732072320784,0,1,0.89254162291917,0.417925927229268,17013.19916304097,1318.884062391863,17215.83275179608,6.0,3302,400935.2489715276,10212.105982791145
Region_09,2023-12-04,4245300.876015714,107.29418686692546,0,1,3.634448089699834,0.42570629659894993,16577.14553303952,972.6239450881923,14482.667802167467,6.0,3304,380793.61630801694,9535.754832626382
Region_09,2023-12-11,4245300.876015714,107.27710795964714,0,1,1.1785119510824145,0.264708977569471,15988.087191715545,1033.9285931181957,15313.423848744476,6.0,3306,385642.7878999183,10021.058044612768
Region_09,2023-12-18,4245300.876015714,107.26700291672661,0,1,1.2613419854153392,-0.24321204173588562,13729.56874349323,1134.1150446335828,14895.887153816195,6.0,3308,431708.71239748405,9249.225477459622
Region_09,2023-12-25,4245300.876015714,107.32686129499359,0,0,3.818893303927696,-0.004582686484337656,21594.541243474207,1176.900057671165,16339.991073242198,6.0,3310,417115.47056427615,9959.48715360025
Region_10,2021-01-04,2570414.1478617135,99.80159242697691,0,0,-1.274795268179798,-0.20296712074778867,10795.18894306735,649.2957064683421,10996.640958272192,3.0,3000,219384.30483988987,5857.507696328146
Region_10,2021-01-11,2570414.1478617135,100.05378134464488,0,0,2.5420820479659967,-0.5381453224784565,7790.032859496724,641.1566770040739,12129.532679719108,3.0,3002,238198.2996076212,5786.362138919637
Region_10,2021-01-18,2570414.1478617135,100.30470393225242,0,0,2.7105584056928103,-0.529366296027193,9282.076127556069,709.4713822538833,9250.323439198359,3.0,3004,219047.58037850924,6255.808010815517
Region_10,2021-01-25,2570414.1478617135,100.71416223219971,0,0,1.291692593240546,-0.6296040033672985,7812.548918046651,699.9248638244297,12680.702949091103,3.0,3006,226154.51699283294,5505.7091161254675
Region_10,2021-02-01,2570414.1478617135,101.03396548971745,0,0,2.245845313400288,-1.0850202631830603,11083.448682526472,639.5953286866172,12879.720858251536,3.0,3008,240494.903010136,5718.518776426862
Region_10,2021-02-08,2570414.1478617135,102.03398701552547,0,0,5.247699276077675,-1.4992364433644498,9853.958725877808,563.95231357639,13314.582390304977,3.0,3010,230793.9410864582,5776.198043624799
Region_10,2021-02-15,2570414.1478617135,102.56030188534375,1,0,6.956299330587731,-1.3982734915341122,9892.257170950124,708.0360061701485,11728.625472031557,3.0,3012,228178.25868638838,5914.001754926075
Region_10,2021-02-22,2570414.1478617135,102.45667594013645,0,0,6.292107534400323,-1.5949808921994522,8712.733680381305,719.501303929395,9854.408370945272,3.0,3014,256305.96573095678,6443.267616175641
Region_10,2021-03-01,2570414.1478617135,102.68321169204941,0,0,8.28428952779146,-1.4419033197905387,9429.151209330726,576.1484244150249,12280.243147961171,3.0,3016,233684.02684970782,6262.338032543011
Region_10,2021-03-08,2570414.1478617135,103.38956074912942,0,0,5.245216736648528,-1.397943927847521,11125.26108410178,597.8304855761866,9569.315996004427,3.0,3018,220292.24762472705,6018.688308670118
Region_10,2021-03-15,2570414.1478617135,102.91457415462165,1,0,4.793034803970446,-1.083681337956651,11582.73356795402,569.8745704939039,8684.034930899774,3.0,3020,249239.46944086385,5984.555718853196
Region_10,2021-03-22,2570414.1478617135,103.92169505117974,0,0,8.006542422990101,-1.3333248631516341,11224.555670337666,542.5191099150592,9761.884182712987,3.0,3022,230854.45725616312,5961.581836999194
Region_10,2021-03-29,2570414.1478617135,103.53437533430483,1,0,10.242994512115924,-1.263509514900131,7832.765584191411,516.4208773230143,9946.706413841925,3.0,3024,253131.26487079635,6415.077587597069
Region_10,2021-04-05,2570414.1478617135,103.98451303092371,0,0,7.217874840824631,-1.0720271379379425,9614.027952412822,577.2506490285521,9434.116817182696,3.0,3026,228463.00659990197,5474.223558785197
Region_10,2021-04-12,2570414.1478617135,103.98781325103596,0,0,9.574608168052885,-1.259892383708898,10269.08267907514,557.6336223851692,7423.428593343096,3.0,3028,235014.46867464736,6186.734830309325
Region_10,2021-04-19,2570414.1478617135,103.96234705107874,0,0,10.69143267478115,-0.9217314070180611,8854.487056053753,482.66013410480934,7703.300729496709,3.0,3030,243615.52881913248,5831.806562746896
Region_10,2021-04-26,2570414.1478617135,103.31089061425483,0,0,13.371684439920816,-1.4216147144924554,7708.227939184424,638.1084591450968,6511.823723849278,3.0,3032,216446.5724953037,6065.418835140351
Region_10,2021-05-03,2570414.1478617135,103.76464066171515,0,0,14.059214721974529,-1.6714970135863474,8151.044666532327,654.2048842011163,9486.391397047495,3.0,3034,224842.19538604276,6132.834505750589
Region_10,2021-05-10,2570414.1478617135,103.12046156916232,0,0,13.381776813592728,-2.182603344927421,12380.304910375786,700.8015848143262,6727.066293786973,3.0,3036,242555.3374623252,6184.776311941946
Region_10,2021-05-17,2570414.1478617135,102.39907645273145,0,0,15.57469806246255,-2.403365836924683,8268.238385572766,610.0648971154347,8381.548096199132,3.0,3038,226074.57246391836,6422.833417317628
Region_10,2021-05-24,2570414.1478617135,102.97892796193474,0,0,14.270878208223806,-2.4497410535568402,9956.989687267094,498.7013551744219,7037.5742992733685,3.0,3040,229621.12635765236,5532.983256539792
Region_10,2021-05-31,2570414.1478617135,103.87373075983129,1,0,15.94423370822578,-2.2002908378489705,9657.071372084489,654.0943467165469,7643.786745214599,3.0,3042,240528.78354252974,6269.662013713897
Region_10,2021-06-07,2570414.1478617135,103.54010787671578,0,0,15.186464326189604,-2.2468779390225877,9660.77071553929,706.4871960111844,8869.119352941892,3.0,3044,228543.91015062452,5979.591947980792
Region_10,2021-06-14,2570414.1478617135,104.04166248854341,0,0,17.2547731997911,-2.4254900546888543,9423.074928899294,676.4548410944008,7916.98173076459,3.0,3046,226866.7417680072,5855.5121020015695
Region_10,2021-06-21,2570414.1478617135,104.43992566524224,1,0,16.56680065112238,-2.8902568935442567,11128.520561268799,744.7595913975188,8386.032659673205,3.0,3048,230714.27594229972,6589.319417890892
Region_10,2021-06-28,2570414.1478617135,104.39416631768651,0,0,18.977233522887293,-3.2545104871667614,9939.1610805989,591.4468128494016,7778.73921212541,3.0,3050,235056.04441817518,6148.569000267442
Region_10,2021-07-05,2570414.1478617135,105.06207475848862,0,0,17.960719393913603,-3.161448702013201,9000.61116205329,452.05384986402515,7451.950927427669,3.0,3052,241312.5120437326,5818.39659458193
Region_10,2021-07-12,2570414.1478617135,104.98026366835033,0,0,17.60155686511069,-2.897012273658039,9962.641572492488,528.6467135711174,6142.118928690078,3.0,3054,227073.2398474949,6215.968947191925
Region_10,2021-07-19,2570414.1478617135,105.23903074100984,0,0,20.419721092900325,-3.0227788569195235,8162.161767249545,569.1593309197533,6007.979691928593,3.0,3056,239825.44160251916,5902.954286778199
Region_10,2021-07-26,2570414.1478617135,104.61214579933852,0,0,18.055062207011275,-2.659474500072139,10617.805653574707,673.6522965308675,9423.636605447608,3.0,3058,226098.58057748506,5872.257483062686
Region_10,2021-08-02,2570414.1478617135,104.00663098426298,0,0,16.531417079777786,-2.9444497197958857,8926.243568525331,596.7685957458107,9323.172783336224,3.0,3060,224665.4426576612,5776.9462432488635
Region_10,2021-08-09,2570414.1478617135,104.59115346665737,0,0,15.708267906520128,-3.061611905436743,9003.694634148347,563.1933409629535,7989.313450822172,3.0,3062,234995.6383661079,6056.540827353732
Region_10,2021-08-16,2570414.1478617135,104.86675607244408,0,0,14.216327076471936,-3.1534555793709433,10677.063168360039,609.3610332137341,7758.492492655073,3.0,3064,235179.79478402453,5778.68831060671
Region_10,2021-08-23,2570414.1478617135,104.79552763447512,0,0,15.206155437744178,-2.6946314428796168,9300.2687140703,511.221630158064,7747.59469717674,3.0,3066,229648.13628969534,5985.943811909731
Region_10,2021-08-30,2570414.1478617135,105.74945023495735,0,0,15.0059382874142,-2.654533704839331,9379.141719709403,639.1783910877567,9048.022116257074,3.0,3068,240087.46947627314,6305.852881984359
Region_10,2021-09-06,2570414.1478617135,106.69810807087339,0,0,10.846221387598755,-3.1940635416166367,11778.61048950935,676.203310801161,7516.9960398201165,3.0,3070,216288.76892051336,6042.443210193552
Region_10,2021-09-13,2570414.1478617135,106.91769207075346,0,0,10.790863805872643,-2.9085672500389332,8543.429610195508,611.5180160827413,8381.326077021831,3.0,3072,225094.7130967137,6549.956534972455
Region_10,2021-09-20,2570414.1478617135,106.18986451163686,0,0,11.140371130400167,-2.3547889770505672,10653.606050926575,602.1140724366012,8977.349894756167,3.0,3074,242613.0271163606,6002.471347356529
Region_10,2021-09-27,2570414.1478617135,106.13406501763669,0,0,9.317022368202256,-2.429711193680974,11399.497608699057,639.3985488607918,7666.443562645293,3.0,3076,242609.98063171402,6412.581541917936
Region_10,2021-10-04,2570414.1478617135,105.7177741026388,0,0,10.064886229038907,-2.6988358911948387,11777.315438275737,743.4390241845588,8029.815734330304,3.0,3078,242610.42673606373,6331.429251249668
Region_10,2021-10-11,2570414.1478617135,105.76253089804528,0,0,9.308934622317746,-2.439558666789515,13703.05339769586,730.5355771720252,8060.246717638427,3.0,3080,245464.47455046157,6502.496490164797
Region_10,2021-10-18,2570414.1478617135,105.29438231475652,0,0,7.902013633800045,-1.8502792757742417,8978.381616091383,717.6165070025413,8441.213387889007,3.0,3082,229295.6868950493,6621.447927242311
Region_10,2021-10-25,2570414.1478617135,104.69626935254321,0,0,7.988422385735957,-1.595659749588366,8679.381808565096,735.0624911656583,9078.909223732253,3.0,3084,217030.09992510718,5559.438879202199
Region_10,2021-11-01,2570414.1478617135,103.56496273068043,0,0,5.404846207297976,-2.0825616556271473,11175.490125357346,684.6632320953026,9390.4730507143,3.0,3086,232557.16607018493,6118.2524677179745
Region_10,2021-11-08,2570414.1478617135,103.64859138743093,0,0,5.386624735459946,-1.8561571110154231,11383.63557224786,747.6404096230384,9870.006560682148,3.0,3088,244640.2891630283,6013.597597151733
Region_10,2021-11-15,2570414.1478617135,102.49920982904138,1,1,3.1900483568206197,-1.734894894682318,8780.474801067703,773.832140228797,12146.143039202583,3.0,3090,290112.5988843167,6119.141322414023
Region_10,2021-11-22,2570414.1478617135,102.33908949966582,0,1,4.438843575569965,-2.0212839917140863,10631.925929159112,928.555142602419,11012.493871980374,3.0,3092,258280.25177553913,5997.668612194312
Region_10,2021-11-29,2570414.1478617135,102.68628798629797,0,1,3.529991306080242,-1.6346386379292974,14876.335218979215,695.8951842471708,12065.273107262332,3.0,3094,250631.881140328,5931.513416871415
Region_10,2021-12-06,2570414.1478617135,102.32524014269593,0,1,1.118549312106548,-1.503133293295551,10042.643152976607,726.6624420249115,10254.71244047158,3.0,3096,252004.38346099676,5776.074497354134
Region_10,2021-12-13,2570414.1478617135,101.7828258861962,0,1,2.2872809957095495,-1.1086457155257712,11355.08318815391,771.9668129978845,10724.750622917993,3.0,3098,256570.52810270857,6131.302786849727
Region_10,2021-12-20,2570414.1478617135,101.74890240741685,0,1,2.1757326506910393,-1.4270885605599335,12524.056173956606,714.364338167444,12088.347850822354,3.0,3100,240204.54563338493,6400.293817683214
Region_10,2021-12-27,2570414.1478617135,101.33459964317908,0,0,2.4798468620457497,-1.307455237250426,14392.433302310219,937.9378738955982,13404.325390258462,3.0,3102,235081.951355688,5999.877646749637
Region_10,2022-01-03,2570414.1478617135,101.42742860467526,0,0,2.477177759856726,-1.5759836627719295,10257.361322399303,713.6410904135607,9045.199899812125,3.0,3104,240036.90329484994,5994.6605865443025
Region_10,2022-01-10,2570414.1478617135,100.91101367191938,0,0,0.9765500988000522,-1.501683569225246,11930.470966167319,686.3848999020368,9962.396123627645,3.0,3106,236904.72885795086,5844.454809918098
Region_10,2022-01-17,2570414.1478617135,100.85876670882786,0,0,3.3779324474906542,-1.0585159341487784,8783.426236550667,775.8115997660607,11519.751853806569,3.0,3108,236081.95430922115,5809.0571002479655
Region_10,2022-01-24,2570414.1478617135,100.68555634790788,0,0,3.3044535767755674,-1.4864412536375597,9923.173928472665,843.0366814006992,8947.51847940848,3.0,3110,231378.60110025946,6009.633434409182
Region_10,2022-01-31,2570414.1478617135,100.67979554015209,1,0,1.8294824094661066,-1.8971416021513154,9245.83157748766,742.9857630791707,10317.309183831416,3.0,3112,245729.50813666612,6139.072590771771
Region_10,2022-02-07,2570414.1478617135,101.49737133716067,0,0,1.7020835053291867,-1.610499199190046,7450.935394707052,684.399323144523,10887.806533714109,3.0,3114,231290.97479516486,6486.656126011789
Region_10,2022-02-14,2570414.1478617135,101.59727677461926,0,0,3.0396865466898255,-1.6147360316688812,7773.228721926796,623.7933564784668,10330.64785230785,3.0,3116,245526.35985664945,5723.04011439527
Region_10,2022-02-21,2570414.1478617135,101.84949883574878,0,0,2.4875468126276647,-1.263357063823116,10544.93412466817,676.9781835289144,11859.278496692197,3.0,3118,236553.2654947494,6073.306371322506
Region_10,2022-02-28,2570414.1478617135,101.53710229382445,0,0,5.767491794262023,-1.5055424963119657,10576.071247652815,654.7289974758687,10423.709081465297,3.0,3120,277124.7653891981,6434.679113035021
Region_10,2022-03-07,2570414.1478617135,101.64873050327112,0,0,8.057554508263586,-1.4901853184771503,8456.170350727505,609.9447183704586,10629.285002672163,3.0,3122,232340.4380177646,5721.328768008657
Region_10,2022-03-14,2570414.1478617135,101.51132878316716,0,0,9.295479990548635,-1.283746672502573,12487.754014117252,728.2077267420568,8899.151534196813,3.0,3124,241615.0431914626,6442.023380228919
Region_10,2022-03-21,2570414.1478617135,101.52615680352133,0,0,6.451462559185198,-1.220686615490501,8369.912591296483,724.5317592488716,7855.250475490756,3.0,3126,231774.76664135716,5883.379997058459
Region_10,2022-03-28,2570414.1478617135,101.8506295889541,0,0,10.215912948527802,-1.757310814089168,10275.177393886846,600.9089568418357,9462.881781762091,3.0,3128,231449.57644950488,6246.977979134256
Region_10,2022-04-04,2570414.1478617135,101.60051266883063,0,0,10.126751316812783,-0.910531337223484,9289.22161878522,570.6217785086884,7928.205003692973,3.0,3130,254107.88297964408,5942.848107860875
Region_10,2022-04-11,2570414.1478617135,101.40148995082644,0,0,7.370382922892489,-0.8468339926527294,10046.083776190048,625.0195210467888,8893.902971177371,3.0,3132,246911.81135376194,6145.5287529753095
Region_10,2022-04-18,2570414.1478617135,101.1582826161855,0,0,11.415929591322058,-1.2489591183136846,11312.639844685471,537.236894908412,8416.937657058266,3.0,3134,214008.98249640674,6461.5655328441435
Region_10,2022-04-25,2570414.1478617135,100.905422794482,0,0,12.17131450155034,-1.154699150551612,11075.572231617094,602.1150744171359,6990.238445569621,3.0,3136,222348.5024581945,5918.725095974111
Region_10,2022-05-02,2570414.1478617135,100.99204040976882,0,0,15.534012220312198,-1.0259556375197625,10993.641063260355,648.47296349883,7576.710872619689,3.0,3138,232590.0769600807,6271.887298438011
Region_10,2022-05-09,2570414.1478617135,100.8100494471075,0,0,13.23808621038066,-0.7277785651451733,10785.083532200246,651.3965705878247,7098.979823342972,3.0,3140,227756.18677958113,6023.3128731567695
Region_10,2022-05-16,2570414.1478617135,101.55902762889679,0,0,16.149577786714758,-0.44963509482750713,8168.040299337581,867.2265972300461,8170.565336841187,3.0,3142,217837.81911812656,5756.159839143763
Region_10,2022-05-23,2570414.1478617135,102.89860898449388,0,0,15.827453482888318,-0.513788458446464,11720.273565073874,694.4309422449779,7643.819092698013,3.0,3144,233974.2263651832,5921.043460667244
Region_10,2022-05-30,2570414.1478617135,102.61463784190022,0,0,14.415157422220304,-1.0304123650372672,8432.534732701703,718.2262265673967,9183.72181550701,3.0,3146,213814.54987912573,5973.53382347745
Region_10,2022-06-06,2570414.1478617135,102.76163927100257,0,0,16.255370242388622,-0.892003455496093,9730.210860564466,698.6321579578639,8157.818099349549,3.0,3148,235138.55121078872,5595.423409024421
Region_10,2022-06-13,2570414.1478617135,103.28064305903018,0,0,19.777577131566876,-1.3847282717950091,9378.704521057802,703.217620732954,8155.608156166106,3.0,3150,242207.91523719815,6143.233652741201
Region_10,2022-06-20,2570414.1478617135,103.14776852801819,0,0,17.507478716356836,-1.020154890839335,10419.29290702747,818.4133286003756,8444.493255125399,3.0,3152,243931.61787645644,6192.787955190928
Region_10,2022-06-27,2570414.1478617135,102.65057295836533,0,0,19.300471582009802,-1.2399822804938405,9192.91789842739,560.8595350410797,8743.765161531635,3.0,3154,232728.6378339109,6247.7119514433825
Region_10,2022-07-04,2570414.1478617135,103.5196596140977,0,0,19.27658143158777,-1.0494941800971869,9653.92037180282,565.2735983212268,8381.575080631055,3.0,3156,251553.17945337106,6449.275023696311
Region_10,2022-07-11,2570414.1478617135,103.8627382610003,0,0,17.269275215957077,-1.2463448236503454,12603.453789391715,692.0264412099734,6724.560256350041,3.0,3158,236635.81104313975,6293.328797176929
Region_10,2022-07-18,2570414.1478617135,104.02208348748684,0,0,15.842400825168438,-1.393955522287313,8140.508724600547,699.1011837286487,9578.357187062691,3.0,3160,244228.69939238488,5860.227942315947
Region_10,2022-07-25,2570414.1478617135,104.7473446875523,0,0,15.752402447897875,-1.634246467265576,9882.551388885846,717.5269098075223,8007.937975809349,3.0,3162,224060.20303777984,5881.44544728643
Region_10,2022-08-01,2570414.1478617135,105.13246127446418,1,0,19.261148769011804,-1.4194220091773657,8364.709503985232,722.2869622632307,9536.590707838384,3.0,3164,266397.02741129015,6256.136751217236
Region_10,2022-08-08,2570414.1478617135,105.10849375648388,0,0,16.811477045026574,-1.6058261033932357,10938.548684943706,637.0762698614506,8303.413807415345,3.0,3166,232036.84174489832,6144.765514707292
Region_10,2022-08-15,2570414.1478617135,104.62017832360712,0,0,13.387354288899445,-1.375266476935891,8865.181020903108,768.4072182991772,7814.518679809336,3.0,3168,252077.1399203296,6022.298934304789
Region_10,2022-08-22,2570414.1478617135,104.37351245139496,0,0,16.555922057597222,-1.5538235845543182,9943.520638642636,635.3677082166582,7420.690852212084,3.0,3170,246866.35861062768,5672.811260514503
Region_10,2022-08-29,2570414.1478617135,104.97592405406421,0,0,11.864241072332467,-1.6232490603059249,8104.674069172206,691.443212383741,8516.318875525258,3.0,3172,234529.6286316649,5851.778814526484
Region_10,2022-09-05,2570414.1478617135,105.31696688146918,1,0,12.478599010980208,-1.6125795783181522,11999.580077068433,656.4224215664094,8116.622497431758,3.0,3174,250674.53490075277,6155.413695198816
Region_10,2022-09-12,2570414.1478617135,105.22363357178035,0,0,12.958780655200599,-1.5664330965436521,9994.742137372257,606.7004580454911,8749.716828249944,3.0,3176,229844.40481398153,5469.008795726638
Region_10,2022-09-19,2570414.1478617135,106.10691516902807,0,0,15.695153934153959,-1.8436943969095874,10092.6305406058,638.1306783110903,7056.421885459052,3.0,3178,221764.90364390772,5349.55807258352
Region_10,2022-09-26,2570414.1478617135,106.02830452583267,0,0,12.188295059572884,-1.6325521021191802,11195.365791631406,687.8118062511359,7800.240447117743,4.0,3180,238068.71707837118,6185.303553468386
Region_10,2022-10-03,2570414.1478617135,106.52206350619825,0,0,9.276415398075024,-1.7139538639020007,8194.223067107163,795.0137275505697,9176.292988852703,4.0,3182,239507.7553313391,5889.59058085457
Region_10,2022-10-10,2570414.1478617135,106.63208302984161,0,0,9.078178001972754,-1.550783642710348,9014.977263762285,769.2298308972028,9164.754322153252,4.0,3184,214427.62406568154,6177.548809657764
Region_10,2022-10-17,2570414.1478617135,107.59855954855298,0,0,9.465038510602943,-1.555652123624176,10141.630714018482,834.598359254889,9064.363772185456,4.0,3186,231392.61656489753,6561.597742115542
Region_10,2022-10-24,2570414.1478617135,107.97508229208366,0,0,9.295955839909212,-1.3797159534967067,7590.082261094104,753.5168179971458,9036.947757428847,4.0,3188,243131.8343194048,5760.357523324771
Region_10,2022-10-31,2570414.1478617135,107.99816203269019,0,0,5.910755378511441,-1.5031184778907516,7713.304370149186,1056.9793426154638,9765.200097048642,4.0,3190,253785.13317598263,5644.624123748658
Region_10,2022-11-07,2570414.1478617135,107.90876129330677,0,0,5.127556625660595,-1.739997904853063,8740.359592261922,832.6819863221017,9452.15512039057,4.0,3192,242081.99503615423,6002.155229359181
Region_10,2022-11-14,2570414.1478617135,107.90107504277567,0,1,3.449945975689853,-1.6119404345213872,8331.062794930798,883.3836389880906,10785.55593307761,4.0,3194,240243.50011351818,5916.28354764246
Region_10,2022-11-21,2570414.1478617135,107.53837640720451,0,1,5.009652035548623,-1.7600605852611635,9389.210199570342,767.6333372580558,10337.818888453437,4.0,3196,246679.6291343842,6134.6549529949425
Region_10,2022-11-28,2570414.1478617135,106.8550248384352,0,1,4.955087061993639,-1.3224246503373305,10692.10375442059,760.1048826248106,12310.837168060201,4.0,3198,257480.16410695316,6366.427560870891
Region_10,2022-12-05,2570414.1478617135,107.00939253348979,0,1,0.008324419079697165,-1.3021276396738166,11063.182794673843,1044.6648829462783,15207.90105260571,4.0,3200,283645.17862865125,6354.916359458281
Region_10,2022-12-12,2570414.1478617135,106.7426332768076,1,1,1.9246610377167568,-1.714217023012266,12968.875288498022,665.8282067842554,13388.963152410517,4.0,3202,268317.8143029427,6197.907785969596
Region_10,2022-12-19,2570414.1478617135,106.4745456679849,0,1,0.41229642793498655,-1.8898568090374714,9852.714631546378,825.0520459235346,11572.34663534581,4.0,3204,275921.56479067984,6492.7745138463915
Region_10,2022-12-26,2570414.1478617135,106.43012554971122,0,0,2.2846894426045967,-2.1896481710325486,10117.78231159245,682.9656853691795,10731.319929490612,4.0,3206,228545.2358572328,6357.14489448569
Region_10,2023-01-02,2570414.1478617135,106.45623726890986,0,0,0.14308066332120384,-1.867772536918056,9849.380862391763,830.6276550800701,10797.368604381856,4.0,3208,242422.64971549952,6083.752228725028
Region_10,2023-01-09,2570414.1478617135,106.45992527470231,0,0,0.07811743138642724,-1.6357103590604682,10372.736987311302,782.745718601624,10105.800621231645,4.0,3210,225975.509646571,6366.017640424692
Region_10,2023-01-16,2570414.1478617135,107.32907295060653,0,0,3.9177443816580038,-1.6540233478614592,10494.966824255242,736.813951391912,10018.759127814596,4.0,3212,232333.28571066094,5647.415612820916
Region_10,2023-01-23,2570414.1478617135,107.66026268456224,0,0,2.271478855486901,-1.5670012368413684,11352.731148914658,807.1061969822036,11308.352790071542,4.0,3214,222435.08437519334,6496.616653282768
Region_10,2023-01-30,2570414.1478617135,108.71417047372739,1,0,2.826492551624207,-1.5933050697078328,11346.075561833355,649.7523148761081,10847.543347297178,4.0,3216,265762.65447179833,6128.154958940891
Region_10,2023-02-06,2570414.1478617135,108.49467528879512,0,0,4.063656763328254,-1.3351844545024174,10687.1829876186,758.2652272744051,9420.467668530962,4.0,3218,224018.24257686894,5740.081034197523
Region_10,2023-02-13,2570414.1478617135,108.88653561035925,0,0,5.468142457614628,-1.1792349616553188,12399.629636824706,730.8264880933199,10625.072209690341,4.0,3220,214843.3703570492,5986.324297201127
Region_10,2023-02-20,2570414.1478617135,108.69482934004432,0,0,4.067129485210861,-0.9692422503885398,9925.966874009855,628.7923438273293,10619.65237580852,4.0,3222,213056.11198073486,6393.890851123384
Region_10,2023-02-27,2570414.1478617135,108.41426341108188,0,0,4.861010120649945,-1.0267960444424038,9019.649958178425,831.2960452135953,8897.046038099545,4.0,3224,231791.87301846241,5870.345214731983
Region_10,2023-03-06,2570414.1478617135,109.48703472428505,0,0,5.69411483288868,-1.216263985853147,9243.623136213431,645.5196207887551,11498.592710749508,4.0,3226,226321.9937940174,6227.225496804843
Region_10,2023-03-13,2570414.1478617135,109.1029605895874,0,0,8.785424246653402,-1.0167450603458854,9730.501669154892,674.788341811214,10482.835554236965,4.0,3228,239505.46322481814,6354.6981054937305
Region_10,2023-03-20,2570414.1478617135,107.9870935879761,0,0,7.983271991303336,-0.5513429557316254,8403.055744156178,669.7027524636385,9049.979790745103,4.0,3230,229181.68059617464,6081.4002609103445
Region_10,2023-03-27,2570414.1478617135,107.63311893339367,0,0,8.599059090096386,-0.2195398240515944,9017.215168278111,642.8257495625172,8663.997646278995,4.0,3232,245427.99879600495,5800.345620210839
Region_10,2023-04-03,2570414.1478617135,106.62895710251999,0,0,10.58634464780231,0.2549577871124516,8332.512544245084,828.5417886960018,9410.999963130655,4.0,3234,229026.89861781828,6080.742530610592
Region_10,2023-04-10,2570414.1478617135,106.15329485198407,0,0,13.711174741710686,0.30356734177464695,10409.6651941466,827.4161395680131,9166.739131358,4.0,3236,245569.5276271514,5655.018015835141
Region_10,2023-04-17,2570414.1478617135,105.72396194155907,1,0,12.02595003069332,0.012570014071520808,10425.073789487124,756.367310402081,8582.139840948777,4.0,3238,236147.9864281018,5879.702235293042
Region_10,2023-04-24,2570414.1478617135,105.74160282398485,0,0,12.432668259322256,-0.2517861338098219,7582.200241792168,758.7895105748148,7137.709896338512,4.0,3240,215346.4597055691,5709.624799721555
Region_10,2023-05-01,2570414.1478617135,104.71680451034464,0,0,16.632283153335585,0.162084819844296,8962.313165251877,815.3162892669977,9910.27246426158,4.0,3242,224154.2325490809,6035.381333221443
Region_10,2023-05-08,2570414.1478617135,105.31478062338522,0,0,16.5392204372261,-0.3964982367167834,12999.605460476738,702.3611236677665,8243.245018156325,4.0,3244,219696.20611984105,5647.2004093470605
Region_10,2023-05-15,2570414.1478617135,104.37689599168125,0,0,17.082218775673386,0.05492877498509552,10865.663528229295,802.616720276956,7597.083561583714,4.0,3246,219429.6610818935,6046.059900361095
Region_10,2023-05-22,2570414.1478617135,104.31302058035432,0,0,15.237055854042564,-0.18136162587699906,10583.446784153113,753.2806298582323,7605.270627660823,4.0,3248,237903.01994124748,6338.297546367252
Region_10,2023-05-29,2570414.1478617135,104.15094317486049,0,0,15.684129251008292,0.3956553646298184,8948.650084235067,698.569320836677,8348.137671222446,4.0,3250,231134.5929658791,6372.827409307887
Region_10,2023-06-05,2570414.1478617135,104.56361835481114,0,0,14.33241652517547,0.37447482712550634,10321.540932014823,706.0546166168133,7778.364193118057,4.0,3252,235449.40659852524,5641.646943318392
Region_10,2023-06-12,2570414.1478617135,104.7393899922615,0,0,18.92750527326469,0.5912460738024126,9864.7144487459,623.0581857736854,8428.928148066228,4.0,3254,240168.5194262191,5829.258065534271
Region_10,2023-06-19,2570414.1478617135,105.33282645289188,0,0,17.88303026496582,1.3067599932822853,8772.560519483897,663.9495542383279,8608.101281060308,4.0,3256,214198.28562226085,6294.478922272866
Region_10,2023-06-26,2570414.1478617135,105.15209980690287,0,0,15.240339177237141,1.2077156529655895,9180.413600680611,601.8990076211985,7270.049788400863,4.0,3258,238832.56977445656,6205.10728823862
Region_10,2023-07-03,2570414.1478617135,104.91972644206884,0,0,19.80277140311816,1.1036357460342179,9211.49967439785,610.6271050407363,7219.013901198212,4.0,3260,218191.48086539246,5790.794706516667
Region_10,2023-07-10,2570414.1478617135,105.12612193459542,0,0,17.43564456143008,0.8951839863120001,7907.721536225195,745.8269895635066,8805.58609894155,4.0,3262,225655.95661285945,5858.536606911242
Region_10,2023-07-17,2570414.1478617135,105.64072287435933,1,0,17.446413878353226,0.5946490055522942,8106.008615411641,604.631457236249,7261.69255294025,4.0,3264,223626.79512811897,5986.90140464579
Region_10,2023-07-24,2570414.1478617135,106.05325742240035,0,0,15.210675995981722,0.4957017091817166,9594.791157485022,690.1990169679241,8012.7360104829195,4.0,3266,238243.02918733502,5452.016960034458
Region_10,2023-07-31,2570414.1478617135,106.21416452913415,1,0,17.821945866135312,0.329249450474135,8705.377752889783,723.4211504858166,6577.941917296739,4.0,3268,225367.43996392112,6124.236196332383
Region_10,2023-08-07,2570414.1478617135,106.33049578026805,0,0,17.3365259658145,-0.04582763876553303,9449.888669674652,754.4789937682476,8249.861121361882,4.0,3270,218077.78661882255,6330.3442336389935
Region_10,2023-08-14,2570414.1478617135,106.31235121836781,0,0,15.916104655784823,-0.10897197121892416,7770.175528581135,672.1944782449381,8627.798913160903,4.0,3272,219124.8510372591,5912.831478814028
Region_10,2023-08-21,2570414.1478617135,106.51731630060878,0,0,14.677624365098385,0.02596399961059881,11148.885993083572,739.2151389716385,8206.809903257816,4.0,3274,230495.69518858864,5603.801460563365
Region_10,2023-08-28,2570414.1478617135,107.53478352284839,1,0,18.484219431604885,-0.24280762066797018,13507.061154003226,739.3932345176836,7498.101835218667,4.0,3276,242773.59750259013,6424.176041064076
Region_10,2023-09-04,2570414.1478617135,107.41349683206994,0,0,11.912733772402078,-0.29154256208595275,11533.432837001277,781.4012079690117,6764.45084505572,4.0,3278,240554.25090638688,6096.97150130931
Region_10,2023-09-11,2570414.1478617135,107.23125175136224,0,0,11.754683608045225,0.13040878028360992,11713.25240738838,609.3398101830519,7704.38852542638,4.0,3280,229958.30167274753,6228.191827876025
Region_10,2023-09-18,2570414.1478617135,107.01072381838564,0,0,12.976910421065567,-0.29545056207111564,10859.703972523694,737.9494575088917,7967.506944681815,4.0,3282,243859.7550116729,5637.586312574229
Region_10,2023-09-25,2570414.1478617135,107.20541019744685,0,0,9.4426335370479,0.28404961410986695,10288.004008159358,845.035981838084,8028.538227883448,4.0,3284,238680.51890408716,5678.089226475103
Region_10,2023-10-02,2570414.1478617135,106.14453756289838,0,0,8.367689625170792,0.08184254221856663,10015.352002390548,856.9089044378835,8372.99427177561,4.0,3286,224109.04965550808,6197.313321612355
Region_10,2023-10-09,2570414.1478617135,106.07700671133121,1,0,10.732984527601412,0.14211377257632685,8618.936394697455,863.4966898628282,8298.487226110019,4.0,3288,242069.21608783744,6392.938595315485
Region_10,2023-10-16,2570414.1478617135,106.5173301369562,0,0,8.993262273110872,0.5258627222852841,10964.349391325117,795.209132334058,10090.312671130217,4.0,3290,254566.2106311113,5765.210433877721
Region_10,2023-10-23,2570414.1478617135,106.25421474002509,1,0,7.889367869301136,1.0011647866021345,10867.176853281118,815.4412072205752,8632.876685268813,4.0,3292,266659.07541360176,6043.94206027389
Region_10,2023-10-30,2570414.1478617135,106.34756705493201,0,0,6.554951897206198,1.142110997686191,9222.897429032671,832.6064637406158,8103.498946630525,4.0,3294,246056.99154448055,5623.815204687494
Region_10,2023-11-06,2570414.1478617135,107.40223478658524,0,0,4.417251931570471,0.9337593423536994,10697.83402445396,819.5315689917882,9372.669085351516,4.0,3296,247014.1820000084,5881.992354458056
Region_10,2023-11-13,2570414.1478617135,107.56803472407461,0,1,4.31601207839543,0.6989159605225622,8908.883151549991,943.2340334210224,12423.778428863792,4.0,3298,268631.66630912246,6061.267983173073
Region_10,2023-11-20,2570414.1478617135,106.44842141343106,1,1,3.8933017917369335,0.5264482349562676,8994.401926341407,918.9719515775241,9451.840541484038,4.0,3300,281723.1051422711,6269.385305472176
Region_10,2023-11-27,2570414.1478617135,105.74347923015242,0,1,4.68545360258384,1.0932251979956038,11105.122443685572,817.0086540980245,12561.626950657732,4.0,3302,264456.3713673326,5553.518786532963
Region_10,2023-12-04,2570414.1478617135,105.61797760444117,0,1,3.555137843154148,0.9782815461707834,10545.716894778085,798.0810933711273,11546.29539901496,4.0,3304,286586.10826059245,6569.129373452453
Region_10,2023-12-11,2570414.1478617135,105.216064650335,0,1,1.1281048602042314,1.0753697699675644,9548.165391237031,786.4162480690908,11301.027557930502,4.0,3306,258124.57889938224,6137.516268115071
Region_10,2023-12-18,2570414.1478617135,105.26775625323533,0,1,3.416778802229894,0.7622426017681989,9383.855922438468,976.2151036650134,12131.148680758644,4.0,3308,268432.5236904502,6619.836715291989
Region_10,2023-12-25,2570414.1478617135,105.12046824209445,0,0,-0.45943006768717876,0.4153394326954481,10148.81138104605,777.637864184315,13895.980153340335,4.0,3310,220378.07125984447,6436.338320212271
